airport_name,iata_code,country_code,city,airport_type,latitude,longitude
Ocean Reef Club Airport,OCA,US,Key Largo,medium_airport,25.325399,-80.274803
Aleknagik / New Airport,WKK,US,Aleknagik,medium_airport,59.2826004028,-158.617996216
Burton-Nibbs International Airport,BBQ,AG,Codrington,medium_airport,17.621194,-61.798347
Honiara International Airport,HIR,SB,Honiara,large_airport,-9.428,160.054993
Munda Airport,MUA,SB,Munda,medium_airport,-8.32797,157.263
(Duplicate)Vlora International Airport,VLO,AL,Vlorë,large_airport,40.605556,19.426111
Nauru International Airport,INU,NR,Yaren,medium_airport,-0.547893,166.919525
(Duplicate)Wolf's Fang Runway,WFR,AQ,Queen Maud Island,medium_airport,-71.5264,8.799459
Alxa Left Banner Bayanhot Airport,AXF,CN,Bayanhot,medium_airport,38.748317,105.58416
Baimuru Airport,VMU,PG,Baimuru,medium_airport,-7.496955,144.821756
Buka Airport,BUA,PG,Buka Island,medium_airport,-5.422299,154.672698
Balimo Airport,OPU,PG,Balimo,medium_airport,-8.05000019073,142.932998657
Chimbu Airport,CMU,PG,Kundiawa,medium_airport,-6.024290084838867,144.9709930419922
Daru Airport,DAU,PG,Daru,medium_airport,-9.08676,143.207993
Goroka Airport,GKA,PG,Goronka,medium_airport,-6.081689834590001,145.391998291
Gurney Airport,GUR,PG,Gurney,medium_airport,-10.3114995956,150.333999634
Girua Airport,PNP,PG,Popondetta,medium_airport,-8.80453968048,148.309005737
Hoskins Airport,HKN,PG,Kimbe,medium_airport,-5.463846,150.407327
Kerema Airport,KMA,PG,Kerema,medium_airport,-7.96361017227,145.770996094
Kavieng Airport,KVG,PG,Kavieng,medium_airport,-2.57940006256,150.807998657
Madang Airport,MAG,PG,Madang,medium_airport,-5.20707988739,145.789001465
Mount Hagen Kagamuga Airport,HGU,PG,Mount Hagen,medium_airport,-5.828212,144.299412
Mendi Airport,MDU,PG,Mendi,medium_airport,-6.14774,143.656998
Momote Airport,MAS,PG,Manus Island,medium_airport,-2.06189,147.423996
Nadzab Tomodachi International Airport,LAE,PG,Lae,large_airport,-6.567995,146.726544
Port Moresby Jacksons International Airport,POM,PG,Port Moresby,large_airport,-9.44338035583496,147.22000122070312
Tokua Airport,RAB,PG,Kokopo,medium_airport,-4.34046,152.380005
Vanimo Airport,VAI,PG,Vanimo,medium_airport,-2.6926,141.3028
Wapenamanda Airport,WBM,PG,Wapenamanda,medium_airport,-5.635293,143.892231
Wewak International Airport,WWK,PG,Wewak,medium_airport,-3.58383011818,143.669006348
Zabrat Airport,ZXT,AZ,Zabrat,medium_airport,40.494884,49.977065
Benguera Island Airport,BCW,MZ,Benguera Island,medium_airport,-21.8533,35.438301
Bezmer Air Base,JAM,BG,Bezmer,medium_airport,42.454899,26.3522
Aasiaat Airport,JEG,GL,Aasiaat,medium_airport,68.721802,-52.784698
Narsarsuaq Airport,UAK,GL,Narsarsuaq,medium_airport,61.1605,-45.425999
Neerlerit Inaat Airport,CNP,GL,Neerlerit Inaat,medium_airport,70.743103,-22.650499
Nuuk International Airport,GOH,GL,Nuuk,large_airport,64.191066,-51.67914
Ilulissat Airport,JAV,GL,Ilulissat,medium_airport,69.243202,-51.057098
Kulusuk Airport,KUS,GL,Kulusuk,medium_airport,65.573601,-37.1236
Qaanaaq Airport,NAQ,GL,Qaanaaq,medium_airport,77.488602,-69.388702
Kangerlussuaq International Airport,SFJ,GL,Kangerlussuaq,medium_airport,67.010446,-50.715294
Sisimiut Airport,JHS,GL,Sisimiut,medium_airport,66.951302,-53.729301
Pituffik Space Base,THU,GL,Pituffik,medium_airport,76.53063,-68.700541
Akureyri International Airport,AEY,IS,Akureyri,large_airport,65.656573,-18.072018
Bildudalur Airport,BIU,IS,Bildudalur,medium_airport,65.641296,-23.5462
Egilsstaðir Airport,EGS,IS,Egilsstaðir,medium_airport,65.2833023071289,-14.401399612426758
Grímsey Airport,GRY,IS,Grímsey/Sandvík,medium_airport,66.5458,-18.0173
Hornafjörður Airport,HFN,IS,Höfn,medium_airport,64.295601,-15.2272
Húsavík Airport,HZK,IS,Húsavík,medium_airport,65.952301,-17.426001
Ísafjörður Airport,IFJ,IS,Ísafjörður,medium_airport,66.058098,-23.1353
Keflavik International Airport,KEF,IS,Reykjavík,large_airport,63.985001,-22.6056
Reykjavík Domestic Airport,RKV,IS,Reykjavík,medium_airport,64.128732,-21.93759
Mývatn Airport,MVA,IS,Myvatn,medium_airport,65.6558,-16.9181
Siglufjörður Airport,SIJ,IS,Siglufjörður,medium_airport,66.137847,-18.908157
Vestmannaeyjar Airport,VEY,IS,Vestmannaeyjar,medium_airport,63.42430114746094,-20.278900146484375
Vopnafjörður Airport,VPN,IS,Vopnafjörður,medium_airport,65.720596,-14.8506
Priština Adem Jashari International Airport,PRN,XK,Prishtina,large_airport,42.5728,21.035801
Glauber de Andrade Rocha Airport,VDC,BR,Vitória da Conquista,medium_airport,-14.907885,-40.914804
Betong International Airport,BTZ,TH,Betong,medium_airport,5.79,101.15
Orsha Airport - Balbasovo Air Base,TXC,BY,Orsha,medium_airport,54.439999,30.2967
Caye Caulker Airport,CUK,BZ,Caye Caulker,medium_airport,17.735015,-88.032862
Caye Chapel Airport,CYC,BZ,Caye Chapel,medium_airport,17.683792,-88.044985
Corozal Airport,CZH,BZ,Corozal,medium_airport,18.3822,-88.411903
Dangriga Airport,DGA,BZ,Dangriga,medium_airport,16.98251,-88.230988
Sartaneja Airport,SJX,BZ,Sartaneja,medium_airport,18.3561,-88.130798
John Greif II Airport,SPR,BZ,San Pedro,medium_airport,17.9139,-87.9711
Sir Barry Bowen Municipal Airport,TZA,BZ,Belize City,medium_airport,17.517239,-88.195775
Bazaruto Island Airport,BZB,MZ,Bazaruto Island,medium_airport,-21.5411,35.4729
Anahim Lake Airport,YAA,CA,Anahim Lake,medium_airport,52.451501,-125.303776
Qualicum Beach Airport,XQU,CA,Qualicum Beach,medium_airport,49.337456,-124.393086
Cache Creek-Ashcroft Regional Airport,YZA,CA,Cache Creek,medium_airport,50.775258,-121.321314
Bella Bella (Campbell Island) Airport,ZEL,CA,Bella Bella,medium_airport,52.185001,-128.156994
Bazhong Enyang Airport,BZX,CN,Bazhong,medium_airport,31.73842,106.644872
Shaoguan Danxia Airport,HSC,CN,Shaoguan,medium_airport,24.9786,113.420998
Jinggangshan Airport,JGS,CN,Ji'an,medium_airport,26.856899,114.737
Jiaxing Nanhu Airport,JNH,CN,"Xiuzhou, Hangzhou",medium_airport,30.698056,120.663056
Wuhan Hannan Municipal Airport,WHN,CN,Wuhan (Hannan),medium_airport,30.25521,114.062805
Rikaze Dingri Airport,DDR,CN,Xigazê (Dingri),medium_airport,28.604567,86.798
Tashikuergan Hongqilafu Airport,HQL,CN,Tashikuergan,medium_airport,37.661333,75.288877
Jiande Qiandaohu General Airport,JDE,CN,Hangzhou,medium_airport,29.360905,119.180829
Ali Pulan Airport,APJ,CN,Burang Town,medium_airport,30.397898,81.13317
Zhaotong Zhaoyang Airport （Not fully opened),ZAT,CN,Zhaotong,medium_airport,27.205843,103.691511
Bengbu Tenghu Airport,BFY,CN,Bengbu,medium_airport,33.166292,117.058344
Fort Frances Municipal Airport,YAG,CA,Fort Frances,medium_airport,48.655749,-93.44349
La Grande-4 Airport,YAH,CA,La Grande-4,medium_airport,53.754699707,-73.6753005981
Sault Ste Marie Airport,YAM,CA,Sault Ste Marie,medium_airport,46.483216,-84.508467
Kasabonika Airport,XKS,CA,Kasabonika,medium_airport,53.52470016479492,-88.6427993774414
St. Anthony Airport,YAY,CA,St. Anthony,medium_airport,51.391909,-56.08321
Tofino / Long Beach Airport,YAZ,CA,Tofino,medium_airport,49.079833,-125.775583
Baie-Comeau Airport,YBC,CA,Baie-Comeau,medium_airport,49.1325,-68.204399
Bella Coola Airport,QBC,CA,Bella Coola,medium_airport,52.387501,-126.596001
Bonnyville Airport,YBY,CA,Bonnyville,medium_airport,54.304199,-110.744003
Saguenay-Bagotville Airport,YBG,CA,Saguenay,medium_airport,48.330123,-70.992012
Baker Lake Airport,YBK,CA,Baker Lake,medium_airport,64.29889678960001,-96.077796936
Campbell River Airport,YBL,CA,Campbell River,medium_airport,49.950802,-125.271004
Brandon Municipal Airport,YBR,CA,Brandon,medium_airport,49.91,-99.951897
Lourdes-de-Blanc-Sablon Airport,YBX,CA,Blanc-Sablon,medium_airport,51.4436,-57.185299
Cambridge Bay Airport,YCB,CA,Cambridge Bay,medium_airport,69.1081008911,-105.138000488
Cornwall Regional Airport,YCC,CA,Cornwall,medium_airport,45.092637,-74.567724
Nanaimo Airport,YCD,CA,Nanaimo,medium_airport,49.05497,-123.869863
Centralia / James T. Field Memorial Aerodrome,YCE,CA,Huron Park,medium_airport,43.285599,-81.508301
Castlegar/West Kootenay Regional Airport,YCG,CA,Castlegar,medium_airport,49.296398,-117.632004
Miramichi Airport,YCH,CA,Miramichi,medium_airport,47.007801,-65.449203
Charlo Airport,YCL,CA,Charlo,medium_airport,47.990799,-66.330299
Cochrane Airport,YCN,CA,Cochrane,medium_airport,49.10559844970703,-81.01360321044922
Chetwynd Airport,YCQ,CA,Chetwynd,medium_airport,55.687198638916016,-121.6269989013672
Dawson City Airport,YDA,CA,Dawson City,medium_airport,64.04309844970703,-139.1280059814453
Burwash Airport,YDB,CA,Burwash Landing,medium_airport,61.371101,-139.041
Deer Lake Airport,YDF,CA,Deer Lake,medium_airport,49.208159,-57.396147
Ross River Airport,XRR,CA,Ross River,medium_airport,61.9706001282,-132.42300415
Dauphin Barker Airport,YDN,CA,Dauphin,medium_airport,51.1008,-100.052002
Dolbeau-Saint-Felicien Airport,YDO,CA,Dolbeau-Saint-Felicien,medium_airport,48.7785,-72.375
Dawson Creek Airport,YDQ,CA,Dawson Creek,medium_airport,55.741245,-120.183263
Edmonton International Airport,YEG,CA,Edmonton,large_airport,53.3097,-113.580002
Elliot Lake Municipal Airport,YEL,CA,Elliot Lake,medium_airport,46.351398468,-82.5614013672
Manitoulin East Municipal Airport,YEM,CA,Sheguiandah,medium_airport,45.842435,-81.857595
Estevan Airport,YEN,CA,Estevan,medium_airport,49.2103004456,-102.966003418
Edson Airport,YET,CA,Edson,medium_airport,53.578899383499994,-116.464996338
Inuvik Mike Zubko Airport,YEV,CA,Inuvik,medium_airport,68.30419921880001,-133.483001709
Amos/Magny Airport,YEY,CA,Amos,medium_airport,48.563903,-78.249702
Iqaluit Airport,YFB,CA,Iqaluit,medium_airport,63.756402,-68.555801
Fredericton International Airport,YFC,CA,Fredericton,medium_airport,45.868697,-66.529891
Forestville Airport,YFE,CA,Forestville,medium_airport,48.74610137939453,-69.09719848632812
Mont-Tremblant International Airport,YTM,CA,La Macaza,medium_airport,46.409401,-74.779999
Fort Resolution Airport,YFR,CA,Fort Resolution,medium_airport,61.1808013916,-113.690002441
Fort Simpson Airport,YFS,CA,Fort Simpson,medium_airport,61.76020050048828,-121.23699951171876
Kingston Norman Rogers Airport,YGK,CA,Kingston,medium_airport,44.2253,-76.596901
La Grande Rivière Airport,YGL,CA,La Grande Rivière,medium_airport,53.625301361083984,-77.7042007446289
Gimli Industrial Park Airport,YGM,CA,Gimli,medium_airport,50.62810134887695,-97.04329681396484
Michel-Pouliot Gaspé Airport,YGP,CA,Gaspé,medium_airport,48.774915,-64.481893
Geraldton Greenstone Regional Airport,YGQ,CA,Geraldton,medium_airport,49.77830123901367,-86.93939971923828
Îles-de-la-Madeleine Airport,YGR,CA,Les Îles-de-la-Madeleine,medium_airport,47.425242,-61.778612
Havre-Saint-Pierre Airport,YGV,CA,Havre-Saint-Pierre,medium_airport,50.281898,-63.611401
Kuujjuarapik Airport,YGW,CA,Kuujjuarapik,medium_airport,55.28189849853515,-77.76529693603516
Dryden Regional Airport,YHD,CA,Dryden,medium_airport,49.831699,-92.744202
Hearst René Fontaine Municipal Airport,YHF,CA,Hearst,medium_airport,49.71419906616211,-83.68609619140625
John C. Munro Hamilton International Airport,YHM,CA,Hamilton,medium_airport,43.17348,-79.931185
Hornepayne Municipal Airport,YHN,CA,Hornepayne,medium_airport,49.19309997558594,-84.75890350341797
Haines Junction Airport,YHT,CA,Haines Junction,medium_airport,60.7892,-137.546005
Montréal / Saint-Hubert Metropolitan Airport,YHU,CA,Montréal,medium_airport,45.517502,-73.416901
Hay River / Merlyn Carter Airport,YHY,CA,Hay River,medium_airport,60.8396987915,-115.782997131
Halifax / Stanfield International Airport,YHZ,CA,Halifax,large_airport,44.8807983398,-63.5085983276
Atikokan Municipal Airport,YIB,CA,Atikokan,medium_airport,48.773899,-91.638603
Digby / Annapolis Regional Airport,YDG,CA,Digby,medium_airport,44.5458450365,-65.7854247093
St Augustin Airport,YIF,CA,St-Augustin,medium_airport,51.2117,-58.658298
Island Lake Airport,YIV,CA,Island Lake,medium_airport,53.857200622558594,-94.65360260009766
Fort Liard Airport,YJF,CA,Fort Liard,medium_airport,60.2358016968,-123.46900177
St Jean Airport,YJN,CA,St Jean,medium_airport,45.29439926147461,-73.28109741210938
Stephenville Dymond International Airport,YJT,CA,Stephenville,medium_airport,48.54339,-58.552892
Kamloops John Moose Fulton Field Regional Airport,YKA,CA,Kamloops,medium_airport,50.703038,-120.448641
Region of Waterloo International Airport,YKF,CA,Breslau,medium_airport,43.4608,-80.378601
Key Lake Airport,YKJ,CA,Key Lake,medium_airport,57.256099700927734,-105.61799621582033
Schefferville Airport,YKL,CA,Schefferville,medium_airport,54.805301666259766,-66.8052978515625
Kincardine Municipal Airport,YKD,CA,Kincardine,medium_airport,44.201401,-81.606697
Kirkland Lake Airport,YKX,CA,Kirkland Lake,medium_airport,48.21030044555664,-79.98139953613281
Kindersley Airport,YKY,CA,Kindersley,medium_airport,51.5175018311,-109.180999756
Chapleau Airport,YLD,CA,Chapleau,medium_airport,47.81999969482422,-83.3467025756836
Meadow Lake Airport,YLJ,CA,Meadow Lake,medium_airport,54.125301361083984,-108.52300262451172
Lloydminster Airport,YLL,CA,Lloydminster,medium_airport,53.3092,-110.072998
Leaf Rapids Airport,YLR,CA,Leaf Rapids,medium_airport,56.513301849365234,-99.98529815673828
Barrie-Lake Simcoe Regional Airport,YLK,CA,Barrie,medium_airport,44.485056,-79.554663
Alert Airport,YLT,CA,Alert,medium_airport,82.517263,-62.283037
Kelowna International Airport,YLW,CA,Kelowna,large_airport,49.9561,-119.377998
Mayo Airport,YMA,CA,Mayo,medium_airport,63.61640167236328,-135.8679962158203
Matane Airport,YME,CA,Matane,medium_airport,48.85689926147461,-67.45330047607422
Manitouwadge Airport,YMG,CA,Manitouwadge,medium_airport,49.08390045166016,-85.86060333251953
Moose Jaw Air Vice Marshal C. M. McEwen Airport,YMJ,CA,Moose Jaw,medium_airport,50.330299377441406,-105.55899810791016
Charlevoix Airport,YML,CA,Charlevoix,medium_airport,47.59749984741211,-70.2238998413086
Fort McMurray International Airport,YMM,CA,Fort McMurray,medium_airport,56.653301,-111.222
Moosonee Airport,YMO,CA,Moosonee,medium_airport,51.29109954833984,-80.60780334472656
Chapais Airport,YMT,CA,Chibougamau,medium_airport,49.77190017700195,-74.5280990600586
Montreal Mirabel International Airport,YMX,CA,Montréal,medium_airport,45.679501,-74.038696
Natashquan Airport,YNA,CA,Natashquan,medium_airport,50.190114,-61.78898
Ottawa / Gatineau Airport,YND,CA,Gatineau,medium_airport,45.521702,-75.563599
Langley Airport,YLY,CA,Langley,medium_airport,49.1008,-122.630997
Points North Landing Airport,YNL,CA,Points North Landing,medium_airport,58.27669906616211,-104.08200073242188
Matagami Airport,YNM,CA,Matagami,medium_airport,49.76169967651367,-77.80280303955078
Ekati Airport,YOA,CA,Ekati,medium_airport,64.6988983154,-110.614997864
CFB Cold Lake,YOD,CA,Cold Lake,medium_airport,54.404998779296875,-110.27899932861328
High Level Airport,YOJ,CA,High Level,medium_airport,58.62139892578125,-117.16500091552734
Oshawa Executive Airport,YOO,CA,Oshawa,medium_airport,43.922798,-78.894997
Rainbow Lake Airport,YOP,CA,Rainbow Lake,medium_airport,58.491402,-119.407997
Owen Sound / Billy Bishop Regional Airport,YOS,CA,Owen Sound,medium_airport,44.5903015137,-80.8375015259
Ottawa Macdonald-Cartier International Airport,YOW,CA,Ottawa,large_airport,45.322498,-75.669197
Prince Albert Glass Field,YPA,CA,Prince Albert,medium_airport,53.2141990662,-105.672996521
Port Hawkesbury Airport,YPS,CA,Port Hawkesbury,medium_airport,45.6567001343,-61.3680992126
Peace River Airport,YPE,CA,Peace River,medium_airport,56.226898,-117.446999
Portage-la-Prairie / Southport Airport,YPG,CA,Portage la Prairie,medium_airport,49.903099,-98.273817
Pickle Lake Airport,YPL,CA,Pickle Lake,medium_airport,51.4463996887207,-90.21420288085938
Port-Menier Airport,YPN,CA,Port-Menier,medium_airport,49.836399,-64.288597
Peterborough Regional Airport,YPQ,CA,Peterborough,medium_airport,44.232251,-78.362053
Prince Rupert Airport,YPR,CA,Prince Rupert,medium_airport,54.2860984802,-130.445007324
Powell River Airport,YPW,CA,Powell River,medium_airport,49.83420181274414,-124.5
Puvirnituq Airport,YPX,CA,Puvirnituq,medium_airport,60.050598,-77.286903
Fort Chipewyan Airport,YPY,CA,Fort Chipewyan,medium_airport,58.7672004699707,-111.11699676513672
Burns Lake Airport,YPZ,CA,Burns Lake,medium_airport,54.3764,-125.950996
Muskoka Airport,YQA,CA,Gravenhurst,medium_airport,44.975376,-79.306546
Quebec Jean Lesage International Airport,YQB,CA,Quebec,large_airport,46.7911,-71.393303
The Pas Airport,YQD,CA,The Pas,medium_airport,53.97140121459961,-101.09100341796876
Red Deer Regional Airport,YQF,CA,Springbrook,medium_airport,52.182201,-113.893997
Windsor International Airport,YQG,CA,Windsor,medium_airport,42.2756,-82.955597
Watson Lake Airport,YQH,CA,Watson Lake,medium_airport,60.116839,-128.821993
Yarmouth Airport,YQI,CA,Yarmouth,medium_airport,43.826900482177734,-66.08809661865234
Kenora Airport,YQK,CA,Kenora,medium_airport,49.788299560546875,-94.36309814453124
Lethbridge County Airport,YQL,CA,Lethbridge,medium_airport,49.6302986145,-112.800003052
Greater Moncton Roméo LeBlanc International Airport,YQM,CA,Moncton,medium_airport,46.113189,-64.67719
Nakina Airport,YQN,CA,Nakina,medium_airport,50.18280029296875,-86.69640350341797
Comox Valley International Airport / CFB Comox,YQQ,CA,Comox,medium_airport,49.7108,-124.887001
Regina International Airport,YQR,CA,Regina,medium_airport,50.431938,-104.660906
St Thomas Municipal Airport,YQS,CA,St Thomas,medium_airport,42.77000045776367,-81.11080169677734
Thunder Bay International Airport,YQT,CA,Thunder Bay,medium_airport,48.371899,-89.323898
Grande Prairie Airport,YQU,CA,Grande Prairie,medium_airport,55.1796989441,-118.885002136
Yorkton Municipal Airport,YQV,CA,Yorkton,medium_airport,51.26470184326172,-102.46199798583984
North Battleford Airport,YQW,CA,North Battleford,medium_airport,52.769409,-108.243742
Gander International Airport,YQX,CA,Gander,medium_airport,48.936258,-54.567719
Sydney / J.A. Douglas McCurdy Airport,YQY,CA,Sydney,medium_airport,46.161072,-60.049759
Quesnel Airport,YQZ,CA,Quesnel,medium_airport,53.026100158691406,-122.51000213623048
Resolute Bay Airport,YRB,CA,Resolute Bay,medium_airport,74.7169036865,-94.9693984985
Rivière-du-Loup Airport,YRI,CA,Rivière-du-Loup,medium_airport,47.764400482177734,-69.58470153808594
Roberval Airport,YRJ,CA,Roberval,medium_airport,48.519665,-72.265735
Red Lake Airport,YRL,CA,Red Lake,medium_airport,51.066898345947266,-93.79309844970705
Ottawa / Rockcliffe Airport,YRO,CA,Ottawa,medium_airport,45.460496,-75.644001
Trois-Rivières Airport,YRQ,CA,Trois-Rivières,medium_airport,46.35279846191406,-72.67939758300781
Rankin Inlet Airport,YRT,CA,Rankin Inlet,medium_airport,62.8114013672,-92.1157989502
Revelstoke Airport,YRV,CA,Revelstoke,medium_airport,50.962245,-118.184258
Sudbury Airport,YSB,CA,Sudbury,medium_airport,46.625,-80.79889678955078
Sherbrooke Airport,YSC,CA,Sherbrooke,medium_airport,45.438599,-71.691399
Stony Rapids Airport,YSF,CA,Stony Rapids,medium_airport,59.250301361083984,-105.84100341796876
Smiths Falls-Montague (Russ Beach) Airport,YSH,CA,Smiths Falls,medium_airport,44.945801,-75.940598
Saint John Airport,YSJ,CA,Saint John,medium_airport,45.31610107421875,-65.89029693603516
Saint-Léonard Airport,YSL,CA,Saint-Léonard,medium_airport,47.157097,-67.836242
Fort Smith Airport,YSM,CA,Fort Smith,medium_airport,60.020302,-111.961998
Niagara District Airport,YCM,CA,Niagara-on-the-Lake,medium_airport,43.191598,-79.171686
Marathon Airport,YSP,CA,Marathon,medium_airport,48.75529861450195,-86.34439849853516
Summerside Airport,YSU,CA,Slemon Park,medium_airport,46.440601,-63.833599
Pembroke Airport,YTA,CA,Pembroke,medium_airport,45.86439895629883,-77.25170135498047
Alma Airport,YTF,CA,Alma,medium_airport,48.5089,-71.641899
Thompson Airport,YTH,CA,Thompson,medium_airport,55.80110168457031,-97.86419677734376
CFB Trenton,YTR,CA,Trenton,medium_airport,44.118900299072266,-77.5280990600586
Timmins/Victor M. Power,YTS,CA,Timmins,medium_airport,48.5696983337,-81.376701355
Billy Bishop Toronto City Airport,YTZ,CA,Toronto,medium_airport,43.627852,-79.39553
Montreal / Pierre Elliott Trudeau International Airport,YUL,CA,Montréal,large_airport,45.467837,-73.742294
Hall Beach Airport,YUX,CA,Sanirajak,medium_airport,68.7761,-81.2425
Rouyn Noranda Airport,YUY,CA,Rouyn-Noranda,medium_airport,48.20610046386719,-78.83560180664062
Bonaventure Airport,YVB,CA,Bonaventure,medium_airport,48.071098,-65.460297
La Ronge Airport,YVC,CA,La Ronge,medium_airport,55.1514015198,-105.262001038
Vernon Regional Airport,YVE,CA,Vernon,medium_airport,50.246163,-119.330963
Val-d'Or Airport,YVO,CA,Val-d'Or,medium_airport,48.0532989502,-77.7827987671
Kuujjuaq Airport,YVP,CA,Kuujjuaq,medium_airport,58.096099853515625,-68.4269027709961
Norman Wells Airport,YVQ,CA,Norman Wells,medium_airport,65.28160095214844,-126.7979965209961
Vancouver International Airport,YVR,CA,Vancouver,large_airport,49.193901,-123.183998
Wiarton Airport,YVV,CA,Wiarton,medium_airport,44.7458,-81.107201
Winnipeg / James Armstrong Richardson International Airport,YWG,CA,Winnipeg,large_airport,49.909999847399995,-97.2398986816
Wabush Airport,YWK,CA,Wabush,medium_airport,52.92190170288086,-66.8644027709961
Williams Lake Airport,YWL,CA,Williams Lake,medium_airport,52.1831016541,-122.054000854
Wrigley Airport,YWY,CA,Wrigley,medium_airport,63.20940017700195,-123.43699645996094
Cranbrook/Canadian Rockies International Airport,YXC,CA,Cranbrook,medium_airport,49.610802,-115.781998
Saskatoon John G. Diefenbaker International Airport,YXE,CA,Saskatoon,large_airport,52.170723,-106.700793
Medicine Hat Regional Airport,YXH,CA,Medicine Hat,medium_airport,50.018902,-110.721001
Fort St John / North Peace Regional Airport,YXJ,CA,Fort Saint John,medium_airport,56.238098,-120.739998
Rimouski Airport,YXK,CA,Rimouski,medium_airport,48.477644,-68.496323
Sioux Lookout Airport,YXL,CA,Sioux Lookout,medium_airport,50.11389923095703,-91.9052963256836
Beaver Creek Airport,YXQ,CA,Beaver Creek,medium_airport,62.410301208496094,-140.86700439453125
Earlton (Timiskaming Regional) Airport,YXR,CA,Earlton,medium_airport,47.6974006546,-79.8473453522
Prince George (International) Airport,YXS,CA,Prince George,medium_airport,53.884311,-122.666554
Northwest Regional Airport Terrace-Kitimat,YXT,CA,Terrace,medium_airport,54.468498,-128.576009
London International Airport,YXU,CA,London,medium_airport,43.032845,-81.149003
Abbotsford International Airport,YXX,CA,Abbotsford,medium_airport,49.025299,-122.361
Whitehorse / Erik Nielsen International Airport,YXY,CA,Whitehorse,medium_airport,60.708533,-135.065705
Wawa Airport,YXZ,CA,Wawa,medium_airport,47.96670150756836,-84.78669738769531
North Bay Jack Garland Airport,YYB,CA,North Bay,medium_airport,46.363602,-79.422798
Calgary International Airport,YYC,CA,Calgary,large_airport,51.118822,-114.009933
Smithers Airport,YYD,CA,Smithers,medium_airport,54.82469940185547,-127.18299865722656
Fort Nelson Airport,YYE,CA,Fort Nelson,medium_airport,58.8363990784,-122.597000122
Penticton Airport,YYF,CA,Penticton,medium_airport,49.46310043334961,-119.60199737548828
Charlottetown Airport,YYG,CA,Charlottetown,medium_airport,46.288911,-63.125174
Victoria International Airport,YYJ,CA,Victoria,large_airport,48.647201,-123.427792
Lynn Lake Airport,YYL,CA,Lynn Lake,medium_airport,56.86389923095703,-101.07599639892578
Swift Current Airport,YYN,CA,Swift Current,medium_airport,50.291900634799994,-107.691001892
Churchill Airport,YYQ,CA,Churchill,medium_airport,58.739200592041016,-94.06500244140624
Goose Bay Airport,YYR,CA,Goose Bay,medium_airport,53.3191986084,-60.4258003235
St. John's International Airport,YYT,CA,St. John's,large_airport,47.618599,-52.7519
Kapuskasing Airport,YYU,CA,Kapuskasing,medium_airport,49.411587,-82.469645
Armstrong Airport,YYW,CA,Armstrong,medium_airport,50.29029846191406,-88.90969848632812
Mont Joli Airport,YYY,CA,Mont-Joli,medium_airport,48.60860061645508,-68.20809936523438
Toronto Pearson International Airport,YYZ,CA,Toronto,large_airport,43.675935,-79.629421
Gore Bay Manitoulin Airport,YZE,CA,Gore Bay,medium_airport,45.8853,-82.567802
Yellowknife International Airport,YZF,CA,Yellowknife,medium_airport,62.462799,-114.440002
Slave Lake Airport,YZH,CA,Slave Lake,medium_airport,55.292945,-114.777276
Sandspit Airport,YZP,CA,Sandspit,medium_airport,53.25429916379999,-131.813995361
Chris Hadfield Airport,YZR,CA,Sarnia,medium_airport,42.999401,-82.308899
Coral Harbour Airport,YZS,CA,Coral Harbour,medium_airport,64.1932983398,-83.3593978882
Port Hardy Airport,YZT,CA,Port Hardy,medium_airport,50.68059921264648,-127.36699676513672
Whitecourt Airport,YZU,CA,Whitecourt,medium_airport,54.143902,-115.787003
Sept-Îles Airport,YZV,CA,Sept-Îles,medium_airport,50.22330093383789,-66.2656021118164
Teslin Airport,YZW,CA,Teslin,medium_airport,60.17279815673828,-132.7429962158203
CFB Greenwood,YZX,CA,Greenwood,medium_airport,44.98440170288086,-64.91690063476562
Shuswap Regional Airport,YSN,CA,Salmon Arm,medium_airport,50.682802,-119.228996
Boundary Bay Airport,YDT,CA,Delta,medium_airport,49.074338,-123.006877
Bathurst Airport,ZBF,CA,South Tetagouche,medium_airport,47.6297,-65.738899
Bromont (Roland Désourdy) Airport,ZBM,CA,Bromont,medium_airport,45.290798,-72.741402
Kelsey Airport,KES,CA,Kelsey,medium_airport,56.0374984741,-96.5096969604
Faro Airport,ZFA,CA,Faro,medium_airport,62.20750045776367,-133.37600708007812
Grand Forks Airport,ZGF,CA,Grand Forks,medium_airport,49.015598,-118.431
Jenpeg Airport,ZJG,CA,Jenpeg,medium_airport,54.51890182495117,-98.0460968017578
Swan River Airport,ZJN,CA,Swan River,medium_airport,52.120602,-101.236
Thicket Portage Airport,YTD,CA,Thicket Portage,medium_airport,55.31890106201172,-97.70780181884766
Pikwitonei Airport,PIW,CA,Pikwitonei,medium_airport,55.58890151977539,-97.16419982910156
Masset Airport,ZMT,CA,Masset,medium_airport,54.0275,-132.125
Pincher Creek Airport,WPC,CA,Pincher Creek,medium_airport,49.520429,-113.997002
Sandy Lake Airport,ZSJ,CA,Sandy Lake,medium_airport,53.06420135498047,-93.34439849853516
Stewart Airport,ZST,CA,Stewart,medium_airport,55.935410448,-129.982434511
Ignace Municipal Airport,ZUC,CA,Ignace,medium_airport,49.428204,-91.720418
Bou Saada Airport,BUJ,DZ,Ouled Sidi Brahim,medium_airport,35.3325,4.20639
Soummam–Abane Ramdane Airport,BJA,DZ,Béjaïa,large_airport,36.712547,5.069909
Houari Boumediene Airport,ALG,DZ,Algiers,large_airport,36.693886,3.214531
Tiska Djanet Airport,DJG,DZ,Djanet,large_airport,24.285448,9.463652
Illizi Takhamalt Airport,VVZ,DZ,Illizi,medium_airport,26.723499,8.62265
Ain Arnat Airport,QSF,DZ,Sétif,medium_airport,36.178488,5.329909
Aguenar – Hadj Bey Akhamok Airport,TMR,DZ,Tamanrasset,large_airport,22.810992,5.450832
Jijel Ferhat Abbas Airport,GJL,DZ,Tahir,large_airport,36.794125,5.873652
Mecheria Airport,MZW,DZ,Mecheria,medium_airport,33.535900116,-0.242353007197
Annaba Rabah Bitat Airport,AAE,DZ,Annaba,large_airport,36.826781,7.81334
Mohamed Boudiaf International Airport,CZL,DZ,Constantine,large_airport,36.276001,6.62039
Cheikh Larbi Tébessi Airport,TEE,DZ,Tébessi,medium_airport,35.4315986633,8.12071990967
Batna Mostefa Ben Boulaid Airport,BLJ,DZ,Batna,large_airport,35.752102,6.30859
Hassi R'Mel Airport,HRM,DZ,Hassi R'Mel,medium_airport,32.930401,3.31154
Abdelhafid Boussouf Bou Chekif Airport,TID,DZ,Tiaret,medium_airport,35.341099,1.46315
Tindouf Airport,TIN,DZ,Tindouf,medium_airport,27.7003993988,-8.167099952700001
Chlef Aboubakr Belkaid International Airport,CFK,DZ,Chlef,large_airport,36.216614,1.341114
Oran Tafraoui Airport,TAF,DZ,Tafraoui,medium_airport,35.5424,-0.532278
Zenata – Messali El Hadj Airport,TLM,DZ,Zenata,large_airport,35.012732,-1.457117
Oran Es-Sénia (Ahmed Ben Bella) International Airport,ORN,DZ,Es-Sénia,large_airport,35.620648,-0.622486
Béchar Boudghene Ben Ali Lotfi Airport,CBH,DZ,Béchar,medium_airport,31.64570045471191,-2.269860029220581
Ghriss Airport,MUW,DZ,Ghriss,medium_airport,35.207699,0.147142
Touat-Cheikh Sidi Mohamed Belkebir Airport,AZR,DZ,Adrar,medium_airport,27.837601,-0.186414
Biskra - Mohamed Khider Airport,BSK,DZ,Biskra,large_airport,34.79318,5.738899
El Golea Airport,ELG,DZ,El Menia,medium_airport,30.580732,2.861595
Noumérat - Moufdi Zakaria Airport,GHA,DZ,El Atteuf,medium_airport,32.384102,3.79411
Hassi Messaoud-Oued Irara Krim Belkacem Airport,HME,DZ,Hassi Messaoud,medium_airport,31.673,6.14044
In Salah Airport,INZ,DZ,In Salah,medium_airport,27.250999,2.51202
Touggourt Sidi Madhi Airport,TGR,DZ,Touggourt,medium_airport,33.067799,6.08867
Laghouat - Molay Ahmed Medeghri Airport,LOO,DZ,Laghouat,medium_airport,33.7644,2.92834
Guemar Airport - مطار قمار بالوادي,ELU,DZ,Guemar,medium_airport,33.511398,6.77679
Timimoun Airport,TMX,DZ,Timimoun,medium_airport,29.237101,0.276033
Ain Beida Airport,OGX,DZ,Ouargla,medium_airport,31.9172,5.41278
Zarzaitine - In Aménas Airport,IAM,DZ,In Aménas,medium_airport,28.0515,9.64291
Cotonou Cadjehoun International Airport,COO,BJ,Cotonou,large_airport,6.35723,2.38435
Ouagadougou Thomas Sankara International Airport,OUA,BF,Ouagadougou,large_airport,12.3532,-1.51242
Bobo Dioulasso Airport,BOY,BF,Bobo Dioulasso,large_airport,11.1601,-4.33097
Kotoka International Airport,ACC,GH,Accra,large_airport,5.605189800262451,-0.1667860001325607
Yakubu Tali International Airport,TML,GH,Tamale,large_airport,9.553909,-0.86606
Prempeh I International Airport,KMS,GH,Kumasi,large_airport,6.71456,-1.59082
Sunyani Airport,NYI,GH,Sunyani,medium_airport,7.36183,-2.32876
Takoradi Airport,TKD,GH,Sekondi-Takoradi,medium_airport,4.896059989929199,-1.7747600078582764
Félix-Houphouët-Boigny International Airport,ABJ,CI,Abidjan,large_airport,5.26139,-3.92629
Bouaké Airport,BYK,CI,Bouaké,medium_airport,7.7388,-5.07367
Daloa Airport,DJO,CI,,medium_airport,6.79281,-6.47319
Korhogo Airport,HGO,CI,Korhogo,medium_airport,9.38718,-5.55666
Man Airport,MJC,CI,,medium_airport,7.27207,-7.58736
San Pedro Airport,SPY,CI,,medium_airport,4.74672,-6.66082
Yamoussoukro International Airport,ASK,CI,Yamoussoukro,large_airport,6.90317,-5.36558
Umaru Musa Yar'adua Airport,DKA,NG,Katsina,medium_airport,13.0078,7.66045
Nnamdi Azikiwe International Airport,ABV,NG,Abuja,large_airport,9.00679,7.26317
Akwa Ibom International Airport,QUO,NG,Uyo,medium_airport,4.8725,8.093
Akure Airport,AKR,NG,Akure,medium_airport,7.246739864349365,5.3010101318359375
Asaba International Airport,ABB,NG,Asaba,large_airport,6.204167,6.665278
Sir Abubakar Tafawa Balewa Bauchi State International Airport,BCU,NG,Bauchi,large_airport,10.482833,9.744
Benin Airport,BNI,NG,Benin,medium_airport,6.316979885101318,5.5995001792907715
Margaret Ekpo International Airport,CBQ,NG,Calabar,medium_airport,4.976019859313965,8.347200393676758
Akanu Ibiam International Airport,ENU,NG,Enegu,large_airport,6.473718,7.560463
Gombe Lawanti International Airport,GMO,NG,Gombe,medium_airport,10.298889,10.9
Ibadan Airport,IBA,NG,Ibadan,medium_airport,7.362460136413574,3.97832989692688
General Tunde Idiagbon International Airport,ILR,NG,Ilorin/Ogbomosho,large_airport,8.44021,4.49392
Sam Mbakwe International Cargo Airport,QOW,NG,Owerri,medium_airport,5.42706,7.20603
Yakubu Gowon Airport,JOS,NG,Jos,medium_airport,9.639829635620115,8.869050025939941
Kaduna International Airport,KAD,NG,Kaduna,large_airport,10.696,7.32011
Mallam Aminu Kano International Airport,KAN,NG,Kano,large_airport,12.045613,8.523566
Maiduguri International Airport,MIU,NG,Maiduguri,large_airport,11.854163,13.080702
Makurdi Airport,MDI,NG,Makurdi,medium_airport,7.70388,8.61394
Murtala Muhammed International Airport,LOS,NG,Lagos,large_airport,6.57737,3.32116
Minna Airport,MXJ,NG,Minna,medium_airport,9.652170181274414,6.462259769439697
Port Harcourt International Airport,PHC,NG,Port Harcourt,large_airport,5.01549,6.94959
Sadiq Abubakar III International Airport,SKO,NG,Sokoto,large_airport,12.915729,5.207547
Warri Airport,QRW,NG,Okpe,medium_airport,5.59821,5.8187
Yola Airport,YOL,NG,Yola,medium_airport,9.257550239562988,12.430399894714355
Zaria Airport,ZAR,NG,Zaria,medium_airport,11.1302,7.68581
Maradi Airport,MFQ,NE,Maradi,medium_airport,13.5025,7.12675
Diori Hamani International Airport,NIM,NE,Niamey,large_airport,13.4815,2.18361
Tahoua Airport,THZ,NE,Tahoua,medium_airport,14.8757,5.26536
Mano Dayak International Airport,AJY,NE,Agadez,medium_airport,16.966,8.00011
Zinder Airport,ZND,NE,Zinder,medium_airport,13.779000282287598,8.983759880065918
Tabarka-Aïn Draham International Airport,TBJ,TN,Tabarka,medium_airport,36.98,8.87694
Monastir Habib Bourguiba International Airport,MIR,TN,Monastir,medium_airport,35.75809860229492,10.75469970703125
Enfidha - Hammamet International Airport,NBE,TN,Enfidha,medium_airport,36.075833,10.438611
Tunis Carthage International Airport,TUN,TN,Tunis,large_airport,36.851002,10.2272
Gafsa Ksar International Airport,GAF,TN,Gafsa,medium_airport,34.422000885009766,8.822500228881836
Gabès Matmata International Airport,GAE,TN,Gabès,medium_airport,33.733691,9.91941
Djerba Zarzis International Airport,DJE,TN,Mellita,large_airport,33.873719,10.7773
El Borma Airport,EBM,TN,El Borma,medium_airport,31.7043,9.25462
Sfax Thyna International Airport,SFA,TN,Sfax,large_airport,34.717999,10.691
Tozeur Nefta International Airport,TOE,TN,Tozeur,medium_airport,33.939701080322266,8.110560417175293
Niamtougou International Airport,LRL,TG,Niamtougou,large_airport,9.766675,1.090944
Lomé–Tokoin International Airport,LFW,TG,Lomé,large_airport,6.16561,1.25451
Antwerp International Airport (Deurne),ANR,BE,Antwerp,medium_airport,51.190667,4.463153
Brussels Airport,BRU,BE,Zaventem,large_airport,50.901402,4.48444
Brussels South Charleroi Airport,CRL,BE,Charleroi,large_airport,50.461963,4.459562
Flanders International Airport Kortrijk-Wevelgem,KJK,BE,Wevelgem,medium_airport,50.818878,3.209551
Liège Airport,LGG,BE,Grâce-Hollogne,medium_airport,50.638574,5.443897
Ostend-Bruges International Airport,OST,BE,Oostende,large_airport,51.1998,2.874673
Leipzig–Altenburg Airport,AOC,DE,Nobitz,medium_airport,50.981945,12.506389
Heringsdorf Airport,HDF,DE,Zirchow,medium_airport,53.8787,14.1523
Neubrandenburg Trollenhagen Airport,FNB,DE,Trollenhagen,medium_airport,53.6022,13.306
Berlin Brandenburg Airport,BER,DE,Berlin,large_airport,52.361738,13.502341
Dresden Airport,DRS,DE,Dresden,large_airport,51.134123,13.767831
Erfurt-Weimar Airport,ERF,DE,Erfurt,large_airport,50.978281,10.960713
Frankfurt Main Airport,FRA,DE,Frankfurt am Main,large_airport,50.026706,8.55835
Münster Osnabrück Airport,FMO,DE,Greven,large_airport,52.133816,7.688482
Hamburg Helmut Schmidt Airport,HAM,DE,Hamburg,large_airport,53.630402,9.98823
Cologne Bonn Airport,CGN,DE,Köln (Cologne),large_airport,50.865898,7.14274
Düsseldorf Airport,DUS,DE,Düsseldorf,large_airport,51.289501,6.76678
Munich Airport,MUC,DE,Munich,large_airport,48.353802,11.7861
Nuremberg Airport,NUE,DE,Nuremberg,large_airport,49.498699,11.078056
Leipzig/Halle Airport,LEJ,DE,Schkeuditz,large_airport,51.420657,12.232705
Saarbrücken Airport,SCN,DE,Saarbrücken,medium_airport,49.214545,7.109735
Stuttgart Airport,STR,DE,Stuttgart,large_airport,48.689899,9.22196
Hannover Airport,HAJ,DE,Hannover,large_airport,52.461102,9.68508
Bremen Airport,BRE,DE,Bremen,large_airport,53.046786,8.78932
Frankfurt-Hahn Airport,HHN,DE,Frankfurt am Main (Lautzenhausen),large_airport,49.946353,7.261734
Mannheim-City Airport,MHG,DE,Mannheim,medium_airport,49.473057,8.514167
Eisenach-Kindel Airport,EIB,DE,Hörselberg-Hainich,medium_airport,50.991604,10.47973
Siegerland Airport,SGE,DE,Burbach,medium_airport,50.707699,8.08297
Hamburg-Finkenwerder Airport,XFW,DE,Hamburg,medium_airport,53.5352783203125,9.835556030273438
Kiel-Holtenau Airport,KEL,DE,Kiel,medium_airport,54.37957,10.145266
Lübeck Blankensee Airport,LBC,DE,Lübeck,medium_airport,53.805401,10.7192
Memmingen Allgau Airport,FMM,DE,Memmingen,large_airport,47.988092,10.238248
Bielefeld Airport,BFE,DE,Bielefeld,medium_airport,51.964722,8.544444
Mönchengladbach Airport,MGL,DE,Mönchengladbach,medium_airport,51.230278,6.504444
Paderborn Lippstadt Airport,PAD,DE,Büren,large_airport,51.612527,8.617459
Weeze (Niederrhein) Airport,NRN,DE,Weeze,large_airport,51.601362,6.141228
Dortmund Airport,DTM,DE,Dortmund,large_airport,51.518299,7.61224
Augsburg Airport,AGB,DE,Augsburg,medium_airport,48.425278,10.931667
Landshut Airfield,QLG,DE,Landshut,medium_airport,48.512019,12.034865
Oberpfaffenhofen Airport,OBF,DE,Weßling,medium_airport,48.081402,11.2831
Bodensee Airport Friedrichshafen,FDH,DE,Friedrichshafen,large_airport,47.671299,9.51149
Bayreuth Airport,BYU,DE,Bindlach,medium_airport,49.985001,11.64
Hof-Plauen Airport,HOQ,DE,Hof,medium_airport,50.288544,11.852876
Karlsruhe Baden-Baden Airport,FKB,DE,Rheinmünster,large_airport,48.7794,8.0805
Lahr Airport,LHA,DE,Lahr/Schwarzwald,medium_airport,48.369301,7.82772
Braunschweig-Wolfsburg Airport,BWE,DE,Braunschweig,medium_airport,52.319199,10.5561
Kassel Airport,KSF,DE,Calden,large_airport,51.418395,9.391638
Westerland Sylt Airport,GWT,DE,Sylt,medium_airport,54.9132,8.34047
Kärdla Airport,KDL,EE,Kärdla,medium_airport,58.99079895019531,22.830699920654297
Kuressaare Airport,URE,EE,Kuressaare,medium_airport,58.22990036010742,22.50950050354004
Pärnu Airport,EPU,EE,Pärnu,medium_airport,58.41899871826172,24.47279930114746
Berenice International Airport / Banas Cape Air Base,EES,EG,Berenice Troglodytica,large_airport,23.980437,35.460277
Lennart Meri Tallinn Airport,TLL,EE,Tallinn,large_airport,59.413246,24.83264
Tartu Airport,TAY,EE,Tartu,medium_airport,58.307438,26.686473
Enontekio Airport,ENF,FI,Enontekio,medium_airport,68.362602233887,23.424299240112
Halli Airport,KEV,FI,Jämsä,medium_airport,61.856039,24.786686
Helsinki Vantaa Airport,HEL,FI,Helsinki (Vantaa),large_airport,60.318363,24.963341
Kitee Airport,KTQ,FI,Kitee,medium_airport,62.1661,30.073601
Ivalo Airport,IVL,FI,Ivalo,large_airport,68.6073,27.4053
Joensuu Airport,JOE,FI,Joensuu,medium_airport,62.658815,29.619398
Jyväskylä Airport,JYV,FI,Jyväskylän Maalaiskunta,medium_airport,62.399502,25.678301
Kauhava Airfield,KAU,FI,Kauhava,medium_airport,63.127102,23.051399
Kemi-Tornio Airport,KEM,FI,Kemi / Tornio,medium_airport,65.778701782227,24.582099914551
Kajaani Airport,KAJ,FI,Kajaani,medium_airport,64.2855,27.6924
Kauhajoki Airfield,KHJ,FI,Kauhajoki,medium_airport,62.463212,22.390817
Kokkola-Pietarsaari Airport,KOK,FI,Kokkola / Kruunupyy,medium_airport,63.721199,23.143101
Kuusamo Airport,KAO,FI,Kuusamo,medium_airport,65.987602,29.239401
Kittilä International Airport,KTT,FI,Kittilä,large_airport,67.700996,24.8468
Kuopio Airport,KUO,FI,Kuopio / Siilinjärvi,large_airport,63.007099,27.7978
Lappeenranta Airport,LPP,FI,Lappeenranta,large_airport,61.044601,28.144743
Mariehamn Airport,MHQ,FI,Mariehamn,large_airport,60.1222,19.898199
Mikkeli Airport,MIK,FI,Mikkeli,medium_airport,61.6866,27.201799
Oulu Airport,OUL,FI,Oulu / Oulunsalo,large_airport,64.930099,25.354601
Pori Airport,POR,FI,Pori,medium_airport,61.4617,21.799999
Rovaniemi Airport,RVN,FI,Rovaniemi,large_airport,66.563327,25.829751
Savonlinna Airport,SVL,FI,Savonlinna,medium_airport,61.9431,28.945101
Seinäjoki Airport,SJY,FI,Seinäjoki / Ilmajoki,medium_airport,62.692101,22.8323
Sodankyla Airport,SOT,FI,Sodankyla,medium_airport,67.3949966431,26.6191005707
Tampere-Pirkkala Airport,TMP,FI,Tampere / Pirkkala,large_airport,61.414101,23.604401
Turku Airport,TKU,FI,Turku,large_airport,60.514099,22.2628
Utti Air Base,UTI,FI,Utti / Valkeala,medium_airport,60.8964,26.9384
Vaasa Airport,VAA,FI,Vaasa,large_airport,63.05023,21.762543
Varkaus Airport,VRK,FI,Varkaus / Joroinen,medium_airport,62.171101,27.868601
Ylivieska Airfield,YLI,FI,Ylivieska,medium_airport,64.054722,24.725278
Belfast International Airport,BFS,GB,Belfast,large_airport,54.6575012207,-6.2158298492399995
Enniskillen/St Angelo Airport,ENK,GB,"Enniskillen, Fermanagh and Omagh",medium_airport,54.398274,-7.651179
George Best Belfast City Airport,BHD,GB,Belfast,medium_airport,54.618099,-5.8725
City of Derry Airport,LDY,GB,"Derry, Derry and Strabane",medium_airport,55.042801,-7.16111
Birmingham Airport,BHX,GB,"Birmingham, West Midlands",large_airport,52.453899,-1.74803
Coventry Airport,CVT,GB,"Coventry, West Midlands",medium_airport,52.369701,-1.47972
Gloucestershire Airport,GLO,GB,"Staverton, Gloucestershire",medium_airport,51.894199,-2.16722
Nottingham City Airport,NQT,GB,"Nottingham, Nottinghamshire",medium_airport,52.919998,-1.07917
Manchester Airport,MAN,GB,"Manchester, Greater Manchester",large_airport,53.349375,-2.279521
RNAS Yeovilton,YEO,GB,"Yeovil, Somerset",medium_airport,51.009399,-2.63882
Campbeltown Airport,CAL,GB,Campbeltown,medium_airport,55.437199,-5.68639
Eday Airport,EOI,GB,Eday,medium_airport,59.19060134887695,-2.7722198963165283
Haverfordwest Airport,HAW,GB,Haverfordwest,medium_airport,51.833099365234375,-4.9611101150512695
Cardiff International Airport,CWL,GB,Cardiff,large_airport,51.396702,-3.34333
Swansea Airport,SWS,GB,Swansea,medium_airport,51.601366,-4.071006
Bristol Airport,BRS,GB,Bristol,large_airport,51.382326,-2.716453
Liverpool John Lennon Airport,LPL,GB,Liverpool,large_airport,53.334863,-2.849637
London Luton Airport,LTN,GB,"Luton, Luton",large_airport,51.874699,-0.368333
Bournemouth Airport,BOH,GB,Bournemouth,medium_airport,50.780483,-1.839576
Southampton Airport,SOU,GB,Southampton,medium_airport,50.950298,-1.3568
Cornwall Airport Newquay,NQY,GB,Newquay,medium_airport,50.440601,-4.99541
Alderney Airport,ACI,GG,Saint Anne,medium_airport,49.706104,-2.21472
Guernsey Airport,GCI,GG,Saint Peter Port,medium_airport,49.435001,-2.60197
Jersey Airport,JER,JE,St. Peter,medium_airport,49.207901,-2.19551
Brighton City Airport,ESH,GB,"Brighton, East Sussex",medium_airport,50.835602,-0.297222
London Biggin Hill Airport,BQH,GB,London,medium_airport,51.33079910279999,0.0324999988079
London Gatwick Airport,LGW,GB,London,large_airport,51.148744,-0.185739
London City Airport,LCY,GB,London,medium_airport,51.505299,0.055278
Farnborough Airport,FAB,GB,"Farnborough, Hampshire",medium_airport,51.275799,-0.776333
Blackbushe Airport,BBS,GB,"Camberley, Surrey",medium_airport,51.323898,-0.8475
London Heathrow Airport,LHR,GB,London,large_airport,51.470748,-0.459909
London Southend Airport,SEN,GB,"Southend-on-Sea, Essex",medium_airport,51.570562,0.693627
Lydd London Ashford Airport,LYX,GB,"Romney Marsh, Kent",medium_airport,50.956246,0.939074
Carlisle Lake District Airport,CAX,GB,"Carlisle, Cumbria",medium_airport,54.9375,-2.80917
Blackpool Airport,BLK,GB,Blackpool,medium_airport,53.771702,-3.02861
Humberside Airport,HUY,GB,"Grimsby, Lincolnshire",medium_airport,53.576152,-0.34954
Barrow Walney Island Airport,BWF,GB,Barrow-in-Furness,medium_airport,54.1286111,-3.2675
Leeds Bradford Airport,LBA,GB,"Leeds, West Yorkshire",large_airport,53.865898,-1.66057
Warton Aerodrome,WRT,GB,Warton,medium_airport,53.745098,-2.88306
Hawarden Airport,CEG,GB,Broughton,medium_airport,53.178101,-2.97778
Isle of Man Airport,IOM,IM,Castletown,large_airport,54.083081,-4.623871
Newcastle International Airport,NCL,GB,"Newcastle upon Tyne, Tyne and Wear",large_airport,55.037958,-1.689577
Teesside International Airport,MME,GB,"Darlington, Durham",medium_airport,54.509201,-1.42941
East Midlands Airport,EMA,GB,"Nottingham, Leicestershire",large_airport,52.8311,-1.32806
Anglesey Airport,VLY,GB,Angelsey,medium_airport,53.2481,-4.53534
Kirkwall Airport,KOI,GB,"Kirkwall, Orkney Islands",medium_airport,58.957903,-2.905077
Sumburgh Airport,LSI,GB,"Lerwick, Shetland",medium_airport,59.878899,-1.29556
Wick John O'Groats Airport,WIC,GB,Wick,medium_airport,58.4589,-3.09306
Aberdeen International Airport,ABZ,GB,Aberdeen,large_airport,57.2019,-2.19778
Inverness Airport,INV,GB,Inverness,medium_airport,57.5425,-4.0475
Glasgow Airport,GLA,GB,Glasgow,large_airport,55.871899,-4.43306
Edinburgh Airport,EDI,GB,Edinburgh,large_airport,55.950145,-3.372288
Islay Airport,ILY,GB,"Isle of Islay, Argyll and Bute",medium_airport,55.682708,-6.257525
Glasgow Prestwick Airport,PIK,GB,"Prestwick, South Ayrshire",large_airport,55.501499,-4.577182
Benbecula Airport,BEB,GB,Balivanich,medium_airport,57.481098,-7.36278
Dundee Airport,DND,GB,Dundee,medium_airport,56.452499,-3.02583
Stornoway Airport,SYY,GB,"Stornoway, Western Isles",medium_airport,58.215599,-6.33111
Barra Airport,BRR,GB,Eoligarry,medium_airport,57.0228,-7.44306
Tiree Airport,TRE,GB,"Balemartine, Argyll and Bute",medium_airport,56.499199,-6.86917
Leuchars Station Airfield,ADX,GB,"Leuchars, Fife",medium_airport,56.37398,-2.868862
RAF Lossiemouth,LMO,GB,"Lossiemouth, Moray",medium_airport,57.7052,-3.33917
Cambridge City Airport,CBG,GB,"Cambridge, Cambridgeshire",medium_airport,52.205002,0.175
Norwich Airport,NWI,GB,"Norwich, Norfolk",medium_airport,52.6758,1.28278
London Stansted Airport,STN,GB,"London, Essex",large_airport,51.884998,0.235
Exeter International Airport,EXT,GB,"Exeter, Devon",medium_airport,50.734261,-3.413984
London Oxford Airport,OXF,GB,"Kidlington, Oxfordshire",medium_airport,51.836899,-1.32
RAF Benson,BEX,GB,"Wallingford, Oxfordshire",medium_airport,51.614366,-1.095991
RAF Lakenheath,LKZ,GB,"Brandon, Suffolk",medium_airport,52.40954,0.561161
RAF Mildenhall,MHZ,GB,"Bury Saint Edmunds, Suffolk",medium_airport,52.3619,0.486406
RAF Fairford,FFD,GB,"Fairford, Gloucestershire",medium_airport,51.683568,-1.789172
RAF Brize Norton,BZZ,GB,"Carterton, Oxfordshire",medium_airport,51.75,-1.58362
RAF Odiham,ODH,GB,"Hook, Hampshire",medium_airport,51.2341,-0.942825
RAF Northolt,NHT,GB,"Northolt, Greater London",medium_airport,51.553001,-0.418167
RAF Coningsby,QCY,GB,"Lincoln, Lincolnshire",medium_airport,53.092999,-0.166014
RAF Honington,BEQ,GB,"Bury Saint Edmunds, Suffolk",medium_airport,52.342602,0.772939
RAF Waddington,WTN,GB,"Lincoln, Lincolnshire",medium_airport,53.166199,-0.523811
RAF Marham,KNF,GB,"King's Lynn, Norfolk",medium_airport,52.648395,0.550692
Mount Pleasant Airport / RAF Mount Pleasant,MPN,FK,Mount Pleasant,large_airport,-51.822642,-58.445777
Amsterdam Airport Schiphol,AMS,NL,Amsterdam,large_airport,52.308601,4.76389
Maastricht Aachen Airport,MST,NL,Maastricht,large_airport,50.911087,5.769401
Eindhoven Airport,EIN,NL,Eindhoven,large_airport,51.4500999451,5.37452983856
Groningen Airport Eelde,GRQ,NL,Groningen,large_airport,53.119107,6.577652
Gilze Rijen Air Base,GLZ,NL,Rijen,medium_airport,51.567402,4.93183
De Kooy Airfield / Den Helder Naval Air Station,DHR,NL,Den Helder,medium_airport,52.923401,4.78062
Lelystad Airport,LEY,NL,Lelystad,medium_airport,52.453188,5.514622
Leeuwarden Air Base,LWR,NL,Leeuwarden,medium_airport,53.22859954833984,5.760560035705566
Rotterdam The Hague Airport,RTM,NL,Rotterdam,large_airport,51.956902,4.43722
Twente Airport,ENS,NL,Enschede,medium_airport,52.275833,6.889167
Volkel Air Base,UDE,NL,Uden,medium_airport,51.657222,5.707778
Woensdrecht Air Base,WOE,NL,Hoogerheide,medium_airport,51.4491,4.34203
Cork International Airport,ORK,IE,Cork,large_airport,51.841301,-8.49111
Donegal Airport,CFN,IE,Donegal,medium_airport,55.0442008972168,-8.340999603271484
Dublin Airport,DUB,IE,Dublin,large_airport,53.428713,-6.262121
Ireland West Airport Knock,NOC,IE,Charlestown,large_airport,53.910439,-8.817002
Kerry Airport,KIR,IE,Farranfore,medium_airport,52.180901,-9.52378
Shannon Airport,SNN,IE,Shannon,large_airport,52.702,-8.92482
Sligo Airport,SXL,IE,Sligo,medium_airport,54.280200958252,-8.5992097854614
Waterford Airport,WAT,IE,Waterford,medium_airport,52.187199,-7.08696
Aarhus Airport,AAR,DK,Aarhus,large_airport,56.303331,10.618286
Billund Airport,BLL,DK,Billund,large_airport,55.740335,9.157019
Copenhagen Kastrup Airport,CPH,DK,Copenhagen,large_airport,55.617900848389,12.656000137329
Esbjerg Airport,EBJ,DK,Esbjerg,medium_airport,55.525902,8.5534
Midtjyllands Airport / Air Base Karup,KRP,DK,Karup,medium_airport,56.297139,9.104311
Lolland Falster Maribo Airport,MRW,DK,Rødby,medium_airport,54.699447,11.438163
Odense Hans Christian Andersen Airport,ODE,DK,Odense,large_airport,55.475307,10.327206
Copenhagen Roskilde Airport,RKE,DK,Roskilde,medium_airport,55.585602,12.1314
Bornholm Airport,RNN,DK,Rønne,medium_airport,55.063301,14.7596
Sønderborg Airport,SGD,DK,Sønderborg,medium_airport,54.96440124511719,9.791729927062988
Sindal Airport,CNL,DK,Sindal,medium_airport,57.503502,10.2294
Skrydstrup Air Base,SKS,DK,Vojens,medium_airport,55.221048,9.26702
Skive Airport,SQW,DK,Skive,medium_airport,56.550201,9.17298
Thisted Airport,TED,DK,Thisted,medium_airport,57.068802,8.70522
Vágar Airport,FAE,FO,Vágar,large_airport,62.063256,-7.275782
Stauning Vestjylland  Airport,STA,DK,Skjern,medium_airport,55.990101,8.35391
Aalborg Airport,AAL,DK,Aalborg,large_airport,57.094763,9.84993
Luxembourg-Findel International Airport,LUX,LU,Luxembourg,large_airport,49.626845,6.212134
Ålesund Airport,AES,NO,Ålesund,large_airport,62.560443,6.110845
"Andøya Airport, Andenes",ANX,NO,Andenes,medium_airport,69.295193,16.139379
Alta Airport,ALF,NO,Alta,medium_airport,69.976097,23.3717
"Brønnøysund Airport, Brønnøy",BNN,NO,Brønnøy,medium_airport,65.461098,12.2175
Bodø Airport,BOO,NO,Bodø,large_airport,67.269203,14.3653
"Bergen Airport, Flesland",BGO,NO,Bergen,large_airport,60.2934,5.21814
Båtsfjord Airport,BJF,NO,Båtsfjord,medium_airport,70.60025,29.692612
Berlevåg Airport,BVG,NO,Berlevåg,medium_airport,70.871517,29.034097
Kristiansand Airport,KRS,NO,Kristiansand(Kjevik),large_airport,58.204201,8.08537
Bardufoss Airport,BDU,NO,Målselv,medium_airport,69.055801,18.5404
Harstad/Narvik Airport,EVE,NO,Evenes,large_airport,68.491302,16.678101
Florø Airport,FRO,NO,Florø,medium_airport,61.583599090576,5.0247201919556
Oslo-Gardermoen International Airport,OSL,NO,Oslo (Gardermoen),large_airport,60.193901,11.1004
"Haugesund Airport, Karmøy",HAU,NO,Karmøy,medium_airport,59.345299,5.20836
Hammerfest Airport,HFT,NO,Hammerfest,medium_airport,70.679703,23.6686
"Honningsvåg Airport, Valan",HVG,NO,Honningsvåg,medium_airport,71.009697,25.983601
"Kristiansund Airport, Kvernberget",KSU,NO,Kvernberget,medium_airport,63.111801,7.82452
"Kirkenes Airport, Høybuktmoen",KKN,NO,Kirkenes,medium_airport,69.7258,29.8913
Leknes Airport,LKN,NO,Leknes,medium_airport,68.152496337891,13.609399795532
Mehamn Airport,MEH,NO,Mehamn,medium_airport,71.029701,27.8267
"Molde Airport, Årø",MOL,NO,Årø,medium_airport,62.744701,7.2625
"Mosjøen Airport, Kjærstad",MJF,NO,Mosjøen,medium_airport,65.783997,13.2149
"Lakselv Airport, Banak",LKL,NO,Lakselv,medium_airport,70.068802,24.973499
Notodden Airport,NTB,NO,Notodden,medium_airport,59.565071,9.213152
Ørland Airport,OLA,NO,Ørland,medium_airport,63.69889831542969,9.604000091552734
"Ørsta-Volda Airport, Hovden",HOV,NO,Ørsta,medium_airport,62.180000305176,6.0741000175476
"Mo i Rana Airport, Røssvoll",MQN,NO,Mo i Rana,medium_airport,66.363899230957,14.301400184631
"Rørvik Airport, Ryum",RVK,NO,Rørvik,medium_airport,64.838302612305,11.14610004425
Røros Airport,RRS,NO,Røros,medium_airport,62.578399658203,11.342300415039
"Svalbard Airport, Longyear",LYR,NO,Longyearbyen,medium_airport,78.246101,15.4656
"Svolvær Airport, Helle",SVJ,NO,Svolvær,medium_airport,68.243301,14.6692
"Stokmarknes Airport, Skagen",SKN,NO,Hadsel,medium_airport,68.578827,15.033417
"Stord Airport, Sørstokken",SRP,NO,Leirvik,medium_airport,59.791901,5.34085
Sørkjosen Airport,SOJ,NO,Sørkjosen,medium_airport,69.786797,20.9594
"Vardø Airport, Svartnes",VAW,NO,Vardø,medium_airport,70.3554,31.044901
"Sandnessjøen Airport, Stokka",SSJ,NO,Alstahaug,medium_airport,65.956802,12.4689
Tromsø Airport,TOS,NO,Tromsø,large_airport,69.683296,18.9189
"Sandefjord Airport, Torp",TRF,NO,Sandefjord(Torp),large_airport,59.186699,10.2586
"Trondheim Airport, Værnes",TRD,NO,Trondheim,large_airport,63.457802,10.924
Vadsø Airport,VDS,NO,Vadsø,medium_airport,70.0653,29.8447
"Stavanger Airport, Sola",SVG,NO,Stavanger,large_airport,58.876701,5.63778
Ignacy Jan Paderewski Bydgoszcz Airport,BZG,PL,Bydgoszcz,medium_airport,53.096802,17.977699
Gdańsk Lech Wałęsa Airport,GDN,PL,Gdańsk,large_airport,54.377602,18.4662
Kraków John Paul II International Airport,KRK,PL,Balice,large_airport,50.077702,19.7848
Katowice Wojciech Korfanty International Airport,KTW,PL,Katowice,large_airport,50.476015,19.080705
Lublin Airport,LUZ,PL,Lublin,large_airport,51.240157,22.713461
Łódź Władysław Reymont Airport,LCJ,PL,Łódź,large_airport,51.721901,19.3981
Warsaw Modlin Airport,WMI,PL,Nowy Dwór Mazowiecki,large_airport,52.451099,20.6518
Poznań-Ławica Airport,POZ,PL,Poznań,large_airport,52.421598,16.823359
Warsaw Radom Airport,RDO,PL,Radom,medium_airport,51.38937,21.214742
Rzeszów-Jasionka Airport,RZE,PL,Jasionka,large_airport,50.109791,22.024155
Solidarity Szczecin–Goleniów Airport,SZZ,PL,Szczecin(Glewice),large_airport,53.584702,14.9022
Olsztyn-Mazury Airport,SZY,PL,Szymany,medium_airport,53.481899,20.9377
Warsaw Chopin Airport,WAW,PL,Warsaw,large_airport,52.165699,20.9671
Copernicus Wrocław Airport,WRO,PL,Wrocław,large_airport,51.103719,16.882096
Zielona Góra-Babimost Airport,IEG,PL,Nowe Kramsko,medium_airport,52.1385,15.7986
Ronneby Airport,RNB,SE,Ronneby,medium_airport,56.266701,15.265
Göteborg Landvetter Airport,GOT,SE,Göteborg,large_airport,57.6628,12.2798
Jönköping Airport,JKG,SE,Jönköping,medium_airport,57.757598876953125,14.068699836730955
Säve Airport,GSE,SE,Göteborg,medium_airport,57.7747,11.8704
Skövde Airport,KVB,SE,Skövde,medium_airport,58.456402,13.9727
Trollhättan-Vänersborg Airport,THN,SE,Trollhättan,medium_airport,58.31809997558594,12.345000267028809
Karlskoga Airport,KSK,SE,Karlskoga,medium_airport,59.345901,14.4959
Mora Airport,MXX,SE,Mora,medium_airport,60.957901,14.5114
Stockholm Skavsta Airport,NYO,SE,Nyköping,large_airport,58.789656,16.911479
Scandinavian Mountains Airport,SCR,SE,Malung-Sälen,large_airport,61.16508,12.83352
Kristianstad Airport,KID,SE,Kristianstad,medium_airport,55.9217,14.0855
Kalmar Airport,KLR,SE,Kalmar,medium_airport,56.685501,16.2876
Malmö Sturup Airport,MMX,SE,Malmö,large_airport,55.535564,13.376327
Halmstad Airport,HAD,SE,Halmstad,medium_airport,56.69110107421875,12.820199966430664
Växjö Kronoberg Airport,VXO,SE,Växjö,medium_airport,56.929100036621094,14.727999687194824
Gällivare Airport,GEV,SE,Gällivare,medium_airport,67.13240051269531,20.814599990844727
Kramfors-Sollefteå Höga Kusten Airport,KRF,SE,Nyland,medium_airport,63.048599,17.7689
Lycksele Airport,LYC,SE,Lycksele,medium_airport,64.548302,18.7162
Sundsvall-Härnösand Airport,SDL,SE,Sundsvall/ Härnösand,medium_airport,62.528099060058594,17.443899154663086
Örnsköldsvik Airport,OER,SE,Örnsköldsvik,medium_airport,63.40829849243164,18.989999771118164
Kiruna Airport,KRN,SE,Kiruna,large_airport,67.821999,20.3368
Skellefteå Airport,SFT,SE,Skellefteå,medium_airport,64.62480163574219,21.076900482177734
Umeå Airport,UME,SE,Umeå,large_airport,63.791801,20.282801
Vilhelmina South Lapland Airport,VHM,SE,Vilhelmina,medium_airport,64.579102,16.833599
Arvidsjaur Airport,AJR,SE,Arvidsjaur,medium_airport,65.59030151367188,19.28190040588379
Söderhamn Airport,SOO,SE,Söderhamn,medium_airport,61.261501,17.0991
Åre Östersund Airport,OSD,SE,Östersund,medium_airport,63.193546,14.504168
Örebro Airport,ORB,SE,Örebro,medium_airport,59.22370147705078,15.038000106811523
Karlstad Airport,KSD,SE,Karlstad,medium_airport,59.444698,13.3374
Stockholm Västerås Airport,VST,SE,Stockholm / Västerås,large_airport,59.589401,16.6336
Luleå Airport,LLA,SE,Luleå,large_airport,65.5438,22.122
Stockholm-Arlanda Airport,ARN,SE,Stockholm,large_airport,59.64849,17.928829
Stockholm-Bromma Airport,BMA,SE,Stockholm,medium_airport,59.354401,17.9417
Dala Airport,BLE,SE,Borlange,medium_airport,60.422001,15.5152
Gävle Sandviken Airport,GVX,SE,Gävle / Sandviken,medium_airport,60.5933,16.951401
Linköping City Airport,LPI,SE,Linköping,large_airport,58.404909,15.684499
Norrköping Airport,NRK,SE,Norrköping,medium_airport,58.586299896240234,16.250600814819336
Torsby Airport,TYF,SE,Torsby,medium_airport,60.1576,12.9913
Eskilstuna Airport,EKT,SE,Eskilstuna,medium_airport,59.351101,16.708401
Visby Airport,VBY,SE,Visby,large_airport,57.6628,18.346201
Ängelholm-Helsingborg Airport,AGH,SE,Ängelholm,medium_airport,56.29610061645508,12.847100257873535
Storuman Airport,SQO,SE,Storuman,medium_airport,64.960899,17.6966
Spangdahlem Air Base,SPM,DE,Trier,medium_airport,49.976507,6.698413
Ramstein Air Base,RMS,DE,Ramstein-Miesenbach,medium_airport,49.436901,7.60028
Fritzlar Army Airfield,FRZ,DE,Fritzlar,medium_airport,51.1146,9.286
Sea-Airport Cuxhaven/Nordholz / Nordholz Naval Airbase,FCN,DE,Wurster Nordseeküste,medium_airport,53.767689,8.659201
Geilenkirchen Air Base,GKE,DE,Geilenkirchen,medium_airport,50.9608,6.04242
Rostock-Laage Airport,RLG,DE,Laage,medium_airport,53.918201,12.2783
Schleswig Air Base,WBG,DE,Jagel,medium_airport,54.459301,9.51633
Wiesbaden Army Airfield,WIE,DE,Wiesbaden,medium_airport,50.049800872802734,8.325400352478027
Ingolstadt Manching Airport,IGS,DE,Manching,medium_airport,48.7156982421875,11.534000396728516
Liepāja International Airport,LPX,LV,Liepāja,large_airport,56.517502,21.096901
Riga International Airport,RIX,LV,Riga,large_airport,56.920752,23.970711
Kaunas International Airport,KUN,LT,Kaunas,large_airport,54.963965,24.08582
Palanga International Airport,PLQ,LT,Palanga,large_airport,55.973202,21.093901
Panevėžys Air Base,PNV,LT,Panevėžys,medium_airport,55.729400634765625,24.46080017089844
Šiauliai International Airport,SQQ,LT,Šiauliai,medium_airport,55.89390182495117,23.395000457763672
Vilnius International Airport,VNO,LT,Vilnius,large_airport,54.634102,25.285801
Alexander Bay Airport,ALJ,ZA,Alexander Bay,medium_airport,-28.575001,16.5333
Aggeneys Airport,AGZ,ZA,Aggeneys,medium_airport,-29.281799,18.8139
Bisho Airport,BIY,ZA,Bisho,medium_airport,-32.897099,27.2791
Bram Fischer International Airport,BFN,ZA,Bloemfontein,large_airport,-29.092699,26.302401
Cape Town International Airport,CPT,ZA,Cape Town,large_airport,-33.97403,18.604333
King Phalo Airport,ELS,ZA,East London,large_airport,-33.035599,27.825899
Ficksburg Sentraoes Airport,FCB,ZA,Ficksburg,medium_airport,-28.82309913635254,27.908899307250977
Grand Central Airport,GCJ,ZA,Midrand,medium_airport,-25.986299514799995,28.1401004791
George Airport,GRJ,ZA,George,large_airport,-34.0056,22.378902
Rand Airport,QRA,ZA,Johannesburg,medium_airport,-26.2425,28.151199
Harrismith Airport,HRS,ZA,Harrismith,medium_airport,-28.2351,29.106199
Eastgate Airport / Air Force Base Hoedspruit,HDS,ZA,Hoedspruit,medium_airport,-24.361864,31.052921
P C Pelser Airport,KXE,ZA,Klerksdorp,medium_airport,-26.871099,26.718
Kimberley Airport,KIM,ZA,Kimberley,large_airport,-28.805401,24.764872
Kruger Mpumalanga International Airport,MQP,ZA,Mbombela,large_airport,-25.383327,31.105325
Johan Pienaar Airport,KMH,ZA,Kuruman,medium_airport,-27.456596,23.411946
Kleinsee Airport,KLZ,ZA,Kleinsee,medium_airport,-29.6884002686,17.093999862700002
Lanseria International Airport,HLA,ZA,Johannesburg,large_airport,-25.938964,27.926642
Lime Acres Finsch Mine Airport,LMR,ZA,Lime Acres,medium_airport,-28.36009979248047,23.43910026550293
King Shaka International Airport,DUR,ZA,Durban,large_airport,-29.6144444444,31.1197222222
Langebaanweg Airport,SDB,ZA,Langebaanweg,medium_airport,-32.968898773199996,18.1602993011
Ladysmith Airport,LAY,ZA,Ladysmith,medium_airport,-28.5816993713,29.7497005463
Malamala Airport,AAM,ZA,Malamala,medium_airport,-24.816866,31.544085
Margate Airport,MGH,ZA,Margate,medium_airport,-30.8574008942,30.343000412
Mmabatho International Airport,MBD,ZA,Mafeking,medium_airport,-25.798400878900004,25.548000335699996
Mkuze Airport,MZQ,ZA,Mkuze,medium_airport,-27.626101,32.0443
Newcastle Airport,NCS,ZA,Newcastle,medium_airport,-27.7705993652,29.976900100699996
Oudtshoorn Airport,OUH,ZA,Oudtshoorn,medium_airport,-33.6069984436,22.188999176
O.R. Tambo International Airport,JNB,ZA,Johannesburg,large_airport,-26.140081,28.246801
Chief Dawid Stuurman International Airport,PLZ,ZA,Gqeberha (Port Elizabeth),large_airport,-33.989715,25.617353
Plettenberg Bay Airport,PBZ,ZA,Plettenberg Bay,medium_airport,-34.08816,23.328723
Hendrik Van Eck Airport,PHW,ZA,Phalaborwa,medium_airport,-23.9372005463,31.1553993225
Port St Johns Airport,JOH,ZA,Port St Johns,medium_airport,-31.60612,29.52175
Pietermaritzburg Airport,PZB,ZA,Pietermaritzburg,medium_airport,-29.649000167799997,30.3987007141
Pilanesberg International Airport,NTY,ZA,Pilanesberg,medium_airport,-25.333799,27.173401
Polokwane International Airport,PTG,ZA,Polokwane,large_airport,-23.845269,29.458615
Potchefstroom Airport,PCF,ZA,Potchefstroom,medium_airport,-26.670999527,27.0818996429
Queenstown Airport,UTW,ZA,Queenstown,medium_airport,-31.92020034790039,26.882200241088867
Richards Bay Airport,RCB,ZA,Richards Bay,medium_airport,-28.740999221800003,32.0920982361
Robertson Airport,ROD,ZA,Robertson,medium_airport,-33.812199,19.9028
Springbok Airport,SBU,ZA,Springbok,medium_airport,-29.689300537109375,17.939599990844727
Secunda Airport,ZEC,ZA,Secunda,medium_airport,-26.52409935,29.170099258399997
Sishen Airport,SIS,ZA,Sishen,medium_airport,-27.6486,22.9993
Skukuza Airport,SZK,ZA,Skukuza,medium_airport,-24.96085,31.588587
Tzaneen Airport,LTA,ZA,Tzaneen,medium_airport,-23.8244,30.3293
Prince Mangosuthu Buthelezi Airport,ULD,ZA,Ulundi,medium_airport,-28.3206005096,31.4165000916
Upington Airport,UTN,ZA,Upington,medium_airport,-28.400246,21.263592
K. D. Matanzima Airport,UTT,ZA,Mthatha,medium_airport,-31.5463631849,28.6733551025
Vryburg Airport,VRU,ZA,Vyrburg,medium_airport,-26.9824008942,24.7287998199
Virginia Airport,VIR,ZA,Durban,medium_airport,-29.770599,31.058399
Vredendal Airport,VRE,ZA,Vredendal,medium_airport,-31.641000747680664,18.5447998046875
Wonderboom Airport,PRY,ZA,Pretoria,medium_airport,-25.6539,28.224199
Waterkloof Air Force Base,WKF,ZA,Pretoria,medium_airport,-25.829999923699997,28.2224998474
Phillip Gaonwe Matante International Airport,FRW,BW,Francistown,large_airport,-21.159183,27.468826
Jwaneng Airport,JWA,BW,Jwaneng,medium_airport,-24.602301,24.691
Kasane International Airport,BBK,BW,Kasane,large_airport,-17.831653,25.166195
Maun International Airport,MUB,BW,Maun,large_airport,-19.970491,23.431409
Sir Seretse Khama International Airport,GBE,BW,Gaborone,large_airport,-24.555201,25.9182
Sua Pan Airport,SXN,BW,Sowa,medium_airport,-20.5534,26.115801
Selebi Phikwe Airport,PKW,BW,Selebi Phikwe,medium_airport,-22.0583,27.8288
Maya-Maya International Airport,BZV,CG,Brazzaville,large_airport,-4.2517,15.253
Oyo Ollombo Airport,OLL,CG,Oyo,medium_airport,-1.226666,15.91
Owando Airport,FTX,CG,Owando,medium_airport,-0.524566,15.93782
Ouesso Airport,OUE,CG,,medium_airport,1.61599,16.037901
Ngot Nzoungou Airport,DIS,CG,Dolisie,medium_airport,-4.20635,12.6599
Antonio Agostinho-Neto International Airport,PNR,CG,Pointe Noire,large_airport,-4.81603,11.8866
Matsapha International Airport,MTS,SZ,Manzini,medium_airport,-26.528919,31.307577
King Mswati III International Airport,SHO,SZ,Mpaka,large_airport,-26.358611,31.716944
Bangui M'Poko International Airport,BGF,CF,Bangui,large_airport,4.39848,18.518801
Berbérati Airport,BBT,CF,Berbérati,medium_airport,4.2215800285339355,15.786399841308594
Bata International Airport,BSG,GQ,Bata,large_airport,1.90547,9.80568
President Obiang Nguema International Airport,GEM,GQ,Mengomeyén,large_airport,1.676437,11.024904
Malabo International Airport,SSG,GQ,Malabo,large_airport,3.75527,8.70872
RAF Ascension Island,ASI,SH,Cat Hill,medium_airport,-7.970179,-14.392744
Saint Helena International Airport,HLE,SH,Jamestown,medium_airport,-15.958898,-5.646066
Sir Seewoosagur Ramgoolam International Airport,MRU,MU,Plaine Magnien,large_airport,-20.430201,57.683601
Sir Charles Gaetan Duval Airport,RRG,MU,Port Mathurin,medium_airport,-19.756696,63.359326
Naval Support Facility Diego Garcia,NKW,IO,Diego Garcia,medium_airport,-7.31327,72.411102
Tiko Airport,TKC,CM,Tiko,medium_airport,4.08919000626,9.3605298996
Douala International Airport,DLA,CM,Douala,large_airport,4.00608,9.71948
Salak Airport,MVR,CM,Maroua,medium_airport,10.45139980316162,14.257399559020996
Foumban Nkounja Airport,FOM,CM,Foumban,medium_airport,5.63692,10.7508
N'Gaoundéré Airport,NGE,CM,N'Gaoundéré,medium_airport,7.357009887695312,13.559200286865234
Garoua International Airport,GOU,CM,Garoua,large_airport,9.334785,13.372129
Bafoussam Airport,BFX,CM,Bafoussam,medium_airport,5.536920070650001,10.3545999527
Bamenda Airport,BPC,CM,Bamenda,medium_airport,6.03924,10.1226
Yaoundé Ville Airport,YAO,CM,Yaoundé,medium_airport,3.83604,11.5235
Yaoundé Nsimalen International Airport,NSI,CM,Yaoundé,large_airport,3.72256,11.5533
Kasompe Airport,CGJ,ZM,Chingola,medium_airport,-12.5728,27.8939
Harry Mwanga Nkumbula International Airport,LVI,ZM,Livingstone,large_airport,-17.821524,25.819642
Kenneth Kaunda International Airport,LUN,ZM,Lusaka,large_airport,-15.330833,28.452722
Mfuwe International Airport,MFU,ZM,Mfuwe,large_airport,-13.2589,31.9366
Mongu Airport,MNR,ZM,Mongu,medium_airport,-15.2545,23.1623
Simon Mwansa Kapwepwe International Airport,NLA,ZM,Ndola,large_airport,-12.96513,28.515624
Southdowns Airport,KIW,ZM,Kitwe,medium_airport,-12.9005,28.1499
Prince Said Ibrahim International Airport,HAH,KM,Moroni,large_airport,-11.5337,43.2719
Mohéli Bandar Es Eslam Airport,NWA,KM,Fomboni,medium_airport,-12.298096,43.766496
Ouani Airport,AJN,KM,Ouani,medium_airport,-12.131047,44.430044
Dzaoudzi Pamandzi International Airport,DZA,YT,Dzaoudzi,large_airport,-12.809319,45.281815
Roland Garros Airport,RUN,RE,Sainte-Marie,large_airport,-20.890087,55.518894
Saint-Pierre Pierrefonds Airport,ZSE,RE,Saint-Pierre,large_airport,-21.319362,55.422506
Ivato International Airport,TNR,MG,Antananarivo,large_airport,-18.7969,47.478802
Miandrivazo Airport,ZVA,MG,Miandrivazo,medium_airport,-19.562799,45.450802
Sainte Marie Airport,SMS,MG,Vohilava,medium_airport,-17.093901,49.8158
Toamasina Ambalamanasy Airport,TMM,MG,Toamasina,large_airport,-18.113537,49.392262
Morondava Airport,MOQ,MG,Morondava,medium_airport,-20.2847,44.3176
Arrachart Airport,DIE,MG,Antisiranana,medium_airport,-12.3494,49.291698
Mananara Nord Airport,WMR,MG,Mananara Nord,medium_airport,-16.1639,49.7738
Andapa Airport,ZWA,MG,,medium_airport,-14.651700019836426,49.620601654052734
Antsirabe Airport,ANM,MG,Antsirabe,medium_airport,-14.9994,50.320202
Analalava Airport,HVA,MG,Analalava,medium_airport,-14.629514,47.763555
Amborovy Airport,MJN,MG,Mahajanga,large_airport,-15.666842,46.351233
Nosy Be-Fascene International Airport,NOS,MG,Nosy Be,medium_airport,-13.3121,48.3148
Besalampy Airport,BPY,MG,Besalampy,medium_airport,-16.74453,44.482484
Maroantsetra Airport,WMN,MG,Maroantsetra,medium_airport,-15.437742,49.689081
Sambava Airport,SVB,MG,Sambava,medium_airport,-14.2786,50.174702
Vohemar Airport,VOH,MG,Vohemar,medium_airport,-13.3758,50.0028
Ambalabe Airport,WAI,MG,Antsohihy,medium_airport,-14.8988,47.9939
Tôlanaro Airport,FTU,MG,Tôlanaro,medium_airport,-25.038099,46.9561
Fianarantsoa Airport,WFI,MG,Fianarantsoa,medium_airport,-21.441601,47.111698
Manakara Airport,WVK,MG,Manakara,medium_airport,-22.119699,48.021702
Mananjary Airport,MNJ,MG,Mananjary,medium_airport,-21.201799,48.358299
Morombe Airport,MXM,MG,Morombe,medium_airport,-21.753837,43.374753
Toliara Airport,TLE,MG,Toliara,medium_airport,-23.3834,43.7285
Mbanza Congo Airport,SSY,AO,Mbanza Congo,medium_airport,-6.269899845123291,14.246999740600586
Benguela Airport,BUG,AO,Benguela,medium_airport,-12.609,13.4037
Dr. Antonio Agostinho Neto International Airport,NBJ,AO,Luanda (Ícolo e Bengo),large_airport,-9.050734,13.499078
Cabinda Airport,CAB,AO,Cabinda,medium_airport,-5.59839,12.188145
Catumbela Airport,CBT,AO,Catumbela,medium_airport,-12.4792,13.4869
Dundo Airport,DUE,AO,Chitato,medium_airport,-7.400889873504639,20.818500518798828
Ngjiva Pereira Airport,VPE,AO,Ngiva,medium_airport,-17.0435009003,15.683799743700002
Albano Machado Airport,NOV,AO,Huambo,medium_airport,-12.8089,15.7605
Kuito Airport,SVP,AO,Kuito,medium_airport,-12.404600143433,16.947399139404
Quatro de Fevereiro International Airport,LAD,AO,Luanda,large_airport,-8.85837,13.2312
Malanje Airport,MEG,AO,Malanje,medium_airport,-9.525090217590332,16.312400817871094
Menongue Airport,SPP,AO,Menongue,medium_airport,-14.657600402832031,17.71980094909668
Welwitschia Mirabilis International Airport,MSZ,AO,Moçâmedes,medium_airport,-15.2612,12.1468
Negage Airport,GXG,AO,Negage,medium_airport,-7.754509925842285,15.287699699401855
Porto Amboim Airport,PBN,AO,Port Amboim,medium_airport,-10.722,13.7655
Saurimo Airport,VHC,AO,Saurimo,medium_airport,-9.68907,20.4319
Soyo Airport,SZA,AO,Soyo,medium_airport,-6.141089916229248,12.371800422668455
Sumbe Airport,NDD,AO,Sumbe,medium_airport,-11.1679,13.8475
Lubango Mukanka International Airport,SDD,AO,Lubango,medium_airport,-14.924839,13.576653
Luena Airport,LUO,AO,Luena,medium_airport,-11.7681,19.897699
Uige Airport,UGO,AO,Uige,medium_airport,-7.60307,15.0278
Xangongo Airport,XGN,AO,Xangongo,medium_airport,-16.755399703979492,14.965299606323242
Koulamoutou Mabimbi Airport,KOU,GA,Koulamoutou,medium_airport,-1.18461,12.4413
Mouilla Ville Airport,MJL,GA,Mouila,medium_airport,-1.84514,11.0567
Oyem Airport,OYE,GA,Oyem,medium_airport,1.5431100130081177,11.58139991760254
Okondja Airport,OKN,GA,Okondja,medium_airport,-0.665214,13.6731
Lambarene Airport,LBQ,GA,Lambarene,medium_airport,-0.704389,10.2457
Bitam Airport,BMM,GA,Bitam,medium_airport,2.07564,11.4932
Port Gentil International Airport,POG,GA,Port Gentil,large_airport,-0.711739,8.75438
Omboue Hospital Airport,OMB,GA,Omboue,medium_airport,-1.57473,9.26269
Makokou Airport,MKU,GA,Makokou,medium_airport,0.5792109966278076,12.890899658203123
Libreville Leon M'ba International Airport,LBV,GA,Libreville,large_airport,0.458951,9.41214
M'Vengue El Hadj Omar Bongo Ondimba International Airport,MVB,GA,Franceville,large_airport,-1.65616,13.438
Principe Airport,PCP,ST,São Tomé & Príncipe,medium_airport,1.661155,7.411081
São Tomé International Airport,TMS,ST,São Tomé,large_airport,0.378175,6.71215
Beira International Airport,BEW,MZ,Beira,large_airport,-19.7964,34.9076
Chimoio Airport,VPY,MZ,Chimoio,medium_airport,-19.15130043029785,33.42900085449219
Inhambane Airport,INH,MZ,Inhambane,medium_airport,-23.8764,35.408501
Lichinga Airport,VXC,MZ,Lichinga,medium_airport,-13.274,35.2663
Maputo Airport,MPM,MZ,Maputo,large_airport,-25.920799,32.572601
Mueda Airport,MUD,MZ,Mueda,medium_airport,-11.6729,39.563099
Mocímboa da Praia Airport,MZB,MZ,Mocímboa da Praia,medium_airport,-11.3618,40.3549
Nacala International Airport,MNC,MZ,Nacala,medium_airport,-14.4882,40.7122
Nampula Airport,APL,MZ,Nampula,large_airport,-15.1056,39.281799
Pemba Airport,POL,MZ,Pemba,medium_airport,-12.993302,40.524867
Quelimane Airport,UEL,MZ,Quelimane,medium_airport,-17.855499267578125,36.86909866333008
Tete Airport,TET,MZ,Tete,large_airport,-16.104799,33.640202
Vilankulo Airport,VNX,MZ,Vilanculo,medium_airport,-22.018400192260746,35.31330108642578
Seychelles International Airport,SEZ,SC,Victoria,large_airport,-4.67434,55.521801
Praslin Island Airport,PRI,SC,Praslin Island,medium_airport,-4.319256,55.691561
Abeche Airport,AEH,TD,Abeche,medium_airport,13.847,20.844299
Moundou Airport,MQQ,TD,Moundou,medium_airport,8.628503,16.074241
N'Djamena International Airport,NDJ,TD,N'Djamena,large_airport,12.1337,15.034
Faya-Largeau Airport,FYT,TD,Faya-Largeau,medium_airport,17.917101,19.111099
Joshua Mqabuko Nkomo International Airport,BUQ,ZW,Bulawayo,large_airport,-20.016284,28.622897
Buffalo Range Airport,BFO,ZW,Chiredzi,medium_airport,-21.008101,31.5786
Victoria Falls International Airport,VFA,ZW,Victoria Falls,large_airport,-18.097437,25.836867
Robert Gabriel Mugabe International Airport,HRE,ZW,Harare,large_airport,-17.931801,31.0928
Kariba Airport,KAB,ZW,Kariba,medium_airport,-16.5198,28.885
Masvingo International Airport,MVZ,ZW,Masvingo,medium_airport,-20.0553,30.8591
Josiah Tungamirai Air Force Base,GWE,ZW,Gweru,medium_airport,-19.436718,29.861945
Hwange National Park Airport,HWN,ZW,Gwayi River Farms,medium_airport,-18.6299,27.021
Chileka International Airport,BLZ,MW,Blantyre,large_airport,-15.677189,34.972319
Dwangwa Airport,DWA,MW,Dwangwa,medium_airport,-12.517527,34.131877
Karonga Airport,KGJ,MW,Karonga,medium_airport,-9.953571,33.893264
Kamuzu International Airport,LLW,MW,Lumbadzi,large_airport,-13.7894,33.780998
Mzuzu Airport,ZZU,MW,Mzuzu,medium_airport,-11.4447,34.011799
Moshoeshoe I International Airport,MSU,LS,Maseru(Mazenod),large_airport,-29.456277,27.554456
Ndjili International Airport,FIH,CD,Kinshasa,large_airport,-4.38575,15.4446
Ndolo Airport,NLO,CD,N'dolo,medium_airport,-4.32666015625,15.327500343323
Bandundu Airport,FDU,CD,Bandundu,medium_airport,-3.31132,17.381701
Kikwit Airport,KKW,CD,Kikwit,medium_airport,-5.03577,18.785601
Mbandaka Airport,MDK,CD,Mbandaka,medium_airport,0.0226000007242,18.2887001038
Gbadolite Airport,BDT,CD,Gbadolite,medium_airport,4.252745,20.975271
Gemena Airport,GMA,CD,Gemena,medium_airport,3.23537,19.771299
Lisala Airport,LIQ,CD,Lisala,medium_airport,2.17066,21.496901
Bangoka International Airport,FKI,CD,Kisangani,large_airport,0.481639,25.337999
Matari Airport,IRP,CD,Isiro,medium_airport,2.82761,27.588301
Bunia Airport,BUX,CD,Bunia,medium_airport,1.565743,30.220685
Buta Zega Airport,BZU,CD,Buta,medium_airport,2.818058,24.793997
Bukavu Kavumu Airport,BKY,CD,Kamakombe,medium_airport,-2.30898,28.8088
Goma International Airport,GOM,CD,Goma,large_airport,-1.666758,29.238037
Kindu Airport,KND,CD,Kindu,medium_airport,-2.91917991638,25.915399551399997
Lubumbashi International Airport,FBM,CD,Lubumbashi,large_airport,-11.591494,27.530753
Kolwezi Airport,KWZ,CD,Kolwezi,medium_airport,-10.7659,25.505699
Kalemie Airport,FMI,CD,Kalemie,medium_airport,-5.87556,29.25
Kananga Airport,KGA,CD,Kananga,medium_airport,-5.90005,22.4692
Mbuji Mayi Airport,MJM,CD,Mbuji Mayi,medium_airport,-6.121240139010001,23.569000244099996
Modibo Keita International Airport,BKO,ML,Bamako,large_airport,12.5335,-7.94994
Gao International Airport,GAQ,ML,Gao,medium_airport,16.248466,-0.005389
Kayes Dag Dag Airport,KYS,ML,Kayes,medium_airport,14.482521,-11.399335
Mopti Airport,MZI,ML,Sévaré,medium_airport,14.5128,-4.07956
Tombouktou Airport,TOM,ML,Timbuktu,large_airport,16.730499,-3.00758
Banjul International Airport,BJL,GM,Yundum,large_airport,13.338,-16.652201
Fuerteventura Airport,FUE,ES,El Matorral,large_airport,28.4527,-13.8638
El Hierro Airport,VDE,ES,El Hierro Island,medium_airport,27.8148,-17.8871
La Palma Airport,SPC,ES,"Sta Cruz de la Palma, La Palma Island",medium_airport,28.626499,-17.7556
Gran Canaria Airport,LPA,ES,Gran Canaria Island,large_airport,27.9319,-15.3866
César Manrique-Lanzarote Airport,ACE,ES,San Bartolomé,large_airport,28.945499,-13.6052
Tenerife Sur Airport,TFS,ES,Tenerife,large_airport,28.0445,-16.5725
Tenerife Norte-Ciudad de La Laguna Airport,TFN,ES,Tenerife,large_airport,28.482752,-16.341707
Melilla Airport,MLN,ES,Melilla,medium_airport,35.2798,-2.95626
Bo Airport,KBS,SL,Bo,medium_airport,7.9444,-11.761
Kenema Airport,KEN,SL,Kenema,medium_airport,7.896364,-11.174126
Lungi International Airport,FNA,SL,Freetown (Lungi-Town),large_airport,8.61644,-13.1955
Yengema Airport,WYE,SL,Yengema,medium_airport,8.61047,-11.0454
Osvaldo Vieira International Airport,OXB,GW,Bissau,large_airport,11.894262,-15.653596
Greenville/Sinoe Airport,SNI,LR,Greenville,medium_airport,5.032124,-9.064236
Spriggs Payne Airport,MLW,LR,Monrovia,medium_airport,6.28906,-10.7587
Roberts International Airport,ROB,LR,Monrovia,large_airport,6.23379,-10.3623
Al Massira Airport,AGA,MA,Agadir (Temsia),large_airport,30.322478,-9.412003
Tan Tan Airport,TTA,MA,Tan Tan,medium_airport,28.447563,-11.161749
Zagora Airport,OZG,MA,Zagora,large_airport,30.265788,-5.860808
Bouarfa Airport,UAR,MA,Bouarfa,medium_airport,32.514306,-1.983056
Fes Saïss International Airport,FEZ,MA,Saïss,large_airport,33.927299,-4.97796
Moulay Ali Cherif Airport,ERH,MA,Errachidia,medium_airport,31.9475002289,-4.39833021164
Bassatine Airport,MEK,MA,Meknes,medium_airport,33.879101,-5.51512
Oujda Angads Airport,OUD,MA,Ahl Angad,large_airport,34.789558,-1.926041
Smara Airport,SMW,EH,Smara,large_airport,26.731987,-11.683655
Beni Mellal Airport,BEM,MA,Oulad Yaich,large_airport,32.401895,-6.315905
Rabat-Salé Airport,RBA,MA,Rabat,large_airport,34.051498,-6.75152
Dakhla Airport,VIL,EH,Dakhla,large_airport,23.7183,-15.932
Essaouira-Mogador Airport,ESU,MA,Essaouira,medium_airport,31.397499,-9.68167
Laayoune Hassan I International Airport,EUN,EH,El Aaiún,large_airport,27.142467,-13.224947
Mohammed V International Airport,CMN,MA,Casablanca,large_airport,33.3675,-7.58997
Nador Al Aaroui International Airport,NDR,MA,Al Aaroui,large_airport,34.9888,-3.02821
Marrakesh Menara Airport,RAK,MA,Marrakesh,large_airport,31.604807,-8.035788
Kenitra Air Base,NNA,MA,Kenitra,medium_airport,34.298901,-6.59588
Ouarzazate International Airport,OZZ,MA,Ouarzazate,large_airport,30.9391,-6.90943
Cherif Al Idrissi Airport,AHU,MA,Al Hoceima,medium_airport,35.177101,-3.83952
Sania Ramel Airport,TTU,MA,Tétouan,large_airport,35.594299,-5.32002
Tangier Ibn Battuta Airport,TNG,MA,Tangier,large_airport,35.731741,-5.921459
Blaise Diagne International Airport,DSS,SN,Dakar,large_airport,14.670878,-17.072829
Ziguinchor Airport,ZIG,SN,Ziguinchor,medium_airport,12.55559,-16.283298
Cap Skirring Airport,CSK,SN,Cap Skirring,medium_airport,12.39533,-16.748
Kaolack Airport,KLC,SN,Kaolack,medium_airport,14.146900177001951,-16.051300048828125
Léopold Sédar Senghor International Airport,DKR,SN,Dakar,large_airport,14.742337,-17.479222
Ouro Sogui Airport,MAX,SN,Ouro Sogui,medium_airport,15.5936,-13.3228
Saint Louis Airport,XLS,SN,Saint Louis,medium_airport,16.049814,-16.461039
Bakel Airport,BXE,SN,Bakel,medium_airport,14.847299575805664,-12.468299865722656
Kédougou Airport,KGG,SN,Kédougou,medium_airport,12.57229995727539,-12.22029972076416
Tambacounda Airport,TUD,SN,Tambacounda,medium_airport,13.7368,-13.6531
Nouakchott–Oumtounsy International Airport,NKC,MR,Nouakchott,large_airport,18.31,-15.969722
Atar International Airport,ATR,MR,Atar,medium_airport,20.505823,-13.043744
Nouadhibou International Airport,NDB,MR,Nouadhibou,large_airport,20.932404,-17.030199
Tazadit Airport,OUZ,MR,Zouérate,medium_airport,22.757345,-12.482228
Ahmed Sékou Touré International Airport,CKY,GN,Conakry,large_airport,9.57689,-13.612
Amílcar Cabral International Airport,SID,CV,Espargos,large_airport,16.7414,-22.9494
Aristides Pereira International Airport,BVC,CV,Rabil,large_airport,16.136499,-22.888901
Maio Airport,MMO,CV,Vila do Maio,medium_airport,15.15590000152588,-23.213699340820312
Nelson Mandela International Airport,RAI,CV,Praia,large_airport,14.941126,-23.484728
Preguiça Airport,SNE,CV,Preguiça,medium_airport,16.588852,-24.284132
Cesaria Evora International Airport,VXE,CV,São Pedro,large_airport,16.833363,-25.055308
Addis Ababa Bole International Airport,ADD,ET,Addis Ababa,large_airport,8.97789,38.799301
Arba Minch Airport,AMH,ET,Arba Minch,medium_airport,6.03939,37.5905
Axum Airport,AXU,ET,Axum,medium_airport,14.1468,38.7728
Bahir Dar Airport,BJR,ET,Bahir Dar,medium_airport,11.6081,37.321602
Aba Tenna Dejazmach Yilma International Airport,DIR,ET,Dire Dawa,large_airport,9.623549,41.855027
Gambela Airport,GMB,ET,Gambela,medium_airport,8.12876,34.563099
Gondar Airport,GDQ,ET,Azezo,medium_airport,12.5199,37.433998
Gode Airport,GDE,ET,Gode,medium_airport,5.93513011932,43.5786018372
Harar Meda Airport,QHR,ET,Debre Zeyit,medium_airport,8.7163,39.0059
Gerad Wilwal International Airport,JIJ,ET,Jijiga,large_airport,9.331907,42.911811
Baco Airport,BCO,ET,Jinka,medium_airport,5.749655,36.560165
Jimma Airport,JIM,ET,Jimma,medium_airport,7.66609001159668,36.81660079956055
Kebri Dahar Airport,ABK,ET,Kebri Dahar,medium_airport,6.732577,44.241339
Hawassa International Airport,AWA,ET,Hawassa,large_airport,7.100611,38.396455
Mekele Alula Aba Nega Airport,MQX,ET,Mekele,medium_airport,13.4674,39.533501
Asosa Airport,ASO,ET,Asosa,medium_airport,10.018500328063965,34.586299896240234
Bujumbura Melchior Ndadaye International Airport,BJM,BI,Bujumbura,large_airport,-3.32402,29.318501
Gitega Airport,GID,BI,Gitega,medium_airport,-3.417209,29.911308
Bender Qassim International Airport,BSA,SO,Bosaso,large_airport,11.275235,49.139231
Egal International Airport,HGA,SO,Hargeisa,large_airport,9.514082,44.083469
Berbera Airport,BBO,SO,Berbera,medium_airport,10.385035,44.936723
Kismayo Airport,KMU,SO,Kismayo,medium_airport,-0.377353,42.459202
Aden Adde International Airport,MGQ,SO,Mogadishu,large_airport,2.01444,45.304699
Djibouti-Ambouli Airport,JIB,DJ,Djibouti City,large_airport,11.5473,43.1595
Bardawil International Airport,RDL,EG,El Hassana,medium_airport,30.410714,33.15535
El Alamein International Airport,DBB,EG,El Alamein,large_airport,30.924324,28.46161
El Arish International Airport,AAC,EG,El Arish,large_airport,31.055324,33.827964
Asyut International Airport,ATZ,EG,Asyut,large_airport,27.045962,31.01276
Alexandria International Airport,HBE,EG,Alexandria,large_airport,30.93249,29.696437
Abu Simbel Airport,ABS,EG,Abu Simbel,medium_airport,22.375924,31.611734
Cairo International Airport,CAI,EG,Cairo,large_airport,30.111534,31.396694
Capital International Airport,CCE,EG,New Cairo,medium_airport,30.06465,31.839974
Hurghada International Airport,HRG,EG,Hurghada,large_airport,27.176776,33.796692
El Jora Airport,EGH,EG,El Jora,medium_airport,31.078138,34.153131
Luxor International Airport,LXR,EG,Luxor,large_airport,25.671018,32.706446
Marsa Alam International Airport,RMF,EG,Marsa Alam,large_airport,25.555548,34.59245
Mersa Matruh International Airport,MUH,EG,Marsa Matruh,large_airport,31.324313,27.22227
Port Said International Airport,PSD,EG,Port Said,large_airport,31.279285,32.240582
Saint Catherine International Airport,SKV,EG,Saint Catherine,medium_airport,28.684292,34.064409
Sohag International Airport,HMB,EG,Suhaj,large_airport,26.342515,31.743017
Sharm El Sheikh International Airport,SSH,EG,Sharm El Sheikh,large_airport,27.977272,34.394717
Aswan International Airport,ASW,EG,Aswan,large_airport,23.961075,32.820382
Sphinx International Airport,SPX,EG,Al Jiza,large_airport,30.108179,30.895728
Taba International Airport,TCP,EG,Taba,medium_airport,29.594496,34.775752
Asmara International Airport,ASM,ER,Asmara,large_airport,15.2919,38.910702
Massawa International Airport,MSW,ER,Massawa,medium_airport,15.67,39.370098
Assab International Airport,ASA,ER,Assab,medium_airport,13.0718,42.645
Juba International Airport,JUB,SS,Juba,large_airport,4.87201,31.601101
Amboseli Airport,ASV,KE,Ol Tukai,medium_airport,-2.644786,37.252922
Eldoret International Airport,EDL,KE,Eldoret,large_airport,0.404458,35.238899
Jomo Kenyatta International Airport,NBO,KE,Nairobi,large_airport,-1.318886,36.928233
Kisumu International Airport,KIS,KE,Kisumu,large_airport,-0.086139,34.728901
Kitale Airport,KTL,KE,Kitale,medium_airport,0.971989,34.958599
Lokichogio Airport,LKG,KE,Lokichogio,medium_airport,4.20412,34.348202
Lodwar Airport,LOK,KE,Lodwar,medium_airport,3.12197,35.6087
Manda Airport,LAU,KE,Lamu,medium_airport,-2.252431,40.912892
Malindi International Airport,MYD,KE,Malindi,medium_airport,-3.22931,40.1017
Moi International Airport,MBA,KE,Mombasa,large_airport,-4.03483,39.5942
Mara Serena Lodge Airstrip,MRE,KE,Serena,medium_airport,-1.404588,35.008349
Nakuru Lanet Airport,NUU,KE,Nakuru,medium_airport,-0.298419,36.159193
Nanyuki Civil Airport,NYK,KE,Gathiuru,medium_airport,-0.062352,37.041296
Nairobi Wilson Airport,WIL,KE,Nairobi,medium_airport,-1.32172,36.8148
Wajir Airport,WJR,KE,Wajir,medium_airport,1.73324,40.091599
Sirt International Airport / Ghardabiya Airbase,SRX,LY,Sirt,large_airport,31.058578,16.597095
Ghat Airport,GHT,LY,Ghat,medium_airport,25.1455993652,10.1426000595
Kufra Airport,AKF,LY,Kufra,medium_airport,24.178699493408203,23.31399917602539
Benina International Airport,BEN,LY,Benina,large_airport,32.096802,20.269501
Mitiga International Airport,MJI,LY,Tripoli,large_airport,32.89177,13.287878
Al Abraq International Airport,LAQ,LY,Al Albraq,large_airport,32.789036,21.954864
Sabha Airport,SEB,LY,Sabha,medium_airport,26.992452,14.466162
Marsa al Brega Airport,LMQ,LY,Marsa al Brega,medium_airport,30.378099,19.576401
Ghadames Airport,LTD,LY,Ghadames,medium_airport,30.145484,9.702095
Gisenyi Airport,GYI,RW,Gisenyi,medium_airport,-1.6771999597549438,29.258899688720703
Kigali International Airport,KGL,RW,Kigali,large_airport,-1.96863,30.1395
Kamembe Airport,KME,RW,Kamembe,medium_airport,-2.462239980697632,28.907899856567383
Dongola Airport,DOG,SD,Dongola,medium_airport,19.153666,30.430069
El Fasher Airport,ELF,SD,El Fasher,medium_airport,13.61489963531494,25.32460021972656
Kassala Airport,KSL,SD,Kassala,medium_airport,15.387499809265137,36.328800201416016
Merowe Airport,MWE,SD,Merowe,medium_airport,18.443333,31.843333
Nyala Airport,UYL,SD,Nyala,medium_airport,12.0535,24.9562
El-Obeid Airport,EBD,SD,El-Obeid,medium_airport,13.1532,30.2327
Port Sudan New International Airport,PZU,SD,Port Sudan,large_airport,19.434558,37.234125
Khartoum International Airport,KRT,SD,Khartoum,large_airport,15.5895,32.5532
Malakal International Airport,MAK,SS,Malakal,medium_airport,9.558739,31.651937
Wau Airport,WUU,SS,Wau,medium_airport,7.72583,27.975
Arusha Airport,ARK,TZ,Arusha,medium_airport,-3.3677899837493896,36.63330078125
Julius Nyerere International Airport,DAR,TZ,Dar es Salaam,large_airport,-6.873499,39.207288
Dodoma Airport,DOD,TZ,Dodoma,medium_airport,-6.170559,35.756036
Songwe Airport,MBI,TZ,Mbeya,medium_airport,-8.919942,33.273981
Iringa Airport,IRI,TZ,Nduli,medium_airport,-7.66863,35.752102
Kilimanjaro International Airport,JRO,TZ,Arusha,large_airport,-3.427049,37.07353
Lake Manyara Airport,LKY,TZ,Lake Manyara National Park,medium_airport,-3.37631,35.818298
Mtwara Airport,MYW,TZ,Mtwara,medium_airport,-10.336204,40.181997
Mwanza International Airport,MWZ,TZ,Mwanza,large_airport,-2.446563,32.936049
Pemba Airport,PMA,TZ,Chake Chake,medium_airport,-5.25726,39.811401
Tanga Airport,TGT,TZ,Tanga,medium_airport,-5.09236,39.071201
Abeid Amani Karume International Airport,ZNZ,TZ,Zanzibar,large_airport,-6.22202,39.224899
Arua Airport,RUA,UG,Arua,medium_airport,3.049152,30.911714
Entebbe International Airport,EBB,UG,Entebbe,large_airport,0.042386,32.443501
Gulu Airport,ULU,UG,Gulu,medium_airport,2.8055601119995117,32.27180099487305
Soroti Airport,SRT,UG,Soroti,medium_airport,1.7276899814605713,33.622798919677734
Chengdu Huaizhou Airport,HZU,CN,Chengdu (Jintang),medium_airport,30.677339,104.529397
Indigo Bay Lodge Airport,IBL,MZ,Bazaruto Island,medium_airport,-21.708,35.452801
Dhoho International Airport,DHX,ID,Kediri,large_airport,-7.750278,111.947222
Bilorai Airport,UGU,ID,Bilogai,medium_airport,-3.739503,137.031183
Maharshi Valmiki International Airport,AYJ,IN,Faizabad,medium_airport,26.747736,82.163664
Sindhudurg Airport,SDW,IN,Chipi,medium_airport,16.002552,73.529846
Navi Mumbai International Airport,NMI,IN,Navi Mumbai,large_airport,18.984597,73.065253
Rashtrakavi Kuvempu Airport,RQY,IN,Shimoga,medium_airport,13.858024,75.618868
Itanagar Donyi Polo Hollongi Airport,HGI,IN,Hollongi,medium_airport,26.96683,93.638792
Noida International Airport,DXN,IN,Gautam Buddha Nagar,large_airport,28.179868,77.611843
Maa Mahamaya Airport,AHA,IN,Ambikapur,medium_airport,22.98753,83.19612
Boulder City Municipal Airport,BLD,US,Boulder City,medium_airport,35.947161,-114.858799
Mesquite Airport,MFH,US,Mesquite,medium_airport,36.833105,-114.055928
Lehigh Valley International Airport,ABE,US,Allentown/Bethlehem,medium_airport,40.651773,-75.442797
Abilene Regional Airport,ABI,US,Abilene,medium_airport,32.4113006592,-99.6819000244
Albuquerque International Sunport,ABQ,US,Albuquerque,large_airport,35.039976,-106.608925
Aberdeen Regional Airport,ABR,US,Aberdeen,medium_airport,45.449100494384766,-98.42179870605467
Southwest Georgia Regional Airport,ABY,US,Albany,medium_airport,31.532946,-84.196215
Nantucket Memorial Airport,ACK,US,Nantucket,medium_airport,41.25310135,-70.06020355
Waco Regional Airport,ACT,US,Waco,medium_airport,31.611299514770508,-97.23049926757812
California Redwood Coast-Humboldt County Airport,ACV,US,Arcata/Eureka,medium_airport,40.978101,-124.109
Atlantic City International Airport,ACY,US,Atlantic City,medium_airport,39.456201,-74.577511
Ada Regional Airport,ADT,US,Ada,medium_airport,34.805214,-96.671988
Joint Base Andrews,ADW,US,Camp Springs,medium_airport,38.810799,-76.866997
Alexandria International Airport,AEX,US,Alexandria,medium_airport,31.325828,-92.546702
Perot Field/Fort Worth Alliance Airport,AFW,US,Fort Worth,medium_airport,32.99044,-97.31947
Allegheny County Airport,AGC,US,Pittsburgh,medium_airport,40.354401,-79.930199
Augusta Regional At Bush Field,AGS,US,Augusta,medium_airport,33.3699,-81.9645
Athens Ben Epps Airport,AHN,US,Athens,medium_airport,33.948842,-83.325634
Alliance Municipal Airport,AIA,US,Alliance,medium_airport,42.052543,-102.803965
Akron Fulton International Airport,AKC,US,Akron,medium_airport,41.037355,-81.46784
Albany International Airport,ALB,US,Albany,large_airport,42.748299,-73.801697
Alice International Airport,ALI,US,Alice,medium_airport,27.7409,-98.026901
Alamogordo White Sands Regional Airport,ALM,US,Alamogordo,medium_airport,32.837818,-105.993149
St Louis Regional Airport,ALN,US,Alton/St Louis,medium_airport,38.89030075069999,-90.0459976196
Waterloo Regional Airport,ALO,US,Waterloo,medium_airport,42.557098388671875,-92.40029907226562
San Luis Valley Regional Airport/Bergman Field,ALS,US,Alamosa,medium_airport,37.434898,-105.866997
Walla Walla Regional Airport,ALW,US,Walla Walla,medium_airport,46.09489822,-118.288002
Rick Husband Amarillo International Airport,AMA,US,Amarillo,medium_airport,35.217857,-101.706444
Anniston Regional Airport,ANB,US,Anniston,medium_airport,33.5882,-85.8581
Anderson Regional Airport,AND,US,Anderson,medium_airport,34.4945983887,-82.70939636230001
Altoona Blair County Airport,AOO,US,Altoona,medium_airport,40.296398,-78.32
Centennial Airport,APA,US,Denver,medium_airport,39.57009888,-104.848999
Naples Municipal Airport,APF,US,Naples,medium_airport,26.1525993347,-81.7752990723
Phillips Army Air Field,APG,US,Aberdeen,medium_airport,39.466202,-76.1688
Alpena County Regional Airport,APN,US,Alpena,medium_airport,45.0780983,-83.56030273
Acadiana Regional Airport,ARA,US,New Iberia,medium_airport,30.0378,-91.883904
Watertown International Airport,ART,US,Watertown,medium_airport,43.991901,-76.021698
Aspen-Pitkin County Airport (Sardy Field),ASE,US,Aspen,medium_airport,39.223202,-106.869003
Astoria Regional Airport,AST,US,Astoria,medium_airport,46.158000946,-123.878997803
Hartsfield Jackson Atlanta International Airport,ATL,US,Atlanta,large_airport,33.6367,-84.428101
Appleton International Airport,ATW,US,Appleton,medium_airport,44.258515,-88.519
Watertown Regional Airport,ATY,US,Watertown,medium_airport,44.91400146,-97.15470123
Augusta State Airport,AUG,US,Augusta,medium_airport,44.320598602299995,-69.7973022461
Austin Bergstrom International Airport,AUS,US,Austin,large_airport,30.197535,-97.662015
Wausau Downtown Airport,AUW,US,Wausau,medium_airport,44.9262008667,-89.6266021729
Asheville Regional Airport,AVL,US,Asheville,medium_airport,35.435488,-82.541853
Wilkes-Barre/Scranton International Airport,AVP,US,Wilkes-Barre/Scranton,medium_airport,41.337064,-75.724232
Chandler Field,AXN,US,Alexandria,medium_airport,45.866299,-95.394699
Kalamazoo/Battle Creek International Airport,AZO,US,Kalamazoo,medium_airport,42.232105,-85.549637
Beale Air Force Base,BAB,US,Beale Air Force Base,medium_airport,39.136101,-121.436996
Barksdale Air Force Base,BAD,US,Bossier City,medium_airport,32.501801,-93.662697
Westfield-Barnes Regional Airport,BAF,US,Westfield,medium_airport,42.157799,-72.715599
Columbus Municipal Airport,CLU,US,Columbus,medium_airport,39.262386,-85.895576
Curtis Field,BBD,US,Brady,medium_airport,31.178931,-99.324732
Branson Airport,BKG,US,Branson,medium_airport,36.532082,-93.200544
Bryce Canyon Airport,BCE,US,Bryce Canyon,medium_airport,37.706401825,-112.144996643
Boca Raton Airport,BCT,US,Boca Raton,medium_airport,26.3785,-80.107697
Baudette International Airport,BDE,US,Baudette,medium_airport,48.728401,-94.612198
Bradley International Airport,BDL,US,Hartford,large_airport,41.938555,-72.688016
Igor I Sikorsky Memorial Airport,BDR,US,Bridgeport,medium_airport,41.163502,-73.126198
Laurence G Hanscom Field,BED,US,Bedford,medium_airport,42.470001,-71.289001
Bradford Regional Airport,BFD,US,Bradford,medium_airport,41.8031005859375,-78.64009857177734
Western Neb. Rgnl/William B. Heilig Airport,BFF,US,Scottsbluff,medium_airport,41.87400055,-103.5960007
King County International Airport - Boeing Field,BFI,US,Seattle,medium_airport,47.527042,-122.29995
Meadows Field,BFL,US,Bakersfield,medium_airport,35.433601,-119.056999
Mobile Downtown Airport,BFM,US,Mobile,medium_airport,30.626800537100003,-88.06809997559999
Greater Binghamton/Edwin A Link field,BGM,US,Binghamton,medium_airport,42.20869827,-75.97979736
Bangor International Airport,BGR,US,Bangor,medium_airport,44.806364,-68.826668
Hancock County-Bar Harbor Airport,BHB,US,Bar Harbor,medium_airport,44.45000076,-68.3615036
Birmingham-Shuttlesworth International Airport,BHM,US,Birmingham,large_airport,33.562877,-86.750712
Biggs Army Air Field (Fort Bliss),BIF,US,Fort Bliss/El Paso,medium_airport,31.84950066,-106.3799973
Eastern Sierra Regional Airport,BIH,US,Bishop,medium_airport,37.3731,-118.363998
Billings Logan International Airport,BIL,US,Billings,medium_airport,45.808932,-108.541242
Bismarck Municipal Airport,BIS,US,Bismarck,medium_airport,46.772734,-100.746874
Keesler Air Force Base,BIX,US,Biloxi,medium_airport,30.4104003906,-88.92440032959999
Rocky Mountain Metropolitan Airport,BJC,US,Denver,medium_airport,39.908798,-105.116997
Bemidji Regional Airport,BJI,US,Bemidji,medium_airport,47.50939941,-94.93370056
Baker City Municipal Airport,BKE,US,Baker City,medium_airport,44.8372993469,-117.808998108
Buckley Space Force Base,BFK,US,Aurora,medium_airport,39.701698,-104.751999
Burke Lakefront Airport,BKL,US,Cleveland,medium_airport,41.51750183105469,-81.68329620361328
Raleigh County Memorial Airport,BKW,US,Beaver,medium_airport,37.7873,-81.124199
Mercer County Airport,BLF,US,Bluefield,medium_airport,37.295799,-81.207703
Blythe Airport,BLH,US,Blythe,medium_airport,33.6192016602,-114.717002869
Bellingham International Airport,BLI,US,Bellingham,medium_airport,48.79280090332031,-122.53800201416016
Scott AFB/Midamerica Airport,BLV,US,Belleville,medium_airport,38.5452,-89.835197
Monroe County Airport,BMG,US,Bloomington,medium_airport,39.145999908447266,-86.61669921875
Central Illinois Regional Airport at Bloomington-Normal,BMI,US,Bloomington/Normal,medium_airport,40.4771,-88.915901
Nashville International Airport,BNA,US,Nashville,large_airport,36.1245,-86.6782
Burns Municipal Airport,BNO,US,Burns,medium_airport,43.590463,-118.955154
Boise Air Terminal/Gowen Field,BOI,US,Boise,large_airport,43.5644,-116.223
Boston Logan International Airport,BOS,US,Boston,large_airport,42.36197,-71.0079
Miley Memorial Field,BPI,US,Big Piney,medium_airport,42.58509827,-110.1110001
Ozark Regional Airport,WMH,US,Mountain Home,medium_airport,36.3689002991,-92.4704971313
Jack Brooks Regional Airport,BPT,US,Beaumont/Port Arthur,medium_airport,29.9508,-94.020699
Brunswick Golden Isles Airport,BQK,US,Brunswick,medium_airport,31.258801,-81.466499
Brainerd Lakes Regional Airport,BRD,US,Brainerd,medium_airport,46.402861,-94.129727
Southeast Iowa Regional Airport,BRL,US,Burlington,medium_airport,40.783199310302734,-91.12550354003906
Brownsville South Padre Island International Airport,BRO,US,Brownsville,medium_airport,25.907238,-97.425235
Battle Creek Executive Airport at Kellogg Field,BTL,US,Battle Creek,medium_airport,42.307301,-85.251503
Bert Mooney Airport,BTM,US,Butte,medium_airport,45.95479965209961,-112.49700164794922
Baton Rouge Metropolitan Airport,BTR,US,Baton Rouge,medium_airport,30.533199,-91.149597
Patrick Leahy Burlington International Airport,BTV,US,Burlington,medium_airport,44.471901,-73.153297
Buffalo Niagara International Airport,BUF,US,Buffalo,large_airport,42.940498,-78.732201
Hollywood Burbank/Bob Hope Airport,BUR,US,Burbank,large_airport,34.202834,-118.35805
Beaver County Airport,BFP,US,Beaver Falls,medium_airport,40.772499,-80.391403
Beverly Regional Airport,BVY,US,Beverly / Danvers,medium_airport,42.584202,-70.916496
Bowling Green Warren County Regional Airport,BWG,US,Bowling Green,medium_airport,36.964500427199994,-86.41970062259999
Baltimore/Washington International Thurgood Marshall Airport,BWI,US,Baltimore,large_airport,39.1754,-76.668297
Brunswick Executive Airport,NHZ,US,Brunswick,medium_airport,43.89220047,-69.93859863
Arkansas International Airport,BYH,US,Blytheville,medium_airport,35.9642982483,-89.94400024410001
Burley Municipal Airport,BYI,US,Burley,medium_airport,42.542598724399994,-113.772003174
Bicycle Lake Army Air Field,BYS,US,Fort Irwin/Barstow,medium_airport,35.2804985046,-116.629997253
Bozeman Yellowstone International Airport,BZN,US,Bozeman,medium_airport,45.778853,-111.153711
Columbia Metropolitan Airport,CAE,US,Columbia,medium_airport,33.938172,-81.123022
Akron Canton Regional Airport,CAK,US,Akron,medium_airport,40.91609954833984,-81.44219970703125
Caribou Municipal Airport,CAR,US,Caribou,medium_airport,46.871498,-68.017899
Columbus Air Force Base,CBM,US,Columbus,medium_airport,33.643799,-88.443802
Buchanan Field,CCR,US,Concord,medium_airport,37.9897,-122.056999
Northeast Iowa Regional Airport,CCY,US,Charles City,medium_airport,43.0726013184,-92.6108016968
Cedar City Regional Airport,CDC,US,Cedar City,medium_airport,37.70100021362305,-113.0989990234375
Chadron Municipal Airport,CDR,US,Chadron,medium_airport,42.837601,-103.095001
Childress Municipal Airport,CDS,US,Childress,medium_airport,34.4337997437,-100.288002014
Jack Mc Namara Field Airport,CEC,US,Crescent City,medium_airport,41.778929,-124.236403
Westover Metropolitan Airport / Westover Air Reserve Base,CEF,US,Chicopee,medium_airport,42.194,-72.534798
Bob Sikes Airport,CEW,US,Crestview,medium_airport,30.778799057,-86.522102356
Cortez Municipal Airport,CEZ,US,Cortez,medium_airport,37.303001,-108.627998
Cuyahoga County Airport,CGF,US,Cleveland,medium_airport,41.5651016235,-81.4863967896
Cape Girardeau Regional Airport,CGI,US,Cape Girardeau,medium_airport,37.2253,-89.570801
Chattanooga Metropolitan Airport (Lovell Field),CHA,US,Chattanooga,medium_airport,35.035301,-85.203796
Charlottesville Albemarle Airport,CHO,US,Charlottesville,medium_airport,38.13859939575195,-78.4529037475586
Charleston International Airport,CHS,US,Charleston,large_airport,32.896159,-80.038151
The Eastern Iowa Airport,CID,US,Cedar Rapids,medium_airport,41.884701,-91.7108
Chippewa County International Airport,CIU,US,Kincheloe,medium_airport,46.242038,-84.462082
North Central West Virginia Airport,CKB,US,Bridgeport,medium_airport,39.2966,-80.228104
Cleveland Hopkins International Airport,CLE,US,Cleveland,large_airport,41.411701,-81.8498
Easterwood Field,CLL,US,College Station,medium_airport,30.5886,-96.3638
William R Fairchild International Airport,CLM,US,Port Angeles,medium_airport,48.120201,-123.5
Charlotte Douglas International Airport,CLT,US,Charlotte,large_airport,35.2140007019043,-80.94309997558594
John Glenn Columbus International Airport,CMH,US,Columbus,large_airport,39.998001,-82.891899
University of Illinois Willard Airport,CMI,US,Savoy,medium_airport,40.039819,-88.276249
Houghton County Memorial Airport,CMX,US,Hancock,medium_airport,47.168399810791016,-88.48909759521484
Cavern City Air Terminal,CNM,US,Carlsbad,medium_airport,32.337501525878906,-104.26300048828124
Chanute Martin Johnson Airport,CNU,US,Chanute,medium_airport,37.668173,-95.486727
Canyonlands Regional Airport,CNY,US,Moab,medium_airport,38.755001,-109.754997
Yellowstone Regional Airport,COD,US,Cody,medium_airport,44.520199,-109.024002
Coeur D'Alene Airport - Pappy Boyington Field,COE,US,Coeur d'Alene,medium_airport,47.7743,-116.82
Patrick Space Force Base,COF,US,Cocoa Beach,medium_airport,28.2349,-80.6101
Concord Municipal Airport,CON,US,Concord,medium_airport,43.20270157,-71.50229645
City of Colorado Springs Municipal Airport,COS,US,Colorado Springs,large_airport,38.805801,-104.700996
Columbia Regional Airport,COU,US,Columbia,medium_airport,38.8181,-92.219597
Casper-Natrona County International Airport,CPR,US,Casper,medium_airport,42.907381,-106.461609
Grand Strand Airport,CRE,US,North Myrtle Beach,medium_airport,33.8116989136,-78.72389984130001
Jacksonville Executive at Craig Airport,CRG,US,Jacksonville,medium_airport,30.3362998962,-81.51439666750001
Corpus Christi International Airport,CRP,US,Corpus Christi,medium_airport,27.770399,-97.501198
McClellan-Palomar Airport,CLD,US,Carlsbad,medium_airport,33.1283,-117.279999
Yeager Airport,CRW,US,Charleston,medium_airport,38.3731,-81.593201
Columbus Airport,CSG,US,Columbus,medium_airport,32.516415,-84.939602
Crossville Memorial Airport Whitson Field,CSV,US,Crossville,medium_airport,35.95131,-85.08499
Cut Bank International Airport,CTB,US,Cut Bank,medium_airport,48.608657,-112.378183
Jim Hamilton L.B. Owens Airport,CUB,US,Columbia,medium_airport,33.970500946,-80.9952011108
Cincinnati Northern Kentucky International Airport,CVG,US,Cincinnati / Covington,large_airport,39.048801,-84.667801
Clovis Municipal Airport,CVN,US,Clovis,medium_airport,34.426594,-103.078794
Corvallis Municipal Airport,CVO,US,Corvallis,medium_airport,44.49720001,-123.2900009
Cannon Air Force Base,CVS,US,Clovis,medium_airport,34.382801,-103.321999
Central Wisconsin Airport,CWA,US,Mosinee,medium_airport,44.777448,-89.670238
Conroe-North Houston Regional Airport,CXO,US,Houston,medium_airport,30.351801,-95.414497
Carson Airport,CSN,US,Carson City,medium_airport,39.194331,-119.734312
Cheyenne Regional Jerry Olson Field,CYS,US,Cheyenne,medium_airport,41.155701,-104.811997
Davison Army Air Field,DAA,US,Fort Belvoir,medium_airport,38.715000152600005,-77.1809997559
Daytona Beach International Airport,DAB,US,Daytona Beach,medium_airport,29.18255,-81.059464
Barstow Daggett Airport,DAG,US,Daggett,medium_airport,34.85369873,-116.7870026
Dallas Love Field,DAL,US,Dallas,large_airport,32.844776,-96.847653
Danville Regional Airport,DAN,US,Danville,medium_airport,36.572899,-79.336098
James M. Cox Dayton International Airport,DAY,US,Dayton,medium_airport,39.902401,-84.219398
Dubuque Regional Airport,DBQ,US,Dubuque,medium_airport,42.402,-90.709503
Ronald Reagan Washington National Airport,DCA,US,Washington,large_airport,38.8521,-77.037697
Dodge City Regional Airport,DDC,US,Dodge City,medium_airport,37.76340103149414,-99.9655990600586
Decatur Airport,DEC,US,Decatur,medium_airport,39.834598541259766,-88.8656997680664
Denver International Airport,DEN,US,Denver,large_airport,39.860027,-104.673792
Coleman A. Young Municipal Airport,DET,US,Detroit,medium_airport,42.40919876,-83.00990295
Dallas Fort Worth International Airport,DFW,US,Dallas-Fort Worth,large_airport,32.896801,-97.038002
Dothan Regional Airport,DHN,US,Dothan,medium_airport,31.321300506591797,-85.44960021972656
Dalhart Municipal Airport,DHT,US,Dalhart,medium_airport,36.0225982666,-102.54699707
Dickinson Theodore Roosevelt Regional Airport,DIK,US,Dickinson,medium_airport,46.797533,-102.801905
Laughlin Air Force Base,DLF,US,Del Rio,medium_airport,29.359501,-100.778002
Duluth International Airport,DLH,US,Duluth,medium_airport,46.841873,-92.198746
Columbia Gorge Regional Airport,DLS,US,Dallesport / The Dalles,medium_airport,45.620979,-121.170777
Davis Monthan Air Force Base,DMA,US,Tucson,medium_airport,32.1665000916,-110.883003235
Deming Municipal Airport,DMN,US,Deming,medium_airport,32.262298584,-107.721000671
Daniel Field,DNL,US,Augusta,medium_airport,33.4664993286,-82.0393981934
Dover Civil Air Terminal/Dover Air Force Base,DOV,US,Dover,medium_airport,39.129501,-75.466003
Dupage Airport,DPA,US,Chicago/West Chicago,medium_airport,41.90779877,-88.24859619
Desert Rock Airport,DRA,US,Mercury,medium_airport,36.6194,-116.032997
Beauregard Regional Airport,DRI,US,DeRidder,medium_airport,30.831699,-93.339897
Durango La Plata County Airport,DRO,US,Durango,medium_airport,37.151501,-107.753998
Del Rio International Airport,DRT,US,Del Rio,medium_airport,29.3742008209,-100.927001953
Des Moines International Airport,DSM,US,Des Moines,large_airport,41.534027,-93.656719
Destin Executive Airport,DSI,US,Destin,medium_airport,30.400101,-86.471497
Detroit Metropolitan Wayne County Airport,DTW,US,Detroit,large_airport,42.21377,-83.353786
Durant Regional Airport - Eaker Field,DUA,US,Durant,medium_airport,33.939675,-96.395072
Bisbee Douglas International Airport,DUG,US,Douglas Bisbee,medium_airport,31.464139,-109.60456
DuBois Regional Airport,DUJ,US,Dubois,medium_airport,41.17829895,-78.8986969
Devils Lake Regional Airport,DVL,US,Devils Lake,medium_airport,48.115454,-98.908796
Danbury Municipal Airport,DXR,US,Danbury,medium_airport,41.371656,-73.482227
Dyess Air Force Base,DYS,US,Abilene,medium_airport,32.420799,-99.854599
Kearney Regional Airport,EAR,US,Kearney,medium_airport,40.727001,-99.006798
Pangborn Memorial Airport,EAT,US,Wenatchee,medium_airport,47.398899,-120.207001
Chippewa Valley Regional Airport,EAU,US,Eau Claire,medium_airport,44.86579895019531,-91.48429870605467
Elizabeth City Regional Airport & Coast Guard Air Station,ECG,US,Elizabeth City,medium_airport,36.260601,-76.174599
Northwest Florida Beaches International Airport,ECP,US,Panama City Beach,medium_airport,30.357106,-85.795414
Edwards Air Force Base,EDW,US,Edwards,medium_airport,34.910781,-117.886391
Needles Airport,EED,US,Needles,medium_airport,34.7663002014,-114.623001099
Dillant Hopkins Airport,EEN,US,Keene,medium_airport,42.898399,-72.270798
Ellington Airport,EFD,US,Houston,medium_airport,29.6072998047,-95.1587982178
Eagle County Regional Airport,EGE,US,Eagle,medium_airport,39.64260101,-106.9179993
Duke Field,EGI,US,Crestview,medium_airport,30.65040016,-86.52290344
Murray Field,EKA,US,Eureka,medium_airport,40.803398,-124.112999
Elkins-Randolph County Regional Airport,EKN,US,Elkins,medium_airport,38.889759,-79.857651
Elko Regional Airport,EKO,US,Elko,medium_airport,40.82490158081055,-115.79199981689452
South Arkansas Regional Airport at Goodwin Field,ELD,US,El Dorado,medium_airport,33.221001,-92.813301
Elmira Corning Regional Airport,ELM,US,Elmira/Corning,medium_airport,42.1599006652832,-76.8916015625
Ely Municipal Airport,LYU,US,Ely,medium_airport,47.82450104,-91.83070374
El Paso International Airport,ELP,US,El Paso,large_airport,31.809908,-106.375607
Ely Airport Yelland Field,ELY,US,Ely,medium_airport,39.29970169,-114.8420029
Vance Air Force Base,END,US,Enid,medium_airport,36.339199,-97.916496
Wendover Airport,ENV,US,Wendover,medium_airport,40.7187004089,-114.03099823
Kenosha Regional Airport,ENW,US,Kenosha,medium_airport,42.59569931,-87.92780304
Erie International Tom Ridge Field,ERI,US,Erie,medium_airport,42.083127,-80.173867
Delta County Airport,ESC,US,Escanaba,medium_airport,45.723199,-87.088623
Esler Army Airfield / Esler Regional Airport,ESF,US,Alexandria,medium_airport,31.394266,-92.294082
Eugene Airport,EUG,US,Eugene,medium_airport,44.124599,-123.211998
Evansville Regional Airport,EVV,US,Evansville,medium_airport,38.0369987488,-87.5324020386
Evanston-Uinta County Airport-Burns Field,EVW,US,Evanston,medium_airport,41.27479935,-111.0350037
New Bedford Regional Airport,EWB,US,New Bedford,medium_airport,41.67610168457031,-70.95690155029297
Coastal Carolina Regional Airport,EWN,US,New Bern,medium_airport,35.0730018616,-77.04290008539999
Newark Liberty International Airport,EWR,US,Newark,large_airport,40.6894,-74.170545
Key West International Airport,EYW,US,Key West,medium_airport,24.556119,-81.759579
Felker Army Air Field,FAF,US,Newport News (Fort Eustis),medium_airport,37.1325,-76.608803
Hector International Airport,FAR,US,Fargo,medium_airport,46.9207,-96.815804
Fresno Yosemite International Airport,FAT,US,Fresno,large_airport,36.775767,-119.718018
Fayetteville Regional Airport - Grannis Field,FAY,US,Fayetteville,medium_airport,34.991199,-78.880302
Simmons Army Air Field,FBG,US,Fort Bragg,medium_airport,35.13180161,-78.93669891
Butts AAF (Fort Carson) Air Field,FCS,US,Fort Carson,medium_airport,38.67839813,-104.7570038
Findlay Airport,FDY,US,Findlay,medium_airport,41.0135002136,-83.66870117190001
Wright-Patterson Air Force Base,FFO,US,Dayton,medium_airport,39.826099,-84.048302
Friday Harbor Airport,FRD,US,Friday Harbor,medium_airport,48.523654,-123.024645
Sierra Vista Municipal Airport / Libby Army Air Field,FHU,US,Fort Huachuca / Sierra Vista,medium_airport,31.587383,-110.348225
Venango Regional Airport,FKL,US,Franklin,medium_airport,41.3778991699,-79.8603973389
Flagstaff Pulliam Airport,FLG,US,Flagstaff,medium_airport,35.139757,-111.669826
Fort Lauderdale Hollywood International Airport,FLL,US,Fort Lauderdale,large_airport,26.072599,-80.152702
Florence Regional Airport,FLO,US,Florence,medium_airport,34.18539810180664,-79.7238998413086
Fort Meade Executive Airport,FME,US,Fort Meade(Odenton),medium_airport,39.0854,-76.759399
Four Corners Regional Airport,FMN,US,Farmington,medium_airport,36.741199,-108.230003
Page Field,FMY,US,Fort Myers,medium_airport,26.58659935,-81.86329650879999
Northern Colorado Regional Airport,FNL,US,Loveland,medium_airport,40.44969,-105.011272
Bishop International Airport,FNT,US,Flint,medium_airport,42.969294,-83.743355
Fort Dodge Regional Airport,FOD,US,Fort Dodge,medium_airport,42.552624,-94.191237
Topeka Regional Airport,FOE,US,Topeka,medium_airport,38.950901,-95.663597
Treasure Coast International Airport,FPR,US,Fort Pierce,medium_airport,27.4951,-80.368301
Republic Airport,FRG,US,East Farmingdale,medium_airport,40.728576,-73.414267
Marshall Army Air Field,FRI,US,Fort Riley (Junction City),medium_airport,39.053021,-96.764202
Sioux Falls Regional Airport,FSD,US,Sioux Falls,medium_airport,43.585463,-96.741152
Henry Post Army Air Field,FSI,US,Fort Sill,medium_airport,34.649799,-98.402199
Fort Smith Regional Airport,FSM,US,Fort Smith,medium_airport,35.336601,-94.367401
Fort Stockton Pecos County Airport,FST,US,Fort Stockton,medium_airport,30.9157009125,-102.916000366
Godman Army Air Field,FTK,US,Fort Knox,medium_airport,37.9071006775,-85.9720993042
Fort Worth Meacham International Airport,FTW,US,Fort Worth,medium_airport,32.819919,-97.360818
Fulton County Airport Brown Field,FTY,US,Atlanta,medium_airport,33.7790985107,-84.5214004517
Fort Wayne International Airport,FWA,US,Fort Wayne,medium_airport,40.978896,-85.194465
Fort Lauderdale Executive Airport,FXE,US,Fort Lauderdale,medium_airport,26.1972999573,-80.1707000732
Drake Field,FYV,US,Fayetteville,medium_airport,36.00510025024414,-94.17009735107422
Northeast Wyoming Regional Airport,GCC,US,Gillette,medium_airport,44.3489,-105.539001
Garden City Regional Airport,GCK,US,Garden City,medium_airport,37.9275016785,-100.723999023
Grand Canyon National Park Airport,GCN,US,Grand Canyon - Tusayan,medium_airport,35.9524,-112.147003
Dawson Community Airport,GDV,US,Glendive,medium_airport,47.137658,-104.80691
Spokane International Airport,GEG,US,Spokane,large_airport,47.6199,-117.533997
Grand Forks International Airport,GFK,US,Grand Forks,medium_airport,47.949299,-97.176102
Floyd Bennett Memorial Airport,GFL,US,Glens Falls,medium_airport,43.3412017822,-73.6102981567
East Texas Regional Airport,GGG,US,Longview,medium_airport,32.38399887084961,-94.71150207519533
Glasgow Valley County Airport Wokal Field,GGW,US,Glasgow,medium_airport,48.212502,-106.614998
Grand Junction Regional Airport,GJT,US,Grand Junction,medium_airport,39.126663,-108.529387
Goodland Municipal Airport,GLD,US,Goodland,medium_airport,39.370701,-101.699753
Mid Delta Regional Airport,GLH,US,Greenville,medium_airport,33.482899,-90.985603
Scholes International At Galveston Airport,GLS,US,Galveston,medium_airport,29.265301,-94.860397
Greenville Downtown Airport,GMU,US,Greenville,medium_airport,34.847903,-82.350217
Gainesville Regional Airport,GNV,US,Gainesville,medium_airport,29.6900997162,-82.2717971802
Groton New London Airport,GON,US,Groton,medium_airport,41.330101,-72.045097
Glacier Park International Airport,FCA,US,Kalispell,medium_airport,48.310501,-114.255997
Gulfport Biloxi International Airport,GPT,US,Gulfport,medium_airport,30.405582,-89.069836
Austin Straubel International Airport,GRB,US,Green Bay,medium_airport,44.483459,-88.130805
Gray Army Air Field,GRF,US,Fort Lewis/Tacoma,medium_airport,47.07920074,-122.5810013
Central Nebraska Regional Airport,GRI,US,Grand Island,medium_airport,40.967498779296875,-98.30960083007812
Killeen Regional Airport / Robert Gray Army Airfield,GRK,US,Fort Cavazos,medium_airport,31.0672,-97.828903
Gerald R. Ford International Airport,GRR,US,Grand Rapids,large_airport,42.880798,-85.522797
Seymour Johnson Air Force Base,GSB,US,Goldsboro,medium_airport,35.339401,-77.960602
Piedmont Triad International Airport,GSO,US,Greensboro,large_airport,36.09937,-79.937262
Greenville-Spartanburg International Airport,GSP,US,Greenville/Greer/Spartanburg,medium_airport,34.895699,-82.218903
Great Falls International Airport,GTF,US,Great Falls,medium_airport,47.481998,-111.371002
Golden Triangle Regional Airport,GTR,US,Columbus/W Point/Starkville,medium_airport,33.450298,-88.5914
Gunnison Crested Butte Regional Airport,GUC,US,Gunnison,medium_airport,38.534672,-106.934566
Gallup Municipal Airport,GUP,US,Gallup,medium_airport,35.511653,-108.788166
Grissom Air Reserve Base,GUS,US,Peru,medium_airport,40.648102,-86.1521
Guymon Municipal Airport,GUY,US,Guymon,medium_airport,36.6851005554,-101.508003235
Greenwood–Leflore Airport,GWO,US,Greenwood,medium_airport,33.495025,-90.088204
North Texas Regional Airport Perrin Field,PNX,US,Denison,medium_airport,33.7141,-96.673698
Gary/Chicago International Airport,GYY,US,Gary,medium_airport,41.617087,-87.413206
Dara Sakor International Airport,DSY,KH,Ta Noun,large_airport,10.914244,103.226652
Techo International Airport,KTI,KH,Phnom Penh (Boeng Khyang),large_airport,11.359987,104.921272
Hattiesburg Bobby L Chain Municipal Airport,HBG,US,Hattiesburg,medium_airport,31.26479912,-89.25279999
Hobart Regional Airport,HBR,US,Hobart,medium_airport,34.991317,-99.051313
Yampa Valley Airport,HDN,US,Hayden,medium_airport,40.481201,-107.218002
Manassas Regional Airport/Harry P. Davis Field,MNZ,US,Manassas,medium_airport,38.721401,-77.515404
Hartford Brainard Airport,HFD,US,Hartford,medium_airport,41.736698150635,-72.649398803711
Hagerstown Regional Richard A Henson Field,HGR,US,Hagerstown,medium_airport,39.708771,-77.728014
Jack Northrop Field Hawthorne Municipal Airport,HHR,US,Hawthorne,medium_airport,33.922798,-118.334999
Range Regional Airport,HIB,US,Hibbing,medium_airport,47.384831,-92.836905
Hill Air Force Base,HIF,US,Ogden,medium_airport,41.12403,-111.973086
Lake Havasu City Airport,HII,US,Lake Havasu City,medium_airport,34.570506,-114.357745
Portland Hillsboro Airport,HIO,US,Portland,medium_airport,45.540401,-122.949997
Hickory Regional Airport,HKY,US,Hickory,medium_airport,35.74110031,-81.38950348
Wheeling Ohio County Airport,HLG,US,Wheeling,medium_airport,40.1749992371,-80.6463012695
Helena Regional Airport,HLN,US,Helena,medium_airport,46.6068,-111.983002
Holloman Air Force Base,HMN,US,Alamogordo,medium_airport,32.852501,-106.107002
Lea County Regional Airport,HOB,US,Hobbs,medium_airport,32.6875,-103.217003
Huron Regional Airport,HON,US,Huron,medium_airport,44.385201,-98.2285
Campbell Army Airfield (Fort Campbell),HOP,US,Fort Campbell,medium_airport,36.674154,-87.48974
Memorial Field Airport,HOT,US,Hot Springs,medium_airport,34.4788,-93.096262
William P. Hobby Airport,HOU,US,Houston,large_airport,29.645336,-95.276812
Westchester County Airport,HPN,US,White Plains,medium_airport,41.06700134277344,-73.70760345458984
Bowerman Airport,HQM,US,Hoquiam,medium_airport,46.971199035599994,-123.93699646
Valley International Airport,HRL,US,Harlingen,medium_airport,26.228500366210938,-97.65440368652344
Boone County Airport,HRO,US,Harrison,medium_airport,36.26150131225586,-93.15470123291016
Homestead Air Reserve Base,HST,US,Homestead,medium_airport,25.4886,-80.383598
Huntsville International Airport,HSV,US,Huntsville,medium_airport,34.636244,-86.774378
Tri-State Airport / Milton J. Ferguson Field,HTS,US,Huntington,medium_airport,38.366699,-82.557999
Redstone Army Air Field,HUA,US,Redstone Arsnl Huntsville,medium_airport,34.67869949,-86.68479919
"Terre Haute Regional Airport, Hulman Field",HUF,US,Terre Haute,medium_airport,39.4515,-87.307602
Houlton International Airport,HUL,US,Houlton,medium_airport,46.1231002808,-67.792098999
Hutchinson Municipal Airport,HUT,US,Hutchinson,medium_airport,38.0654983521,-97.86060333250002
Tweed New Haven Airport,HVN,US,New Haven,medium_airport,41.262869,-72.887694
Havre City County Airport,HVR,US,Havre,medium_airport,48.541387,-109.762859
North Perry Airport,HWO,US,Hollywood,medium_airport,26.0012,-80.2407
Hilton Head Airport,HHH,US,Hilton Head Island,medium_airport,32.2244,-80.697502
Cape Cod Gateway Airport,HYA,US,Hyannis,medium_airport,41.6693,-70.280403
Sawyer County Airport,HYR,US,Hayward,medium_airport,46.025199890100005,-91.44429779050002
Hays Regional Airport,HYS,US,Hays,medium_airport,38.844521,-99.273148
Northeast Ohio Regional Airport,JFN,US,Ashtabula,medium_airport,41.778,-80.695503
McConnell Air Force Base,IAB,US,Wichita,medium_airport,37.621899,-97.268204
Washington Dulles International Airport,IAD,US,Dulles,large_airport,38.9445,-77.455803
Niagara Falls International Airport,IAG,US,Niagara Falls,medium_airport,43.1073,-78.946198
George Bush Intercontinental Airport,IAH,US,Houston,large_airport,29.9844,-95.3414
Wichita Dwight D. Eisenhower National Airport,ICT,US,Wichita,medium_airport,37.650314,-97.428583
Idaho Falls Regional Airport,IDA,US,Idaho Falls,medium_airport,43.514599,-112.070999
Laughlin Bullhead International Airport,IFP,US,Bullhead City,medium_airport,35.154726,-114.559322
Kingman Airport,IGM,US,Kingman,medium_airport,35.259499,-113.938004
Greater Kankakee Airport,IKK,US,Kankakee,medium_airport,41.07139968869999,-87.8462982178
Wilmington Airport,ILG,US,Wilmington,medium_airport,39.678699,-75.606499
Wilmington International Airport,ILM,US,Wilmington,medium_airport,34.272345,-77.905117
Wilmington Airpark,ILN,US,Wilmington,medium_airport,39.427898407,-83.792098999
Ford Airport,IMT,US,Kingsford,medium_airport,45.81911,-88.114557
Indianapolis International Airport,IND,US,Indianapolis,large_airport,39.7173,-86.294403
Winkler County Airport,INK,US,Wink,medium_airport,31.779600143399996,-103.200996399
Falls International Airport,INL,US,International Falls,medium_airport,48.566200256347656,-93.4030990600586
Smith Reynolds Airport,INT,US,Winston Salem,medium_airport,36.13370132446289,-80.22200012207031
Winslow Lindbergh Regional Airport,INW,US,Winslow,medium_airport,35.021900177,-110.722999573
Imperial County Airport,IPL,US,Imperial,medium_airport,32.83539,-115.574026
Williamsport Regional Airport,IPT,US,Williamsport,medium_airport,41.242126,-76.92245
Kirksville Regional Airport,IRK,US,Kirksville,medium_airport,40.09349822998047,-92.5448989868164
Kissimmee Gateway Airport,ISM,US,Orlando,medium_airport,28.2898006439,-81.4371032715
Kinston Regional Jetport At Stallings Field,ISO,US,Kinston,medium_airport,35.331401825,-77.60880279540001
Long Island MacArthur Airport,ISP,US,Islip,medium_airport,40.796324,-73.101703
Ithaca Tompkins Regional Airport,ITH,US,Ithaca,medium_airport,42.49100112915039,-76.4583969116211
Mesa Gateway Airport,AZA,US,Mesa,medium_airport,33.3078,-111.654999
Jackson Hole Airport,JAC,US,Jackson,medium_airport,43.6073,-110.737999
Jackson-Medgar Wiley Evers International Airport,JAN,US,Jackson,medium_airport,32.311199,-90.075897
Jacksonville International Airport,JAX,US,Jacksonville,large_airport,30.492469,-81.687813
Jonesboro Municipal Airport,JBR,US,Jonesboro,medium_airport,35.83169937133789,-90.64640045166016
Kimble County Airport,JCT,US,Junction,medium_airport,30.5112991333,-99.7634963989
John F. Kennedy International Airport,JFK,US,New York,large_airport,40.639447,-73.779317
Chautauqua County-Jamestown Airport,JHW,US,Jamestown,medium_airport,42.15425,-79.254008
Joplin Regional Airport,JLN,US,Joplin,medium_airport,37.151798,-94.498299
Jamestown Regional Airport,JMS,US,Jamestown,medium_airport,46.92969894,-98.67819977
Concord-Padgett Regional Airport,USA,US,Concord,medium_airport,35.387798,-80.709099
John Murtha Johnstown Cambria County Airport,JST,US,Johnstown,medium_airport,40.31610107421875,-78.83390045166016
Jackson County Airport/Reynolds Field,JXN,US,Jackson,medium_airport,42.260509,-84.463019
Southwest Washington Regional Airport,KLS,US,Kelso,medium_airport,46.11800003049999,-122.898002625
Southeast Colorado Regional Airport,LAA,US,Lamar,medium_airport,38.066407,-102.691373
Purdue University Airport,LAF,US,West Lafayette,medium_airport,40.412875,-86.939363
Lakeland Linder International Airport,LAL,US,Lakeland,medium_airport,27.989267,-82.020715
Capital Region International Airport,LAN,US,Lansing,medium_airport,42.777582,-84.585721
Laramie Regional Airport,LAR,US,Laramie,medium_airport,41.31209945678711,-105.6750030517578
Harry Reid International Airport,LAS,US,Las Vegas,large_airport,36.083361,-115.151817
Lawton Fort Sill Regional Airport,LAW,US,Lawton,medium_airport,34.567699,-98.416603
Los Angeles International Airport,LAX,US,Los Angeles,large_airport,33.942501,-118.407997
Lubbock Preston Smith International Airport,LBB,US,Lubbock,medium_airport,33.663601,-101.822998
Arnold Palmer Regional Airport,LBE,US,Latrobe,medium_airport,40.275902,-79.4048
North Platte Regional Airport Lee Bird Field,LBF,US,North Platte,medium_airport,41.12620163,-100.6839981
Liberal Mid-America Regional Airport,LBL,US,Liberal,medium_airport,37.0442009,-100.9599991
Lumberton Regional Airport,LBT,US,Lumberton,medium_airport,34.610773,-79.05943
Texas Gulf Coast Regional Airport,LJN,US,Angleton,medium_airport,29.108601,-95.462097
Lake Charles Regional Airport,LCH,US,Lake Charles,medium_airport,30.126100540161133,-93.22329711914062
Rickenbacker International Airport,LCK,US,Columbus,medium_airport,39.813801,-82.927803
Lebanon Municipal Airport,LEB,US,Lebanon,medium_airport,43.626098632799994,-72.30419921880001
Leesburg International Airport,LEE,US,Leesburg,medium_airport,28.82309914,-81.80870056
Blue Grass Airport,LEX,US,Lexington,medium_airport,38.035066,-84.606738
Langley Air Force Base,LFI,US,Hampton,medium_airport,37.082901,-76.360497
Angelina County Airport,LFK,US,Lufkin,medium_airport,31.2339992523,-94.75
Lafayette Regional Airport,LFT,US,Lafayette,medium_airport,30.205299,-91.987602
LaGuardia Airport,LGA,US,New York,large_airport,40.777199,-73.872597
Long Beach International Airport,LGB,US,Long Beach,large_airport,33.816523,-118.149891
Logan-Cache Airport,LGU,US,Logan,medium_airport,41.7911987305,-111.851997375
Bill & Hillary Clinton National Airport/Adams Field,LIT,US,Little Rock,medium_airport,34.729222,-92.223591
Crater Lake-Klamath Regional Airport,LMT,US,Klamath Falls,medium_airport,42.156101,-121.733002
Hunt Field,LND,US,Lander,medium_airport,42.815201,-108.730003
Lincoln Airport,LNK,US,Lincoln,medium_airport,40.844882,-96.76178
Lancaster Airport,LNS,US,Lancaster,medium_airport,40.121700286865234,-76.29609680175781
Derby Field,LOL,US,Lovelock,medium_airport,40.0663986206,-118.565002441
Bowman Field,LOU,US,Louisville,medium_airport,38.2280006409,-85.6636962891
London-Corbin Airport/Magee Field,LOZ,US,London,medium_airport,37.0821990967,-84.08489990230001
Laredo International Airport,LRD,US,Laredo,medium_airport,27.5438,-99.461601
Little Rock Air Force Base,LRF,US,Jacksonville,medium_airport,34.916900634799994,-92.14969635010002
Las Cruces International Airport,LRU,US,Las Cruces,medium_airport,32.289398,-106.921997
La Crosse Regional Airport,LSE,US,La Crosse,medium_airport,43.879002,-91.256699
Lawson Army Air Field,LSF,US,Fort Benning,medium_airport,32.332546,-84.988003
Nellis Air Force Base,LSV,US,Las Vegas,medium_airport,36.2361984253,-115.033996582
Altus Air Force Base,LTS,US,Altus,medium_airport,34.667099,-99.266701
Luke Air Force Base,LUF,US,Glendale,medium_airport,33.535,-112.383003
Cincinnati Municipal Airport Lunken Field,LUK,US,Cincinnati,medium_airport,39.102357,-84.418945
Mission Field,LVM,US,Livingston,medium_airport,45.6994018555,-110.447998047
Las Vegas Municipal Airport,LVS,US,Las Vegas,medium_airport,35.654202,-105.141998
Greenbrier Valley Airport,LWB,US,Lewisburg,medium_airport,37.857914,-80.400438
Lawrence Municipal Airport,LWM,US,Lawrence,medium_airport,42.717201232899995,-71.1233978271
Lewiston Nez Perce County Airport,LWS,US,Lewiston,medium_airport,46.3745002746582,-117.01499938964844
Lewistown Municipal Airport,LWT,US,Lewistown,medium_airport,47.048429,-109.466143
Lynchburg Regional Airport - Preston Glenn Field,LYH,US,Lynchburg,medium_airport,37.326698,-79.200401
Midland International Air and Space Port,MAF,US,Midland,medium_airport,31.942499,-102.202003
Mobridge Municipal Airport,MBG,US,Mobridge,medium_airport,45.54650116,-100.4079971
MBS International Airport,MBS,US,Freeland,medium_airport,43.533181,-84.083104
McComb-Pike County Airport / John E Lewis Field,MCB,US,McComb,medium_airport,31.178499,-90.471901
McClellan Airfield,MCC,US,Sacramento,medium_airport,38.667599,-121.401001
Merced Regional Macready Field,MCE,US,Merced,medium_airport,37.284698,-120.514
MacDill Air Force Base,MCF,US,Tampa,medium_airport,27.8493,-82.521202
Kansas City International Airport,MCI,US,Kansas City,large_airport,39.301699,-94.713893
McCook Ben Nelson Regional Airport,MCK,US,McCook,medium_airport,40.207787,-100.592794
Middle Georgia Regional Airport,MCN,US,Macon,medium_airport,32.69279861450195,-83.64920043945312
Orlando International Airport,MCO,US,Orlando,large_airport,28.429399490356445,-81.30899810791016
Mason City Municipal Airport,MCW,US,Mason City,medium_airport,43.159801,-93.329716
Southern Illinois Airport,MDH,US,Murphysboro,medium_airport,37.778099,-89.251999
Harrisburg International Airport,MDT,US,Harrisburg,medium_airport,40.192838,-76.762333
Chicago Midway International Airport,MDW,US,Chicago,large_airport,41.785999,-87.752403
Key Field / Meridian Regional Airport,MEI,US,Meridian,medium_airport,32.3326,-88.7519
Memphis International Airport,MEM,US,Memphis,large_airport,35.043845,-89.97634
Castle Airport,MER,US,Merced,medium_airport,37.38050079,-120.5680008
Mansfield Lahm Regional Airport,MFD,US,Mansfield,medium_airport,40.82139968869999,-82.5166015625
McAllen Miller International Airport,MFE,US,McAllen,medium_airport,26.176141,-98.237965
Rogue Valley International-Medford Airport,MFR,US,Medford,medium_airport,42.374199,-122.873001
Michigan City Municipal Airport,MGC,US,Michigan City,medium_airport,41.7033,-86.821198
Dobbins Air Reserve Base,MGE,US,Marietta,medium_airport,33.915401,-84.516296
Montgomery Regional (Dannelly Field) Airport,MGM,US,Montgomery,medium_airport,32.300598,-86.393997
Morgantown Municipal Airport Walter L. (Bill) Hart Field,MGW,US,Morgantown,medium_airport,39.643305,-79.917598
Manhattan Regional Airport,MHK,US,Manhattan,medium_airport,39.14099884033203,-96.6707992553711
Sacramento Mather Airport,MHR,US,Sacramento,medium_airport,38.554744,-121.297989
Manchester-Boston Regional Airport,MHT,US,Manchester,medium_airport,42.932598,-71.435699
Mojave Air &  Space Port,MHV,US,Mojave,medium_airport,35.056391,-118.145342
Miami International Airport,MIA,US,Miami,large_airport,25.796011,-80.289751
Minot Air Force Base,MIB,US,Minot,medium_airport,48.4156,-101.358002
Delaware County Johnson Field,MIE,US,Muncie,medium_airport,40.242298,-85.395897
Millville Municipal Airport,MIV,US,Millville,medium_airport,39.367802,-75.072197
Charles B. Wheeler Downtown Airport,MKC,US,Kansas City,medium_airport,39.123199,-94.592796
General Mitchell International Airport,MKE,US,Milwaukee,large_airport,42.947201,-87.896599
Muskegon County Airport,MKG,US,Muskegon,medium_airport,43.169498,-86.238197
McKellar-Sipes Regional Airport,MKL,US,Jackson,medium_airport,35.599899,-88.915604
Melbourne Orlando International Airport,MLB,US,Melbourne,medium_airport,28.102009,-80.641088
Mc Alester Regional Airport,MLC,US,Mc Alester,medium_airport,34.882401,-95.783501
Quad City International Airport,MLI,US,Moline,medium_airport,41.448502,-90.5075
Miles City Airport - Frank Wiley Field,MLS,US,Miles City,medium_airport,46.427268,-105.885372
Monroe Regional Airport,MLU,US,Monroe,medium_airport,32.510899,-92.037697
Mc Entire Joint National Guard Base,MMT,US,Eastover,medium_airport,33.92079926,-80.80130005
Morristown Municipal Airport,MMU,US,Morristown,medium_airport,40.799062,-74.414949
Mobile Regional Airport,MOB,US,Mobile,medium_airport,30.6912,-88.242798
Modesto City Co-Harry Sham Field,MOD,US,Modesto,medium_airport,37.625801,-120.954002
Minot International Airport,MOT,US,Minot,medium_airport,48.25801,-101.279123
Edward F Knapp State Airport,MPV,US,Barre/Montpelier,medium_airport,44.20349884,-72.56230164
Smyrna Airport,MQY,US,Smyrna,medium_airport,36.0089988708,-86.5201034546
Eastern WV Regional Airport/Shepherd Field,MRB,US,Martinsburg,medium_airport,39.40190125,-77.98459625
Monterey Regional Airport,MRY,US,Monterey,medium_airport,36.586777,-121.844183
Northwest Alabama Regional Airport,MSL,US,Muscle Shoals,medium_airport,34.745123,-87.612981
Dane County Regional Truax Field,MSN,US,Madison,medium_airport,43.1399,-89.337502
Missoula Montana Airport,MSO,US,Missoula,medium_airport,46.915816,-114.091107
Minneapolis–Saint Paul International Airport / Wold–Chamberlain Field,MSP,US,Minneapolis,large_airport,44.880081,-93.221741
Massena International Airport Richards Field,MSS,US,Massena,medium_airport,44.936157,-74.844304
Louis Armstrong New Orleans International Airport,MSY,US,New Orleans,large_airport,29.993401,-90.264673
Selfridge Air National Guard Base Airport,MTC,US,Mount Clemens,medium_airport,42.613463,-82.836919
Florida Keys Marathon International Airport,MTH,US,Marathon,medium_airport,24.726006,-81.05138
Montrose Regional Airport,MTJ,US,Montrose,medium_airport,38.5098,-107.893997
Martin State Airport,MTN,US,Baltimore,medium_airport,39.325699,-76.413803
Muir Army Air Field (Fort Indiantown Gap) Airport,MUI,US,Fort Indiantown Gap(Annville),medium_airport,40.435214,-76.568661
Mountain Home Air Force Base,MUO,US,Mountain Home,medium_airport,43.043598,-115.872002
Veterans Airport of Southern Illinois,MWA,US,Marion,medium_airport,37.751208,-89.016568
Grant County International Airport,MWH,US,Moses Lake,medium_airport,47.20769882,-119.3199997
Mineral Wells Regional Airport,MWL,US,Mineral Wells,medium_airport,32.781601,-98.060204
Maxwell Air Force Base,MXF,US,Montgomery,medium_airport,32.3829,-86.365799
McCall Municipal Airport,MYL,US,McCall,medium_airport,44.888837,-116.101112
Myrtle Beach International Airport,MYR,US,Myrtle Beach,large_airport,33.679699,-78.928299
Yuba County Airport,MYV,US,Marysville,medium_airport,39.09780121,-121.5699997
New Orleans NAS JRB/Alvin Callender Field,NBG,US,New Orleans,medium_airport,29.82530022,-90.03500366
Lakehurst Maxfield Field Airport,NEL,US,Lakehurst,medium_airport,40.03329849,-74.353302
Lakefront Airport,NEW,US,New Orleans,medium_airport,30.042400360107,-90.028297424316
Fallon Naval Air Station,NFL,US,Fallon,medium_airport,39.41659927,-118.7009964
NAS Fort Worth JRB / Carswell Field,FWH,US,Fort Worth,medium_airport,32.769199,-97.441498
Naval Air Station Corpus Christi Truax Field,NGP,US,Corpus Christi,medium_airport,27.6926,-97.2911
Norfolk Naval Station (Chambers Field),NGU,US,Norfolk,medium_airport,36.937599,-76.289299
Patuxent River Naval Air Station (Trapnell Field),NHK,US,Patuxent River,medium_airport,38.285999,-76.411797
Jacksonville Naval Air Station (Towers Field),NIP,US,Jacksonville,medium_airport,30.2358,-81.680603
El Centro NAF Airport (Vraciu Field),NJK,US,El Centro,medium_airport,32.829201,-115.671996
Miramar Marine Corps Air Station - Mitscher Field,NKX,US,San Diego,medium_airport,32.86840057,-117.1429977
Lemoore Naval Air Station (Reeves Field) Airport,NLC,US,Lemoore,medium_airport,36.33300018,-119.9520035
Naval Air Station Pensacola Forrest Sherman Field,NPA,US,Pensacola,medium_airport,30.352699,-87.318604
Millington-Memphis Airport,NQA,US,Millington,medium_airport,35.356701,-89.8703
Kingsville Naval Air Station,NQI,US,Kingsville,medium_airport,27.5072002411,-97.8097000122
Naval Air Station Key West/Boca Chica Field,NQX,US,Key West,medium_airport,24.57579994,-81.68890381
Naval Station Mayport / Admiral David L McDonald Field,NRB,US,Jacksonville,medium_airport,30.3911,-81.424698
Whiting Field Naval Air Station - North,NSE,US,Milton,medium_airport,30.7241993,-87.02189636
Point Mugu Naval Air Station (Naval Base Ventura Co),NTD,US,Point Mugu,medium_airport,34.120300293,-119.121002197
Oceana Naval Air Station,NTU,US,Virginia Beach,medium_airport,36.820702,-76.033501
Moffett Federal Airfield,NUQ,US,Mountain View,medium_airport,37.4161,-122.049004
Whidbey Island Naval Air Station (Ault Field),NUW,US,Oak Harbor,medium_airport,48.351799,-122.655998
Quantico Marine Corps Airfield / Turner Field,NYG,US,Quantico,medium_airport,38.501701,-77.305298
Yuma International Airport / Marine Corps Air Station Yuma,YUM,US,Yuma,medium_airport,32.650938,-114.609375
North Island Naval Air Station-Halsey Field,NZY,US,San Diego,medium_airport,32.69919968,-117.2149963
Albert J Ellis Airport,OAJ,US,Richlands,medium_airport,34.829201,-77.612099
San Francisco Bay Oakland International Airport,OAK,US,Oakland,large_airport,37.720085,-122.221184
Offutt Air Force Base,OFF,US,Omaha,medium_airport,41.119307,-95.90851
Karl Stefan Memorial Airport,OFK,US,Norfolk,medium_airport,41.985500335693,-97.435096740723
Orangeburg Municipal Airport,OGB,US,Orangeburg,medium_airport,33.456798553467,-80.859497070312
Ogden Hinckley Airport,OGD,US,Ogden,medium_airport,41.195899963379,-112.0120010376
Ogdensburg International Airport,OGS,US,Ogdensburg,medium_airport,44.6819,-75.4655
Oceanside Municipal Airport,OCN,US,Oceanside,medium_airport,33.217947,-117.351683
OKC Will Rogers World Airport,OKC,US,Oklahoma City,large_airport,35.393388,-97.598248
L M Clayton Airport,OLF,US,Wolf Point,medium_airport,48.094501,-105.574997
Olympia Regional Airport,OLM,US,Olympia,medium_airport,46.969399,-122.903
Nogales International Airport,OLS,US,Nogales,medium_airport,31.4177,-110.848
Columbus Municipal Airport,OLU,US,Columbus,medium_airport,41.448145,-97.340174
Eppley Airfield,OMA,US,Omaha,large_airport,41.3032,-95.894096
Ontario Municipal Airport,ONO,US,Oregon,medium_airport,44.0198,-117.013289
Newport Municipal Airport,ONP,US,Newport,medium_airport,44.580399,-124.057999
Ontario International Airport,ONT,US,Ontario,large_airport,34.056,-117.600998
Miami-Opa Locka Executive Airport,OPF,US,Miami,medium_airport,25.907,-80.278397
Quonset State Airport,NCO,US,North Kingstown,medium_airport,41.597099304199,-71.412101745605
Chicago O'Hare International Airport,ORD,US,Chicago,large_airport,41.9786,-87.9048
Norfolk International Airport,ORF,US,Norfolk,large_airport,36.895341,-76.201
Worcester Regional Airport,ORH,US,Worcester,medium_airport,42.2673,-71.875702
Orlando Executive Airport,ORL,US,Orlando,medium_airport,28.5455,-81.332901
Orcas Island Airport,ESD,US,Eastsound,medium_airport,48.708199,-122.910004
Wittman Regional Airport,OSH,US,Oshkosh,medium_airport,43.98440170288086,-88.55699920654297
The Ohio State University Airport - Don Scott Field,OSU,US,Columbus,medium_airport,40.0798,-83.072998
Southwest Oregon Regional Airport,OTH,US,North Bend,medium_airport,43.41709899902344,-124.24600219726562
Ottumwa Regional Airport,OTM,US,Ottumwa,medium_airport,41.106368,-92.449837
Owensboro Daviess County Airport,OWB,US,Owensboro,medium_airport,37.74010086,-87.16680145
Norwood Memorial Airport,OWD,US,Norwood,medium_airport,42.1904983521,-71.1728973389
Ocean City Municipal Airport,OCE,US,Ocean City,medium_airport,38.310398,-75.124001
Oxnard Airport,OXR,US,Oxnard,medium_airport,34.200801849365,-119.20700073242
Cairns AAF (Fort Rucker) Air Field,OZR,US,Fort Rucker/Ozark,medium_airport,31.27569962,-85.71340179
Seattle Paine Field International Airport,PAE,US,Everett,medium_airport,47.9063,-122.281998
Barkley Regional Airport,PAH,US,Paducah,medium_airport,37.06079864501953,-88.7738037109375
Tyndall Air Force Base,PAM,US,Panama City,medium_airport,30.069599,-85.575401
Palo Alto Airport,PAO,US,Palo Alto,medium_airport,37.461102,-122.114998
"Pine Bluff Regional Airport, Grider Field",PBF,US,Pine Bluff,medium_airport,34.174121,-91.935643
Plattsburgh International Airport,PBG,US,Plattsburgh,medium_airport,44.650902,-73.468102
Palm Beach International Airport,PBI,US,West Palm Beach,large_airport,26.683201,-80.095596
DeKalb Peachtree Airport,PDK,US,Atlanta,medium_airport,33.87633,-84.30213
Eastern Oregon Regional Airport at Pendleton,PDT,US,Pendleton,medium_airport,45.695099,-118.841003
Portland International Airport,PDX,US,Portland,large_airport,45.588699,-122.598
Page Municipal Airport,PGA,US,Page,medium_airport,36.924234,-111.447716
Punta Gorda Airport,PGD,US,Punta Gorda,medium_airport,26.9202,-81.990501
Pitt-Greenville Airport,PGV,US,Greenville,medium_airport,35.635535,-77.384262
Newport News Williamsburg International Airport,PHF,US,Newport News,medium_airport,37.131901,-76.492996
Philadelphia International Airport,PHL,US,Philadelphia,large_airport,39.871899,-75.241096
Phoenix Sky Harbor International Airport,PHX,US,Phoenix,large_airport,33.435302,-112.005905
General Wayne A. Downing Peoria International Airport,PIA,US,Peoria,medium_airport,40.663841,-89.692631
Hattiesburg Laurel Regional Airport,PIB,US,Moselle,medium_airport,31.4671,-89.337097
St. Petersburg Clearwater International Airport,PIE,US,Pinellas Park,large_airport,27.9102,-82.687401
Pocatello Regional Airport,PIH,US,Pocatello,medium_airport,42.9098014831543,-112.59600067138672
Pierre Regional Airport,PIR,US,Pierre,medium_airport,44.38270187,-100.2860031
Pittsburgh International Airport,PIT,US,Pittsburgh,large_airport,40.491501,-80.232903
Mid Ohio Valley Regional Airport,PKB,US,Parkersburg (Williamstown),medium_airport,39.3451,-81.439201
Pellston Regional Airport of Emmet County Airport,PLN,US,Pellston,medium_airport,45.57089996,-84.79669952
Palmdale Regional Airport / USAF Plant 42 Airport,PMD,US,Palmdale,medium_airport,34.629398,-118.084999
Ralph Wenz Field,PWY,US,Pinedale,medium_airport,42.79550171,-109.8069992
Ponca City Regional Airport,PNC,US,Ponca City,medium_airport,36.73199844,-97.09980011
Northeast Philadelphia Airport,PNE,US,Philadelphia,medium_airport,40.082406,-75.010614
Pensacola International Airport,PNS,US,Pensacola,large_airport,30.472718,-87.186639
Pope Field,POB,US,Fort Bragg,medium_airport,35.170898,-79.014503
Polk Army Air Field,POE,US,Fort Polk,medium_airport,31.0447998,-93.1917038
Dutchess County Airport,POU,US,Poughkeepsie,medium_airport,41.6265983581543,-73.88420104980469
Presque Isle International Airport,PQI,US,Presque Isle,medium_airport,46.688999,-68.0448
Paso Robles Municipal Airport,PRB,US,Paso Robles,medium_airport,35.67290115,-120.6269989
Prescott Regional Airport - Ernest A. Love Field,PRC,US,Prescott,medium_airport,34.653502,-112.419883
Cox Field,PRX,US,Paris,medium_airport,33.636600494385,-95.450798034668
Tri Cities Airport,PSC,US,Pasco,medium_airport,46.264702,-119.119003
Portsmouth International Airport at Pease,PSM,US,Portsmouth,medium_airport,43.0779,-70.823303
Palm Springs International Airport,PSP,US,Palm Springs,large_airport,33.8297,-116.507004
Oakland County International Airport,PTK,US,Pontiac,medium_airport,42.665500640869,-83.420097351074
Pueblo Memorial Airport,PUB,US,Pueblo,medium_airport,38.289101,-104.497002
Pullman-Moscow Regional Airport,PUW,US,Pullman,medium_airport,46.741601,-117.11163
Rhode Island T. F. Green International Airport,PVD,US,Providence/Warwick,large_airport,41.725038,-71.425668
Provo Municipal Airport,PVU,US,Provo,medium_airport,40.218894,-111.722445
Chicago Executive Airport,PWK,US,Chicago/Prospect Heights/Wheeling,medium_airport,42.114222,-87.901494
Portland International Jetport,PWM,US,Portland,large_airport,43.646198,-70.309303
Bremerton National Airport,PWT,US,Bremerton,medium_airport,47.490200042725,-122.76499938965
Riverside Municipal Airport,RAL,US,Riverside,medium_airport,33.9519,-117.445
Rapid City Regional Airport,RAP,US,Rapid City,medium_airport,44.0452995300293,-103.05699920654295
Red Bluff Municipal Airport,RBL,US,Red Bluff,medium_airport,40.1506996155,-122.251998901
Ellsworth Air Force Base,RCA,US,Rapid City,medium_airport,44.14500046,-103.1039963
Redding Municipal Airport,RDD,US,Redding,medium_airport,40.50899887,-122.2929993
Reading Regional Airport (Carl A Spaatz Field),RDG,US,Reading,medium_airport,40.378502,-75.965202
Roberts Field,RDM,US,Redmond,medium_airport,44.254101,-121.150002
Grand Forks Air Force Base,RDR,US,Grand Forks,medium_airport,47.961101532,-97.4011993408
Raleigh-Durham International Airport,RDU,US,Raleigh/Durham,large_airport,35.878659,-78.7873
Chicago Rockford International Airport,RFD,US,Chicago/Rockford,medium_airport,42.1954,-89.097198
Rhinelander Oneida County Airport,RHI,US,Rhinelander,medium_airport,45.63119888305664,-89.46749877929688
Richmond International Airport,RIC,US,Richmond,large_airport,37.505199,-77.319702
Garfield County Regional Airport,RIL,US,Rifle,medium_airport,39.526299,-107.726997
March Air Reserve Base,RIV,US,Riverside,medium_airport,33.880699,-117.259003
Central Wyoming Regional Airport,RIW,US,Riverton,medium_airport,43.064201,-108.459999
Knox County Regional Airport,RKD,US,Rockland,medium_airport,44.060101,-69.099197
Southwest Wyoming Regional Airport,RKS,US,Rock Springs,medium_airport,41.5942,-109.065001
Griffiss International Airport,RME,US,Rome,medium_airport,43.23379898,-75.40699768
Richard B Russell Airport,RMG,US,Rome,medium_airport,34.3506011963,-85.15799713130001
Randolph Air Force Base,RND,US,Universal City,medium_airport,29.529699,-98.2789
New Richmond Regional Airport,RNH,US,New Richmond,medium_airport,45.1483,-92.538101
Reno Tahoe International Airport,RNO,US,Reno,large_airport,39.4991,-119.767998
Roanoke–Blacksburg Regional Airport,ROA,US,Roanoke,medium_airport,37.3255,-79.975403
Frederick Douglass Greater Rochester International Airport,ROC,US,Rochester,large_airport,43.1189,-77.672401
Roswell Air Center Airport,ROW,US,Roswell,medium_airport,33.301601,-104.530998
Russell Municipal Airport,RSL,US,Russell,medium_airport,38.872100830078,-98.811798095703
Rochester International Airport,RST,US,Rochester,medium_airport,43.908298,-92.5
Southwest Florida International Airport,RSW,US,Fort Myers,large_airport,26.534685,-81.752816
Rutland - Southern Vermont Regional Airport,RUT,US,Rutland,medium_airport,43.5294,-72.9496
Tulsa Riverside Airport,RVS,US,Tulsa,medium_airport,36.0396,-95.984596
Redwood Falls Municipal Airport,RWF,US,Redwood Falls,medium_airport,44.547199,-95.082298
Rocky Mount Wilson Regional Airport,RWI,US,Rocky Mount,medium_airport,35.8563,-77.891899
Rawlins Municipal Airport/Harvey Field,RWL,US,Rawlins,medium_airport,41.80559921,-107.1999969
Sacramento Executive Airport,SAC,US,Sacramento,medium_airport,38.5125007629,-121.492996216
Santa Fe Municipal Airport,SAF,US,Santa Fe,medium_airport,35.6171,-106.088997
San Diego International Airport,SAN,US,San Diego,large_airport,32.733601,-117.190002
San Antonio International Airport,SAT,US,San Antonio,large_airport,29.533701,-98.469803
Savannah Hilton Head International Airport,SAV,US,Savannah,large_airport,32.126591,-81.19998
Marquette/Sawyer International Airport,MQT,US,Gwinn,medium_airport,46.351498,-87.395884
Santa Barbara Municipal Airport,SBA,US,Santa Barbara,medium_airport,34.426201,-119.839996
San Bernardino International Airport,SBD,US,San Bernardino,large_airport,34.096717,-117.236596
South Bend International Airport,SBN,US,South Bend,medium_airport,41.708304,-86.316922
San Luis County Regional Airport,SBP,US,San Luis Obispo,medium_airport,35.236801147499996,-120.641998291
Salisbury Ocean City Wicomico Regional Airport,SBY,US,Salisbury,medium_airport,38.34049987792969,-75.51029968261719
Schenectady County Airport,SCH,US,Schenectady,medium_airport,42.852500915527,-73.928901672363
Stockton Metropolitan Airport,SCK,US,Stockton,medium_airport,37.893279,-121.238079
Louisville Muhammad Ali International Airport,SDF,US,Louisville,large_airport,38.1706,-85.735076
Brown Field Municipal Airport,SDM,US,San Diego,medium_airport,32.572639,-116.980019
Sidney - Richland Regional Airport,SDY,US,Sidney,medium_airport,47.705141,-104.194422
Seattle–Tacoma International Airport,SEA,US,Seattle,large_airport,47.447943,-122.310276
Orlando Sanford International Airport,SFB,US,Orlando,large_airport,28.774277,-81.234626
Felts Field,SFF,US,Spokane,medium_airport,47.682899,-117.321925
San Francisco International Airport,SFO,US,San Francisco,large_airport,37.619806,-122.374821
Springfield Branson National Airport,SGF,US,Springfield,medium_airport,37.245047,-93.388596
Springfield-Beckley Municipal Airport,SGH,US,Springfield,medium_airport,39.840301513672,-83.840202331543
Northeast Florida Regional Airport,UST,US,St Augustine,medium_airport,29.9592,-81.339798
Sugar Land Regional Airport,SGR,US,Houston,medium_airport,29.622299194336,-95.65650177002
St George Regional Airport,SGU,US,St George,medium_airport,37.036389,-113.510306
Shenandoah Valley Regional Airport,SHD,US,Weyers Cave,medium_airport,38.263802,-78.8964
Sheridan County Airport,SHR,US,Sheridan,medium_airport,44.76919937133789,-106.9800033569336
Shreveport Regional Airport,SHV,US,Shreveport,medium_airport,32.446602,-93.8256
Norman Y. Mineta San Jose International Airport,SJC,US,San Jose,large_airport,37.362452,-121.929188
San Angelo Regional Mathis Field,SJT,US,San Angelo,medium_airport,31.35770034790039,-100.49600219726562
Fairchild Air Force Base,SKA,US,Spokane,medium_airport,47.615101,-117.655998
Lackland Air Force Base,SKF,US,San Antonio,medium_airport,29.38419914,-98.58110046
Taos Regional Airport,TSM,US,Taos,medium_airport,36.452494,-105.67749
Salt Lake City International Airport,SLC,US,Salt Lake City,large_airport,40.78886,-111.979866
Salem-Willamette Valley Airport/McNary Field,SLE,US,Salem,medium_airport,44.9095,-123.002998
Adirondack Regional Airport,SLK,US,Saranac Lake,medium_airport,44.38691,-74.204629
Salina Municipal Airport,SLN,US,Salina,medium_airport,38.79100036621094,-97.6521987915039
Lake Cumberland Regional Airport,SME,US,Somerset,medium_airport,37.0533981323,-84.6158981323
Sacramento International Airport,SMF,US,Sacramento,large_airport,38.6954,-121.591003
Lemhi County Airport,SMN,US,Salmon,medium_airport,45.122233,-113.88196
Santa Monica Municipal Airport,SMO,US,Santa Monica,medium_airport,34.0158,-118.450996
Santa Maria Public Airport Captain G Allan Hancock Field,SMX,US,Santa Maria,medium_airport,34.898899,-120.457001
John Wayne Orange County International Airport,SNA,US,Santa Ana,large_airport,33.675063,-117.869281
Salinas Municipal Airport,SNS,US,Salinas,medium_airport,36.662799835205,-121.60600280762
Sidney Municipal Airport Lloyd W Carr Field,SNY,US,Sidney,medium_airport,41.101299,-102.985001
Show Low Regional Airport,SOW,US,Show Low,medium_airport,34.264062,-110.007091
Abraham Lincoln Capital Airport,SPI,US,Springfield,medium_airport,39.844101,-89.677902
Wichita Falls Municipal Airport / Sheppard Air Force Base,SPS,US,Wichita Falls,medium_airport,33.9888,-98.491898
San Carlos Airport,SQL,US,San Carlos,medium_airport,37.51313,-122.250838
Sarasota Bradenton International Airport,SRQ,US,Sarasota/Bradenton,large_airport,27.394631,-82.554359
Sierra Blanca Regional Airport,RUI,US,Alto,medium_airport,33.462799,-105.535004
Shaw Air Force Base,SSC,US,Sumter,medium_airport,33.972698,-80.470596
Stinson Municipal Airport,SSF,US,San Antonio,medium_airport,29.336999893188,-98.471099853516
St Simons Island Airport,SSI,US,St Simons Island,medium_airport,31.1518,-81.391296
Saint Cloud Regional Airport,STC,US,Saint Cloud,medium_airport,45.5466,-94.059898
Rosecrans Memorial Airport,STJ,US,St Joseph,medium_airport,39.771900177002,-94.909698486328
St. Louis Lambert International Airport,STL,US,St Louis,large_airport,38.748697,-90.370003
Saint Paul Downtown Holman Field,STP,US,Saint Paul,medium_airport,44.93479,-93.060036
Charles M. Schulz Sonoma County Airport,STS,US,Santa Rosa,medium_airport,38.50899887,-122.8130035
Friedman Memorial Airport,SUN,US,Hailey,medium_airport,43.50439835,-114.2959976
Spirit of St Louis Airport,SUS,US,St Louis,medium_airport,38.662102,-90.652
Travis Air Force Base,SUU,US,Fairfield,medium_airport,38.262699,-121.927002
Sioux Gateway Airport / Brigadier General Bud Day Field,SUX,US,Sioux City,medium_airport,42.397605,-96.382237
Grant County Airport,SVC,US,Silver City,medium_airport,32.636701,-108.154736
Hunter Army Air Field,SVN,US,Savannah,medium_airport,32.00999832,-81.14569855
New York Stewart International Airport,SWF,US,Newburgh,medium_airport,41.50421,-74.108901
Stillwater Regional Airport,SWO,US,Stillwater,medium_airport,36.162132,-97.085581
Syracuse Hancock International Airport,SYR,US,Syracuse,large_airport,43.11119842529297,-76.1063003540039
Whiteman Air Force Base,SZL,US,Knob Noster,medium_airport,38.730301,-93.547897
Waynesville-St. Robert Regional Airport-Forney Field,TBN,US,Fort Leonard Wood,medium_airport,37.7416,-92.140701
Tucumcari Municipal Airport,TCC,US,Tucumcari,medium_airport,35.182800293,-103.602996826
Tuscaloosa National Airport,TCL,US,Tuscaloosa,medium_airport,33.2206,-87.611397
McChord Air Force Base,TCM,US,Tacoma,medium_airport,47.137699,-122.475998
Truth or Consequences Municipal Airport,TCS,US,Truth or Consequences,medium_airport,33.2369,-107.272003
Teterboro Airport,TEB,US,Teterboro,medium_airport,40.850101,-74.060799
Telluride Regional Airport,TEX,US,Telluride,medium_airport,37.9538,-107.907997
Tinker Air Force Base,TIK,US,Oklahoma City,medium_airport,35.4147,-97.386597
Tacoma Narrows Airport,TIW,US,Tacoma,medium_airport,47.267407,-122.577295
Space Coast Regional Airport,TIX,US,Titusville,medium_airport,28.514799118042,-80.799201965332
Tallahassee International Airport,TLH,US,Tallahassee,medium_airport,30.401209,-84.35433
Miami Executive Airport,TMB,US,Miami,medium_airport,25.6479,-80.4328
Troy Municipal Airport at N Kenneth Campbell Field,TOI,US,Troy,medium_airport,31.860399,-86.012101
Eugene F. Kranz Toledo Express Airport,TOL,US,Toledo,medium_airport,41.5868,-83.8078
Philip Billard Municipal Airport,TOP,US,Topeka,medium_airport,39.069899,-95.622606
Tampa International Airport,TPA,US,Tampa,large_airport,27.9755,-82.533203
Tonopah Airport,TPH,US,Tonopah,medium_airport,38.06019974,-117.086998
Draughon Miller Central Texas Regional Airport,TPL,US,Temple,medium_airport,31.1525,-97.407799
Tri-Cities Regional TN/VA Airport,TRI,US,Blountville,medium_airport,36.475201,-82.407401
Truckee Tahoe Airport,TKF,US,Truckee,medium_airport,39.318628,-120.140562
Jacqueline Cochran Regional Airport,TRM,US,Palm Springs,medium_airport,33.62670135498,-116.16000366211
Portland Troutdale Airport,TTD,US,Portland,medium_airport,45.54940032959,-122.40100097656
Trenton Mercer Airport,TTN,US,Ewing Township,medium_airport,40.276699,-74.813499
Tulsa International Airport,TUL,US,Tulsa,large_airport,36.197084,-95.886225
Tupelo Regional Airport,TUP,US,Tupelo,medium_airport,34.26810073852539,-88.7698974609375
Tucson International Airport,TUS,US,Tucson,large_airport,32.115004,-110.938053
Cherry Capital Airport,TVC,US,Traverse City,medium_airport,44.741402,-85.582199
Thief River Falls Regional Airport,TVF,US,Thief River Falls,medium_airport,48.065701,-96.184998
Lake Tahoe Airport,TVL,US,South Lake Tahoe,medium_airport,38.89390182495117,-119.99500274658205
Joslin Field Magic Valley Regional Airport,TWF,US,Twin Falls,medium_airport,42.4818,-114.487999
Texarkana Regional Airport (Webb Field),TXK,US,Texarkana,medium_airport,33.453701,-93.990997
Tyler Pounds Regional Airport,TYR,US,Tyler,medium_airport,32.35409927368164,-95.40239715576172
McGhee Tyson Airport,TYS,US,Knoxville/Maryville,large_airport,35.811001,-83.994003
Quincy Regional Airport Baldwin Field,UIN,US,Quincy,medium_airport,39.942699,-91.194603
Ukiah Municipal Airport,UKI,US,Ukiah,medium_airport,39.125999,-123.200996
State College Regional Airport,SCE,US,State College,medium_airport,40.849374,-77.84852
University Oxford Airport,UOX,US,Oxford,medium_airport,34.384300231934,-89.536796569824
Huntsville Regional Airport,HTV,US,Huntsville,medium_airport,30.7469005585,-95.5871963501
Newport State Airport,NPT,US,Newport,medium_airport,41.532207,-71.281039
Moody Air Force Base,VAD,US,Valdosta,medium_airport,30.9678001404,-83.1930007935
Vandenberg Space Force Base,VBG,US,Lompoc,medium_airport,34.737301,-120.584
Victoria Regional Airport,VCT,US,Victoria,medium_airport,28.85260009765625,-96.9185028076172
Vernal Regional Airport,VEL,US,Vernal,medium_airport,40.436214,-109.511661
North Las Vegas Airport,VGT,US,Las Vegas,medium_airport,36.209074,-115.193982
Visalia Municipal Airport,VIS,US,Visalia,medium_airport,36.318699,-119.392998
Valdosta Regional Airport,VLD,US,Valdosta,medium_airport,30.782499313354492,-83.27670288085938
Van Nuys Airport,VNY,US,Van Nuys,medium_airport,34.209801,-118.489998
Volk Field,VOK,US,Camp Douglas,medium_airport,43.938999,-90.253403
Destin-Fort Walton Beach Airport,VPS,US,Valparaiso,medium_airport,30.481315,-86.515839
Porter County Municipal Airport,VPZ,US,Valparaiso,medium_airport,41.45399857,-87.00710297
Cecil Airport,VQQ,US,Jacksonville,medium_airport,30.2187,-81.876701
Vero Beach Regional Airport,VRB,US,Vero Beach,medium_airport,27.6556,-80.417901
Miller Field,VTN,US,Valentine,medium_airport,42.856211,-100.549192
General William J Fox Airfield,WJF,US,Lancaster,medium_airport,34.7411,-118.219002
Winnemucca Municipal Airport,WMC,US,Winnemucca,medium_airport,40.8965988159,-117.805999756
Robins Air Force Base,WRB,US,Warner Robins,medium_airport,32.640099,-83.591904
Mc Guire Air Force Base,WRI,US,Wrightstown,medium_airport,40.0155983,-74.59169769
Worland Municipal Airport,WRL,US,Worland,medium_airport,43.965698,-107.950996
Westerly State Airport,WST,US,Westerly,medium_airport,41.349602,-71.803398
Cape May County Airport,WWD,US,Wildwood,medium_airport,39.0084991455,-74.9083023071
West Woodward Airport,WWR,US,Woodward,medium_airport,36.438,-99.5226667
Kiwayu Airport,KWY,KE,Kiwayu,medium_airport,-1.960644,41.297156
Yellowstone Airport,WYS,US,West Yellowstone,medium_airport,44.6884,-111.117996
Northwest Arkansas National Airport,XNA,US,Fayetteville/Springdale/Rogers,medium_airport,36.281898,-94.306801
Williston Basin International Airport,XWA,US,Williston,medium_airport,48.260863,-103.75116
Willow Run Airport,YIP,US,Detroit,medium_airport,42.2379,-83.530403
Yakima Air Terminal McAllister Field,YKM,US,Yakima,medium_airport,46.56819916,-120.5439987
Chan Gurney Municipal Airport,YKN,US,Yankton,medium_airport,42.916698455811,-97.385902404785
Youngstown Warren Regional Airport,YNG,US,Youngstown/Warren,medium_airport,41.26070023,-80.67910004
Zanesville Municipal Airport,ZZV,US,Zanesville,medium_airport,39.9444007874,-81.89209747310001
Bokeo International Airport,BOR,LA,Ton Phueng,medium_airport,20.323986,100.165392
Kukës International Airport,KFZ,AL,Kukës,medium_airport,42.035802,20.415955
Tirana International Airport Mother Teresa,TIA,AL,Rinas,large_airport,41.4147,19.7206
Burgas Airport,BOJ,BG,Burgas,large_airport,42.569917,27.515173
Gorna Oryahovitsa Airport,GOZ,BG,Gorna Oryahovitsa,medium_airport,43.151402,25.7129
Plovdiv International Airport,PDV,BG,Plovdiv,large_airport,42.067799,24.8508
Sofia Airport,SOF,BG,Sofia,large_airport,42.696357,23.417671
Varna Airport,VAR,BG,Varna,large_airport,43.232101,27.8251
Ercan International Airport,ECN,CY,Tymbou (Kirklar),large_airport,35.153064,33.507352
Lefkoniko Airport / Geçitkale Air Base,GEC,CY,Lefkoniko (Geçitkale),medium_airport,35.23591,33.720088
Larnaca International Airport,LCA,CY,Larnaca,large_airport,34.875099,33.624901
Paphos International Airport,PFO,CY,Paphos,large_airport,34.717999,32.485699
RAF Akrotiri,AKT,CY,Akrotiri,medium_airport,34.590401,32.9879
Dubrovnik Ruđer Bošković Airport,DBV,HR,Dubrovnik,large_airport,42.562247,18.265543
Osijek Airport,OSI,HR,Osijek(Klisa),medium_airport,45.462355,18.811278
Pula Airport,PUY,HR,Pula,large_airport,44.893501,13.9222
Rijeka Airport,RJK,HR,Rijeka(Omišalj),large_airport,45.216376,14.57085
Brač Airport,BWK,HR,Gornji Humac,medium_airport,43.284454,16.678362
Split Saint Jerome Airport,SPU,HR,Split,large_airport,43.538898,16.298
Zagreb Franjo Tuđman International Airport,ZAG,HR,Velika Gorica,large_airport,45.742901,16.0688
Zadar Airport,ZAD,HR,Zadar,large_airport,44.096986,15.353565
Albacete Airport / Los Llanos Air Base,ABC,ES,Albacete,medium_airport,38.948502,-1.86352
Alicante-Elche Miguel Hernández Airport,ALC,ES,Alicante,large_airport,38.2822,-0.558156
Almería Airport,LEI,ES,Almería,medium_airport,36.843899,-2.3701
Asturias Airport,OVD,ES,Ranón,large_airport,43.563599,-6.03462
Córdoba Airport,ODB,ES,Córdoba,medium_airport,37.841999,-4.84888
Bilbao Airport,BIO,ES,Bilbao,large_airport,43.301102,-2.91061
Burgos Airport,RGS,ES,Burgos,medium_airport,42.357601,-3.62076
Josep Tarradellas Barcelona-El Prat Airport,BCN,ES,Barcelona,large_airport,41.2971,2.07846
Badajoz Airport,BJZ,ES,Badajoz,medium_airport,38.8913,-6.82133
Castellón-Costa Azahar Airport,CDT,ES,Castellón de la Plana,medium_airport,40.213889,0.073333
A Coruña Airport,LCG,ES,Culleredo,medium_airport,43.302101,-8.37726
Lleida-Alguaire Airport,ILD,ES,Lleida,medium_airport,41.728185,0.535023
Girona-Costa Brava Airport,GRO,ES,Girona,large_airport,41.904639,2.761774
F.G.L. Airport Granada-Jaén Airport,GRX,ES,Granada,medium_airport,37.188702,-3.77736
Ibiza Airport,IBZ,ES,Ibiza (Eivissa),large_airport,38.872898,1.37312
Jerez Airport,XRY,ES,Jerez de la Frontera,medium_airport,36.744598,-6.06011
León Int'l Airport,LEN,ES,La Virgen Del Camino,large_airport,42.590709,-5.653406
Logroño-Agoncillo Airport,RJL,ES,Logroño,medium_airport,42.460953,-2.322235
Adolfo Suárez Madrid–Barajas Airport,MAD,ES,Madrid,large_airport,40.493407,-3.572249
Málaga-Costa del Sol Airport,AGP,ES,Málaga,large_airport,36.6749,-4.49911
Menorca Airport,MAH,ES,Mahón (Maó),large_airport,39.862598,4.21865
Region of Murcia International Airport,RMU,ES,Corvera,large_airport,37.802852,-1.124884
Moron Air Base,OZP,ES,Morón,medium_airport,37.17490005493164,-5.615940093994141
Palma de Mallorca Airport,PMI,ES,Palma de Mallorca,large_airport,39.551701,2.73881
Pamplona Airport,PNA,ES,Pamplona,medium_airport,42.77,-1.64633
Ciudad Real International Airport,CQM,ES,Ciudad Real,medium_airport,38.856479,-3.969944
Reus Airport,REU,ES,Reus,large_airport,41.147509,1.168354
Rota Naval Station Airport,ROZ,ES,Rota,medium_airport,36.645198822,-6.34946012497
Salamanca Airport,SLM,ES,Salamanca,medium_airport,40.952099,-5.50199
San Sebastián Airport,EAS,ES,Hondarribia,medium_airport,43.356499,-1.79061
Santiago-Rosalía de Castro Airport,SCQ,ES,Santiago de Compostela,large_airport,42.896301,-8.41514
Pirineus - la Seu d'Urgel Airport,LEU,ES,La Seu d'Urgell Pyrenees and Andorra,medium_airport,42.3386,1.40917
Teruel Airport,TEV,ES,Teruel,medium_airport,40.410269,-1.217366
Madrid–Torrejón Airport / Torrejón Air Base,TOJ,ES,Madrid,medium_airport,40.487875,-3.456808
Valencia Airport,VLC,ES,Valencia,large_airport,39.489162,-0.480961
Valladolid Airport,VLL,ES,Valladolid,medium_airport,41.7061,-4.85194
Vitoria Airport,VIT,ES,Alava,medium_airport,42.882801,-2.72447
Vigo Airport,VGO,ES,Vigo,medium_airport,42.2318,-8.62677
Seve Ballesteros-Santander Airport,SDR,ES,Santander,medium_airport,43.427101,-3.82001
Zaragoza Airport,ZAZ,ES,Zaragoza,large_airport,41.666199,-1.04155
Seville Airport,SVQ,ES,Seville,large_airport,37.417999,-5.89311
Calais Marck Airport,CQF,FR,Calais,medium_airport,50.962101,1.95476
Le Touquet-Côte d'Opale Airport,LTQ,FR,Le Touquet-Paris-Plage,medium_airport,50.518284,1.621656
Agen La Garenne airport,AGF,FR,Agen,medium_airport,44.174171,0.59309
Bordeaux–Mérignac Airport,BOD,FR,Bordeaux,large_airport,44.82865,-0.715356
Bergerac Dordogne-Périgord airport,EGC,FR,Bergerac,medium_airport,44.825298,0.518611
Cognac-Châteaubernard (BA 709) Air Base,CNG,FR,Cognac/Châteaubernard,medium_airport,45.658298,-0.3175
La Rochelle Île de Ré Airport,LRH,FR,La Rochelle,medium_airport,46.179199,-1.19528
Poitiers-Biard Airport,PIS,FR,Poitiers/Biard,medium_airport,46.5877,0.306666
Montluçon-Guéret Airport,MCU,FR,"Lépaud, Creuse",medium_airport,46.222599,2.36396
Limoges Airport,LIG,FR,Limoges/Bellegarde,medium_airport,45.862801,1.17944
Niort - Marais Poitevin Airport,NIT,FR,Niort/Souché,medium_airport,46.313477,-0.394529
Toulouse-Blagnac Airport,TLS,FR,Toulouse/Blagnac,large_airport,43.629101,1.36382
Pau Pyrénées Airport,PUF,FR,Pau/Pyrénées (Uzein),medium_airport,43.380001,-0.418611
Tarbes-Lourdes-Pyrénées Airport,LDE,FR,Tarbes/Lourdes/Pyrénées,medium_airport,43.178699,-0.006439
Angoulême Brie-Champniers airport,ANG,FR,Angoulême,medium_airport,45.729198,0.221456
Périgueux-Bassillac Airport,PGX,FR,Périgueux/Bassillac,medium_airport,45.198101,0.815556
Biarritz Pays Basque airport,BIQ,FR,Biarritz,medium_airport,43.468372,-1.523223
Cahors Lalbenque airport,ZAO,FR,Cahors,medium_airport,44.351398,1.47528
Albi Le Sequestre airport,LBI,FR,Albi,medium_airport,43.913898,2.11306
Castres Mazamet Airport,DCM,FR,Castres,medium_airport,43.556301,2.28918
Rodez–Aveyron Airport,RDZ,FR,Rodez/Marcillac,medium_airport,44.407902,2.48267
Royan-Médis Airport,RYN,FR,Royan/Médis,medium_airport,45.628101,-0.9725
Rochefort-Saint-Agnant (BA 721) Airport,RCO,FR,Rochefort/Saint-Agnant,medium_airport,45.887798,-0.983056
Colmar Houssen airport,CMR,FR,Colmar,medium_airport,48.109901,7.35901
Dole Tavaux Airport,DLE,FR,Dole,medium_airport,47.038955,5.427589
Aubenas-South Ardèche Airport,OBS,FR,"Lanas, Ardèche",medium_airport,44.544367,4.372194
Metz-Nancy-Lorraine Airport,ETZ,FR,Goin,medium_airport,48.982101,6.25132
Angers Marcé airport,ANE,FR,Angers,medium_airport,47.560299,-0.312222
Bastia-Poretta International airport,BIA,FR,Bastia,large_airport,42.5527,9.48373
Calvi Sainte Catherine Airport,CLY,FR,Calvi,medium_airport,42.530422,8.792984
Figari Sud-Corse Airport,FSC,FR,Figari,large_airport,41.50185,9.097092
Ajaccio Napoléon Bonaparte airport,AJA,FR,Ajaccio,medium_airport,41.923599,8.80292
Solenzara (BA 126) Air Base,SOZ,FR,Solenzara,medium_airport,41.9244,9.406
Auxerre Branches airport,AUF,FR,Auxerre,medium_airport,47.850201,3.49711
Chambéry Aix les Bains airport,CMF,FR,Chambéry,medium_airport,45.6381,5.88023
Clermont-Ferrand Auvergne airport,CFE,FR,Clermont-Ferrand,large_airport,45.786701,3.16917
Bourges airport,BOU,FR,Bourges,medium_airport,47.060158,2.369633
Lyon Saint-Exupéry Airport,LYS,FR,"Colombier-Saugnieu, Rhône",large_airport,45.725996,5.090139
Saint-Yan Airport,SYT,FR,"L'Hôpital-le-Mercier, Saône-et-Loire",medium_airport,46.414019,4.014177
Roanne-Renaison Airport,RNE,FR,Saint-Léger-sur-Roanne,medium_airport,46.053818,3.999023
Annecy Meythet airport,NCY,FR,Annecy,medium_airport,45.928947,6.0987
Grenoble Alpes Isère Airport,GNB,FR,Grenoble,medium_airport,45.3629,5.32937
Valence-Chabeuil Airport,VAF,FR,"Chabeuil, Drôme",medium_airport,44.9216,4.9699
Vichy-Charmeil Airport,VHY,FR,"Charmeil, Allier",medium_airport,46.16969,3.403637
Aurillac airport,AUR,FR,Aurillac,medium_airport,44.891399,2.42194
Châteauroux Déols airport,CHR,FR,Châteauroux,medium_airport,46.860221,1.728326
Lyon Bron Airport,LYN,FR,"Chassieu, Lyon",medium_airport,45.727947,4.943991
Cannes Mandelieu Airport,CEQ,FR,Cannes,medium_airport,43.547998,6.955176
Saint-Étienne-Bouthéon Airport,EBU,FR,"Andrézieux-Bouthéon, Loire",medium_airport,45.5406,4.29639
Carcassonne Salvaza Airport,CCF,FR,Carcassonne,medium_airport,43.216,2.30632
Marseille Provence Airport,MRS,FR,"Marignane, Bouches-du-Rhône",large_airport,43.438088,5.2125
Nice-Côte d'Azur Airport,NCE,FR,"Nice, Alpes-Maritimes",large_airport,43.658401,7.21587
Perpignan-Rivesaltes (Llabanère) Airport,PGF,FR,Perpignan/Rivesaltes,medium_airport,42.740398,2.87067
Le Castellet Airport,CTT,FR,"Le Castellet, Var",medium_airport,43.252499,5.78519
Montpellier-Méditerranée Airport,MPL,FR,Montpellier/Méditerranée,large_airport,43.576199,3.96301
Béziers Vias airport,BZR,FR,Béziers,medium_airport,43.323502,3.3539
Avignon Caumont airport,AVN,FR,Avignon,medium_airport,43.907299,4.90183
Mende-Brenoux Airfield,MEN,FR,Mende/Brénoux,medium_airport,44.502102,3.53282
Beauvais-Tillé airport,BVA,FR,Beauvais,large_airport,49.454399,2.11278
Évreux-Fauville (BA 105) Air Base,EVX,FR,"Fauville, Eure",medium_airport,49.028702,1.21986
Le Havre-Octeville Airport,LEH,FR,Le Havre,medium_airport,49.534038,0.088406
Chalons Vatry airport,XCR,FR,Chalons en Champagne,medium_airport,48.77333,4.20611
Rouen Vallée de Seine Airport,URO,FR,Boos,medium_airport,49.384887,1.179142
Tours Val de Loire Airport,TUF,FR,"Tours, Indre-et-Loire",medium_airport,47.432201,0.727606
Laval-Entrammes Airport,LVA,FR,"Laval, Mayenne",medium_airport,48.032208,-0.743999
Paris-Le Bourget International Airport,LBG,FR,Paris,large_airport,48.962276,2.436539
Creil Air Base,CSF,FR,Creil,medium_airport,49.253502,2.51914
Charles de Gaulle International Airport,CDG,FR,"Paris (Roissy-en-France, Val-d'Oise)",large_airport,49.00896,2.554117
Toussus-le-Noble Airport,TNF,FR,"Toussus-le-Noble, Yvelines",medium_airport,48.7519,2.10619
Paris-Orly Airport,ORY,FR,"Paris (Orly, Val-de-Marne)",large_airport,48.729499,2.358963
Pontoise-Cormeilles Aerodrome,POX,FR,"Cormeilles-en-Vexin, Val-d'Oise",medium_airport,49.096064,2.035543
Vélizy-Villacoublay Air Base,VIY,FR,"Vélizy-Villacoublay, Yvelines",medium_airport,48.774406,2.203102
Nevers-Fourchambault Airport,NVS,FR,"Marzy, Nièvre",medium_airport,47.002913,3.113114
Lille Airport,LIL,FR,Lesquin,large_airport,50.566564,3.102429
Merville-Calonne Airport,HZB,FR,"Merville, Nord",medium_airport,50.618401,2.64224
Brest Bretagne airport,BES,FR,Brest,large_airport,48.447899,-4.41854
Cherbourg Manche airport,CER,FR,Cherbourg,medium_airport,49.650101,-1.47028
Dinard Pleurtuit Saint-Malo airport,DNR,FR,Dinard,medium_airport,48.5877,-2.07996
La Baule-Escoublac Airport,LBY,FR,La Baule-Escoublac,medium_airport,47.289398,-2.34639
Granville Airport,GFR,FR,"Bréville-sur-Mer, Manche",medium_airport,48.883099,-1.56417
Deauville Normandie airport,DOL,FR,Deauville,medium_airport,49.365237,0.154481
Lorient South Brittany (Bretagne Sud) Airport,LRT,FR,Lorient/Lann/Bihoué,medium_airport,47.760601,-3.44
La Roche-sur-Yon Les Ajoncs Airport,EDM,FR,La Roche-sur-Yon,medium_airport,46.7019,-1.37863
Landivisiau Air Base,LDV,FR,Landivisiau,medium_airport,48.5303,-4.15164
Caen Carpiquet airport,CFR,FR,Caen,medium_airport,49.17678,-0.454883
Le Mans-Arnage Airport,LME,FR,"Le Mans, Sarthe",medium_airport,47.948604,0.201702
Rennes-Saint-Jacques Airport,RNS,FR,"Saint-Jacques-de-la-Lande, Ille-et-Vilaine",medium_airport,48.0695,-1.73479
Lannion Airport,LAI,FR,Lannion,medium_airport,48.754398,-3.47166
Quimper-Cornouaille Airport,UIP,FR,Quimper/Pluguffan,medium_airport,47.973031,-4.169655
Nantes Atlantique Airport,NTE,FR,Nantes,medium_airport,47.153198,-1.61073
Saint-Brieuc-Armor Airport,SBK,FR,"Trémuson, Côtes-d'Armor",medium_airport,48.538628,-2.853518
Morlaix-Ploujean Airport,MXN,FR,Morlaix/Ploujean,medium_airport,48.6031990051,-3.81577992439
Vannes-Meucon Airport,VNE,FR,Vannes/Meucon,medium_airport,47.723301,-2.71856
Saint-Nazaire-Montoir Airport,SNR,FR,Saint-Nazaire/Montoir,medium_airport,47.31142,-2.152634
EuroAirport Basel–Mulhouse–Freiburg,BSL,FR,Bâle / Mulhouse,large_airport,47.60068,7.521117
Dijon Longvic airport,DIJ,FR,Dijon,medium_airport,47.268902,5.09
Épinal Mirecourt Airport,EPL,FR,Épinal,medium_airport,48.325001,6.06998
Brive Souillac airport,BVE,FR,Brive,medium_airport,45.039722,1.485556
Nancy-Essey Airport,ENC,FR,"Tomblaine, Meurthe-et-Moselle",medium_airport,48.692101,6.23046
Strasbourg Airport,SXB,FR,Strasbourg,large_airport,48.5383,7.62823
Toulon-Hyères Airport,TLN,FR,"Hyères, Var",medium_airport,43.097301,6.14603
Nîmes-Arles-Camargue Airport,FNI,FR,Nîmes/Garons,medium_airport,43.757401,4.41635
Saint-Pierre Pointe-Blanche Airport,FSP,PM,Saint-Pierre,medium_airport,46.762651,-56.17499
Andravida Air Base,PYR,GR,Andravida,medium_airport,37.9207,21.292601
Alexandroupoli Democritus Airport,AXD,GR,Alexandroupolis,medium_airport,40.8559,25.956301
Athens Eleftherios Venizelos International Airport,ATH,GR,Spata-Artemida,large_airport,37.936401,23.9445
Nea Anchialos National Airport,VOL,GR,Nea Anchialos,medium_airport,39.219601,22.7943
Chios Island National Airport,JKH,GR,Chios Island,medium_airport,38.34320068359375,26.140600204467773
Ioannina King Pyrrhus National Airport,IOA,GR,Ioannina,medium_airport,39.6964,20.8225
Heraklion International Nikos Kazantzakis Airport,HER,GR,Heraklion,large_airport,35.339699,25.1803
Kefallinia Airport,EFL,GR,Kefallinia Island,medium_airport,38.12009811401367,20.500499725341797
Kalamata Airport,KLX,GR,Kalamata,medium_airport,37.06829833984375,22.02549934387207
"Kos International Airport ""Ippokratis""",KGS,GR,Kos Island,large_airport,36.794523,27.09115
Karpathos Airport,AOK,GR,Karpathos Island,medium_airport,35.421398,27.146
Corfu Ioannis Kapodistrias International Airport,CFU,GR,Kerkyra (Corfu),large_airport,39.60145,19.912179
Kavala Alexander the Great International Airport,KVA,GR,Kavala,large_airport,40.9133,24.6192
Kozani National Airport Filippos,KZI,GR,Kozani,medium_airport,40.286098,21.840799
Mykonos Island National Airport,JMK,GR,Mykonos,medium_airport,37.435101,25.348101
Mytilene International Airport,MJT,GR,Mytilene,medium_airport,39.057406,26.598629
Aktion National Airport,PVK,GR,Preveza,medium_airport,38.925499,20.765301
"Rhodes International Airport ""Diagoras""",RHO,GR,Rhodes,large_airport,36.405399,28.086201
Patras Araxos Agamemnon Airport,GPA,GR,Patras,medium_airport,38.1511,21.4256
Chania International Airport,CHQ,GR,Souda,large_airport,35.531207,24.150673
Skiathos Island National Airport,JSI,GR,Skiathos,medium_airport,39.177101,23.5037
Samos Airport,SMI,GR,Samos Island,medium_airport,37.689999,26.911699
Santorini International Airport,JTR,GR,Santorini Island,large_airport,36.400045,25.478638
Sitia Airport,JSH,GR,Crete Island,medium_airport,35.21609878540039,26.101299285888672
Thessaloniki Macedonia International Airport,SKG,GR,Thessaloniki,large_airport,40.51928,22.970009
Zakynthos International Airport Dionysios Solomos,ZTH,GR,Zakynthos,medium_airport,37.7509,20.8843
Budapest Liszt Ferenc International Airport,BUD,HU,Budapest,large_airport,47.43018,19.262393
Debrecen International Airport,DEB,HU,Debrecen,large_airport,47.489469,21.616278
Pécs-Pogány International Airport,PEV,HU,Pécs,large_airport,45.988891,18.242044
Győr-Pér Airport,QGY,HU,Győr,medium_airport,47.628436,17.804718
Hévíz–Balaton Airport,SOB,HU,Sármellék,medium_airport,46.686391,17.159084
Crotone Sant'Anna Pythagoras Airport,CRV,IT,Isola di Capo Rizzuto (KR),medium_airport,38.9972,17.0802
Bari Karol Wojtyła International Airport,BRI,IT,Bari,large_airport,41.138901,16.760599
Foggia Gino Lisa Airport,FOG,IT,Foggia (FG),medium_airport,41.433596,15.534566
Taranto-Grottaglie Marcello Arlotta Airport,TAR,IT,Grottaglie,medium_airport,40.517502,17.4032
Lecce Galatina Air Base / Galatina Fortunato Cesari Airport,LCC,IT,Galatina (LE),medium_airport,40.239201,18.133301
Abruzzo Airport,PSR,IT,Pescara,large_airport,42.431079,14.182981
Brindisi Airport,BDS,IT,Brindisi,large_airport,40.6576,17.947001
Lamezia Terme Sant'Eufemia International Airport,SUF,IT,Lamezia Terme (CZ),large_airport,38.906214,16.246007
Comiso Airport,CIY,IT,Comiso,medium_airport,36.99583,14.60889
Catania-Fontanarossa Airport,CTA,IT,Catania,large_airport,37.466801,15.0664
Lampedusa Airport,LMP,IT,Lampedusa,medium_airport,35.497898,12.6181
Pantelleria Airport,PNL,IT,Pantelleria (TP),medium_airport,36.816502,11.9689
Falcone–Borsellino Airport,PMO,IT,Palermo,large_airport,38.175999,13.091
Reggio Calabria Airport,REG,IT,Reggio Calabria,medium_airport,38.071201,15.6516
Vincenzo Florio Airport Trapani-Birgi,TPS,IT,Trapani (TP),medium_airport,37.9114,12.488
Alghero-Fertilia Airport,AHO,IT,Alghero,medium_airport,40.632099,8.29077
Decimomannu Air Base,DCI,IT,Decimomannu,medium_airport,39.354198,8.97248
Cagliari Elmas Airport,CAG,IT,Cagliari,large_airport,39.251499,9.05428
Olbia Costa Smeralda Airport,OLB,IT,Olbia (SS),large_airport,40.898953,9.518457
Milan Malpensa International Airport,MXP,IT,Ferno (VA),large_airport,45.6306,8.72811
Il Caravaggio International Airport,BGY,IT,Orio al Serio (BG),large_airport,45.669362,9.708851
Turin Airport,TRN,IT,Caselle Torinese (TO),large_airport,45.200802,7.64963
Genoa Cristoforo Colombo Airport,GOA,IT,Genova (GE),large_airport,44.412039,8.840732
Milano Linate Airport,LIN,IT,Segrate (MI),large_airport,45.445099,9.27674
Parma Airport,PMF,IT,Parma (PR),medium_airport,44.826351,10.29705
Aosta Corrado Gex Airport,AOT,IT,Saint-Christophe (AO),medium_airport,45.738552,7.3683
Cuneo International Airport,CUF,IT,Levaldigi (CN),medium_airport,44.547458,7.623045
Aviano Air Base,AVB,IT,Aviano (PN),medium_airport,46.031898,12.596503
Bolzano Airport,BZO,IT,Bolzano (BZ),medium_airport,46.459245,11.326125
Bologna Guglielmo Marconi Airport,BLQ,IT,Bologna,large_airport,44.5354,11.2887
Treviso Airport,TSF,IT,Treviso (TV),large_airport,45.648399,12.1944
Forlì-Luigi Ridolfi International Airport,FRL,IT,Forlì (FC),medium_airport,44.194801,12.0701
Brescia Gabriele d'Annunzio Airport,VBS,IT,Montichiari (BS),medium_airport,45.428902,10.3306
Trieste Airport,TRS,IT,Ronchi dei Legionari/Trieste,large_airport,45.827499,13.4722
Federico Fellini International Airport,RMI,IT,Rimini (RN),large_airport,44.020024,12.612198
Verona Villafranca Valerio Catullo Airport,VRN,IT,Caselle (VR),large_airport,45.394955,10.887303
Marche Airport,AOI,IT,Falconara Marittima (AN),medium_airport,43.616299,13.3623
Venice Marco Polo Airport,VCE,IT,Venezia (VE),large_airport,45.505299,12.3519
Ciampino–G. B. Pastine International Airport,CIA,IT,Rome,large_airport,41.798769,12.595331
Rome–Fiumicino Leonardo da Vinci International Airport,FCO,IT,Rome,large_airport,41.804532,12.251998
Salerno Costa d'Amalfi Airport,QSR,IT,Salerno,medium_airport,40.620399,14.9113
Marina di Campo Airport,EBA,IT,Campo nell'Elba (LI),medium_airport,42.760871,10.239811
Naples International Airport,NAP,IT,Napoli,large_airport,40.886002,14.2908
Pisa International Airport,PSA,IT,Pisa (PI),large_airport,43.683899,10.3927
"Florence Airport, Peretola",FLR,IT,Firenze (FI),large_airport,43.808558,11.202822
Grosseto Corrado Baccarini Air Base / Grosseto Airport,GRS,IT,Grosseto (GR),medium_airport,42.759701,11.0719
Perugia San Francesco d'Assisi – Umbria International Airport,PEG,IT,Perugia (PG),large_airport,43.095901,12.5132
Ljubljana Jože Pučnik Airport,LJU,SI,Zgornji Brnik,large_airport,46.223701,14.4576
Maribor Edvard Rusjan Airport,MBX,SI,Maribor,medium_airport,46.4799,15.6861
Portorož Airport,POW,SI,Sečovlje,medium_airport,45.47201,13.615951
České Budějovice South Bohemian Airport,JCL,CZ,České Budějovice,large_airport,48.948171,14.42832
Kunovice Airport,UHE,CZ,Uherské Hradiště,medium_airport,49.0294,17.439699
Karlovy Vary Airport,KLV,CZ,Karlovy Vary,large_airport,50.202999,12.915
Leoš Janáček Airport Ostrava,OSR,CZ,Mošnov,large_airport,49.696301,18.111099
Pardubice Airport,PED,CZ,Pardubice,large_airport,50.015049,15.73981
Přerov Air Base,PRV,CZ,Přerov,medium_airport,49.4258,17.404699
Václav Havel Airport Prague,PRG,CZ,Prague,large_airport,50.100874,14.259911
Brno-Tuřany Airport,BRQ,CZ,Brno,medium_airport,49.151276,16.693972
Vodochody Airport,VOD,CZ,Vodochody,medium_airport,50.216599,14.3958
Ben Gurion International Airport,TLV,IL,Tel Aviv,large_airport,32.011398,34.8867
Ramon International Airport,ETM,IL,Eilat,large_airport,29.727009,35.014116
Uri Michaeli Haifa International Airport,HFA,IL,Haifa,medium_airport,32.810219,35.043719
Rosh Pina Airport,RPN,IL,Rosh Pina,medium_airport,32.980999,35.571899
Bar Yehuda Airfield,MTZ,IL,Masada,medium_airport,31.328199,35.388599
Nevatim Air Base,VTM,IL,Beersheba,medium_airport,31.208299636799996,35.012298584
Malta International Airport,MLA,MT,Valletta,large_airport,35.845932,14.491546
Graz Airport,GRZ,AT,Feldkirchen bei Graz,large_airport,46.9911,15.4396
Innsbruck Airport,INN,AT,Innsbruck,large_airport,47.260201,11.344
Klagenfurt Airport,KLU,AT,Klagenfurt am Wörthersee,large_airport,46.642502,14.3377
Linz-Hörsching Airport,LNZ,AT,Linz,large_airport,48.235362,14.188128
Salzburg Airport,SZG,AT,Salzburg,large_airport,47.793301,13.0043
Vienna International Airport,VIE,AT,Vienna,large_airport,48.110298,16.5697
Santa Maria Airport,SMA,PT,Vila do Porto,medium_airport,36.97140121459961,-25.17060089111328
Bragança Airport,BGC,PT,Bragança,medium_airport,41.8578,-6.70713
Beja Airport / Airbase,BYJ,PT,Beja,medium_airport,38.078899,-7.9324
Cascais Airport,CAT,PT,Cascais,medium_airport,38.724998,-9.35523
Flores Airport,FLW,PT,Santa Cruz das Flores,medium_airport,39.455299377441406,-31.13139915466309
Faro - Gago Coutinho International Airport,FAO,PT,Faro,large_airport,37.015909,-7.970939
Graciosa Airport,GRW,PT,Santa Cruz da Graciosa,medium_airport,39.09220123291016,-28.029800415039062
Horta Airport,HOR,PT,Horta,medium_airport,38.519901275634766,-28.715900421142575
Lajes Airport,TER,PT,Praia da Vitória,medium_airport,38.761799,-27.090799
Cristiano Ronaldo International Airport,FNC,PT,Funchal,large_airport,32.697812,-16.774613
João Paulo II Airport,PDL,PT,Ponta Delgada,large_airport,37.7411994934,-25.6979007721
Pico Airport,PIX,PT,Pico Island,medium_airport,38.554298,-28.441299
Portimão Airport,PRM,PT,Portimão,medium_airport,37.1493,-8.58396
Francisco de Sá Carneiro Airport,OPO,PT,Porto,large_airport,41.2481002808,-8.68138980865
Porto Santo Airport,PXO,PT,Vila Baleira,medium_airport,33.0733985901,-16.3500003815
Lisbon Humberto Delgado Airport,LIS,PT,Lisbon,large_airport,38.7813,-9.13592
São Jorge Airport,SJZ,PT,Velas,medium_airport,38.665501,-28.1758
Vila Real Airport,VRL,PT,Vila Real,medium_airport,41.2743,-7.72047
Aerodromo Goncalves Lobato (Viseu Airport),VSE,PT,Viseu,medium_airport,40.725498,-7.88899
Banja Luka International Airport,BNX,BA,Mahovljani,large_airport,44.941399,17.297501
Mostar International Airport,OMO,BA,Mostar,large_airport,43.282489,17.846101
Sarajevo International Airport,SJJ,BA,Sarajevo,large_airport,43.8246,18.331499
Tuzla International Airport,TZL,BA,Dubrave Gornje,large_airport,44.459858,18.723627
Arad International Airport,ARW,RO,Arad,medium_airport,46.176136,21.264322
Bacău George Enescu International  Airport,BCM,RO,Bacău,large_airport,46.5219,26.910299
Maramureș International Airport,BAY,RO,Tăuții-Măgherăuș,medium_airport,47.658444,23.464445
Bucharest Băneasa Aurel Vlaicu International Airport,BBU,RO,Bucharest,large_airport,44.503133,26.102944
Brașov-Ghimbav International Airport,GHV,RO,Brașov (Ghimbav),large_airport,45.70558,25.522871
Mihail Kogălniceanu International Airport,CND,RO,Constanța,large_airport,44.362202,28.4883
Avram Iancu Cluj International Airport,CLJ,RO,Cluj-Napoca,large_airport,46.786042,23.685733
Caransebeş Airport,CSB,RO,Caransebeş,medium_airport,45.420142,22.252507
Craiova International Airport,CRA,RO,Craiova,large_airport,44.3181,23.888599
Iaşi International Airport,IAS,RO,Iaşi,large_airport,47.179633,27.621431
Oradea International Airport,OMR,RO,Oradea,large_airport,47.025299,21.9025
Bucharest Henri Coandă International Airport,OTP,RO,Otopeni,large_airport,44.571792,26.103285
Sibiu International Airport,SBZ,RO,Sibiu,large_airport,45.785841,24.086666
Satu Mare International Airport,SUJ,RO,Satu Mare,medium_airport,47.7033,22.8857
Suceava Ștefan cel Mare International Airport,SCV,RO,Suceava,large_airport,47.6875,26.354099
Tulcea Danube Delta Airport,TCE,RO,Mihail Kogălniceanu,medium_airport,45.0625,28.7143
Târgu Mureş Transilvania International Airport,TGM,RO,Recea,medium_airport,46.467701,24.4125
Timișoara Traian Vuia International Airport,TSR,RO,Timişoara,large_airport,45.809898,21.3379
Geneva International Airport,GVA,CH,Geneva,large_airport,46.238098,6.10895
Sion Airport,SIR,CH,Sion,medium_airport,46.219166,7.326944
Emmen Air Base,EML,CH,Emmen,medium_airport,47.092444,8.305184
Payerne Air Base,VIP,CH,Payerne,medium_airport,46.8432,6.91506
Lugano Airport,LUG,CH,Agno,medium_airport,46.004299,8.91058
Bern Airport,BRN,CH,Bern,medium_airport,46.912736,7.498819
Zürich Airport,ZRH,CH,Zurich,large_airport,47.458056,8.548056
Sankt Gallen Altenrhein Airport,ACH,CH,St. Gallen,medium_airport,47.485001,9.56077
Engadin Airport,SMV,CH,Samedan,medium_airport,46.5341,9.88411
Esenboğa International Airport,ESB,TR,Ankara,large_airport,40.128101,32.995098
Etimesgut Air Base,ANK,TR,Ankara,medium_airport,39.949798584,32.6885986328
Adana Şakirpaşa Airport,ADA,TR,Seyhan,large_airport,36.982201,35.280399
İncirlik Air Base,UAB,TR,Sarıçam,medium_airport,37.002102,35.4259
Afyon Air Base,AFY,TR,Afyonkarahisar,medium_airport,38.726398,30.601101
Antalya International Airport,AYT,TR,Antalya,large_airport,36.898701,30.800501
Gaziantep Oğuzeli International Airport,GZT,TR,Gaziantep,large_airport,36.947201,37.478699
Kastamonu Airport,KFS,TR,Kastamonu,medium_airport,41.314201,33.795799
Konya Airport,KYA,TR,Konya,large_airport,37.979,32.561901
Zonguldak Çaycuma Airport,ONQ,TR,Zonguldak,medium_airport,41.506401,32.0886
Malatya Erhaç Airport,MLX,TR,Malatya,medium_airport,38.4352989197,38.0909996033
Kayseri Erkilet International Airport,ASR,TR,Kayseri,large_airport,38.770401,35.495399
Tokat Airport,TJK,TR,Tokat,medium_airport,40.32472,36.39056
Çardak Airport,DNZ,TR,Denizli,medium_airport,37.7855987549,29.7012996674
Nevşehir Kapadokya Airport,NAV,TR,Nevşehir,large_airport,38.7719,34.5345
İstanbul Atatürk Airport,ISL,TR,Istanbul(Bakırköy),large_airport,40.971913,28.823714
Balıkesir Airport,BZI,TR,Balıkesir,medium_airport,39.619301,27.926001
Bandırma Airport,BDM,TR,Bandırma,medium_airport,40.318001,27.977699
Çanakkale Airport,CKZ,TR,Çanakkale,medium_airport,40.1376991272,26.4267997742
Eskişehir Air Base,ESK,TR,Eskişehir,medium_airport,39.7841,30.5821
Adnan Menderes International Airport,ADB,TR,Gaziemir,large_airport,38.2924,27.157
Çiğli Airbase,IGL,TR,Çiğli,medium_airport,38.513,27.010099
Uşak Airport,USQ,TR,Uşak,medium_airport,38.681499,29.471701
Cengiz Topel Airport,KCO,TR,Kartepe,medium_airport,40.735001,30.0833
Bursa Yenişehir Airport,YEI,TR,Yenişehir,medium_airport,40.255199,29.562599
Dalaman International Airport,DLM,TR,Dalaman,large_airport,36.7131,28.7925
Tekirdağ Çorlu Airport,TEQ,TR,Çorlu,medium_airport,41.138199,27.9191
Hasan Polatkan Airport,AOE,TR,Eskişehir,large_airport,39.811644,30.519268
Elazığ Airport,EZS,TR,Elazığ,medium_airport,38.597974,39.28348
Ordu–Giresun Airport,OGU,TR,Ordu,medium_airport,40.966872,38.085995
Diyarbakır Airport,DIY,TR,Diyarbakır,medium_airport,37.893902,40.201
Erzincan Airport,ERC,TR,Erzincan,medium_airport,39.7102012634,39.527000427199994
Erzurum International Airport,ERZ,TR,Erzurum,medium_airport,39.956501,41.1702
Kars Airport,KSY,TR,Kars,medium_airport,40.562198638916016,43.1150016784668
Trabzon International Airport,TZX,TR,Trabzon,medium_airport,40.995098,39.7897
Van Ferit Melen Airport,VAN,TR,Van,medium_airport,38.46820068359375,43.332298278808594
Batman Airport,BAL,TR,Batman,medium_airport,37.929001,41.1166
Muş Airport,MSR,TR,Muş,medium_airport,38.747798919677734,41.66120147705078
Siirt Airport,SXZ,TR,Siirt,medium_airport,37.97890090942383,41.84040069580078
Sinop Airport,NOP,TR,Sinop,medium_airport,42.018313,35.071774
Kahramanmaraş Airport,KCM,TR,Kahramanmaraş,medium_airport,37.5388259888,36.9535217285
Ağrı Airport,AJI,TR,Ağrı,medium_airport,39.655642,43.025742
Adıyaman Airport,ADF,TR,Adıyaman,medium_airport,37.7314,38.468899
Mardin Airport,MQM,TR,Mardin,medium_airport,37.2233009338,40.6316986084
Şanlıurfa GAP Airport,GNY,TR,Şanlıurfa,large_airport,37.445663,38.895592
Iğdır Airport,IGD,TR,Iğdır,medium_airport,39.976627,43.876648
Şırnak Şerafettin Elçi Airport,NKT,TR,Şırnak,medium_airport,37.3647,42.0582
Hakkari Yüksekova Airport,YKO,TR,Hakkari,medium_airport,37.5497,44.2381
Hatay Airport,HTY,TR,Antakya,medium_airport,36.36079,36.285589
Çukurova International Airport,COV,TR,Tarsus,large_airport,36.891478,35.071235
Süleyman Demirel International Airport,ISE,TR,Isparta,medium_airport,37.8554,30.368401
Balıkesir Koca Seyit Airport,EDO,TR,Edremit,large_airport,39.552533,27.010192
Milas Bodrum International Airport,BJV,TR,Bodrum,large_airport,37.249314,27.66401
Gazipaşa-Alanya Airport,GZP,TR,Gazipaşa,medium_airport,36.298832,32.297017
Samsun-Çarşamba Airport,SZF,TR,Samsun,medium_airport,41.253988,36.567546
Istanbul Sabiha Gökçen International Airport,SAW,TR,"Pendik, Istanbul",large_airport,40.898602,29.3092
İstanbul Airport,IST,TR,Istanbul,large_airport,41.274874,28.732136
Rize–Artvin Airport,RZV,TR,Rize,large_airport,41.179766,40.848802
Bălți-Leadoveni International Airport,BZY,MD,Bălți,medium_airport,47.837666,27.781108
Chişinău International Airport,RMO,MD,Chişinău,large_airport,46.92774,28.931704
Daugavpils International Airport,DGP,LV,Daugavpils,medium_airport,55.944721,26.665001
Ohrid St. Paul the Apostle Airport,OHD,MK,Ohrid,large_airport,41.18,20.7423
Skopje International Airport,SKP,MK,Ilinden,large_airport,41.958087,21.622581
Gibraltar Airport,GIB,GI,Gibraltar,large_airport,36.151679,-5.34978
Brak Airport,BCQ,LY,Brak,medium_airport,27.653,14.272
Belgrade Nikola Tesla Airport,BEG,RS,Belgrade,large_airport,44.818401,20.309099
Batajnica Air Base,BJY,RS,Zemun,medium_airport,44.935299,20.2575
Morava Airport,KVO,RS,Kraljevo,medium_airport,43.817519,20.586662
Niš Constantine the Great Airport,INI,RS,Niš,large_airport,43.336538,21.856242
Podgorica Airport / Podgorica Golubovci Airbase,TGD,ME,Podgorica,large_airport,42.359402,19.2519
Tivat Airport,TIV,ME,Tivat,medium_airport,42.404701,18.723301
Ponikve Airport,UZC,RS,Stapari,medium_airport,43.898899,19.697701
Langzhong Gucheng Airport,LZG,CN,Nanchong (Langzhong),medium_airport,31.50191,106.034417
M. R. Štefánik Airport,BTS,SK,Bratislava,large_airport,48.1702,17.2127
Košice International Airport,KSC,SK,Košice,medium_airport,48.663101,21.2411
Piešťany Airport,PZY,SK,Piešťany,medium_airport,48.62519836425781,17.828399658203125
Sliač Airport,SLD,SK,Sliač,medium_airport,48.63779830932617,19.13409996032715
Poprad-Tatry Airport,TAT,SK,Poprad,medium_airport,49.070994,20.241394
Žilina-Dolný Hričov Airport,ILZ,SK,Dolný Hričov,medium_airport,49.233292,18.613386
JAGS McCartney International Airport,GDT,TC,Cockburn Town,medium_airport,21.4445,-71.142303
North Caicos Airport,NCA,TC,North Caicos,medium_airport,21.916094,-71.942954
Providenciales International Airport,PLS,TC,Providenciales,large_airport,21.773697,-72.268321
South Caicos Airport,XSC,TC,South Caicos,medium_airport,21.515699,-71.528503
Maria Montez International Airport,BRX,DO,Barahona,medium_airport,18.25149917602539,-71.12039947509766
Cabo Rojo Airport,CBJ,DO,Cabo Rojo,medium_airport,17.929000854492188,-71.6447982788086
Samaná El Catey International Airport,AZS,DO,Samana,medium_airport,19.269259,-69.737405
La Isabela International Airport,JBQ,DO,La Isabela,medium_airport,18.572500228881836,-69.98560333251953
Casa De Campo International Airport,LRM,DO,La Romana,large_airport,18.452222,-68.911111
Punta Cana International Airport,PUJ,DO,Punta Cana,large_airport,18.567093,-68.364558
Gregorio Luperon International Airport,POP,DO,Puerto Plata,medium_airport,19.7579,-70.57
Las Américas International Airport,SDQ,DO,Santo Domingo,large_airport,18.42970085144,-69.668899536133
Cibao International Airport,STI,DO,Santiago,large_airport,19.40406,-70.604431
Coban Airport,CBV,GT,Coban,medium_airport,15.469,-90.4067
La Aurora International Airport,GUA,GT,Guatemala City,large_airport,14.582896,-90.527515
Puerto Barrios Airport,PBR,GT,Puerto Barrios,medium_airport,15.7309,-88.583801
Rubelsanto Airport,RUV,GT,Rubelsanto,medium_airport,15.992,-90.445297
Retalhuleu Airport,RER,GT,Retalhuleu,medium_airport,14.521431,-91.697001
San José Airport,GSJ,GT,Puerto San José,medium_airport,13.9362,-90.8358
Mundo Maya International Airport,FRS,GT,San Benito,medium_airport,16.913707,-89.866143
Golosón International Airport,LCE,HN,La Ceiba,medium_airport,15.7425,-86.852997
Ramón Villeda Morales International Airport,SAP,HN,San Pedro Sula,large_airport,15.4526,-87.923599
La Laguna Airport,GJA,HN,Guanaja,medium_airport,16.4454,-85.906601
Juan Manuel Gálvez International Airport,RTB,HN,Coxen Hole,large_airport,16.316799,-86.523003
Palmerola International Airport,XPL,HN,Palmerola,large_airport,14.3824,-87.621201
Tela Airport,TEA,HN,Tela,medium_airport,15.7759,-87.4758
Toncontín Airport,TGU,HN,Tegucigalpa,medium_airport,14.0609,-87.217201
Trujillo Airport,TJI,HN,Trujillo,medium_airport,15.926599,-85.938573
Ian Fleming International Airport,OCJ,JM,Boscobel,medium_airport,18.404079,-76.969754
Norman Manley International Airport,KIN,JM,Kingston,large_airport,17.935699462890625,-76.7874984741211
Sangster International Airport,MBJ,JM,Montego Bay,large_airport,18.50342,-77.91323
Ken Jones Airport,POT,JM,Ken Jones,medium_airport,18.1987991333,-76.53450012210001
Tinson Pen Airport,KTP,JM,Tinson Pen,medium_airport,17.98859977722168,-76.82379913330078
General Juan N. Álvarez International Airport,ACA,MX,Acapulco,large_airport,16.757126,-99.753113
Del Norte International Airport,NTR,MX,Monterrey,medium_airport,25.865601,-100.237
Aguascalientes International Airport,AGU,MX,Aguascalientes,large_airport,21.699589,-102.318372
Bahías de Huatulco International Airport,HUX,MX,Huatulco,large_airport,15.775437,-96.260456
General Mariano Matamoros International Airport,CVJ,MX,Temixco,medium_airport,18.833922,-99.261818
Ciudad Acuña International Airport,ACN,MX,Ciudad Acuña,medium_airport,29.333662,-101.100555
Ciudad del Carmen International Airport,CME,MX,Ciudad del Carmen,medium_airport,18.651516,-91.799355
Bachigualato Federal International Airport,CUL,MX,Culiacán,large_airport,24.76504,-107.475228
Chetumal International Airport,CTM,MX,Chetumal,medium_airport,18.504985,-88.328018
Ciudad Obregón International Airport,CEN,MX,Ciudad Obregón,medium_airport,27.39259910583496,-109.83300018310548
Ingeniero Alberto Acuña Ongay International Airport,CPE,MX,Campeche,medium_airport,19.815969,-90.500125
Abraham González International Airport,CJS,MX,Ciudad Juárez,large_airport,31.636673,-106.428533
General Roberto Fierro Villalobos International Airport,CUU,MX,Chihuahua,large_airport,28.702649,-105.963764
General Pedro Jose Mendez International Airport,CVM,MX,Ciudad Victoria,medium_airport,23.7033,-98.956497
Captain Rogelio Castillo National Airport,CYW,MX,Celaya,medium_airport,20.545998,-100.886539
Cozumel International Airport,CZM,MX,Cozumel,large_airport,20.514922,-86.928538
General Guadalupe Victoria International Airport,DGO,MX,Durango,medium_airport,24.125468,-104.527938
Amado Nervo National Airport,TPQ,MX,Tepic,medium_airport,21.419833,-104.842472
Ensenada International Airport / El Ciprés Air Base,ESE,MX,Ensenada,medium_airport,31.794516,-116.602384
Guadalajara International Airport,GDL,MX,Guadalajara,large_airport,20.523342,-103.310108
General José María Yáñez International Airport,GYM,MX,Guaymas,medium_airport,27.9689998626709,-110.9250030517578
General Ignacio L. Pesqueira International Airport,HMO,MX,Hermosillo,large_airport,29.092811,-111.053015
Licenciado Miguel de la Madrid International Airport,CLQ,MX,Colima,medium_airport,19.277,-103.577002
Plan de Guadalupe International Airport,SLW,MX,Saltillo,medium_airport,25.53786,-100.928346
General Antonio Cárdenas Rodríguez National Airport / Ixtepec Air Base,IZT,MX,Ixtepec,medium_airport,16.445961,-95.093708
El Lencero Airport,JAL,MX,Emiliano Zapata,medium_airport,19.475107,-96.797008
Lázaro Cárdenas Airport,LZC,MX,Lázaro Cárdenas,medium_airport,18.001672,-102.220316
Valle del Fuerte International Airport,LMM,MX,Los Mochis,medium_airport,25.685503,-109.081159
Guanajuato International Airport,BJX,MX,Silao,large_airport,20.992695,-101.480284
Manuel Márquez de León International Airport,LAP,MX,La Paz,medium_airport,24.072331,-110.362662
Loreto International Airport,LTO,MX,Loreto,large_airport,25.989549,-111.348408
General Servando Canales International Airport,MAM,MX,Matamoros,medium_airport,25.7698993683,-97.5252990723
Manuel Crescencio Rejón International Airport,MID,MX,Mérida,large_airport,20.930485,-89.645462
General Rodolfo Sánchez Taboada International Airport,MXL,MX,Mexicali,medium_airport,32.630629,-115.242805
General Francisco J. Mujica International Airport,MLM,MX,Morelia,large_airport,19.849899,-101.025002
Minatitlán/Coatzacoalcos International Airport,MTT,MX,Cosoleacaque,medium_airport,18.103399,-94.580704
Monclova International Airport,LOV,MX,Monclova,medium_airport,26.9557,-101.470001
Mexico City Benito Juárez International Airport,MEX,MX,Mexico City,large_airport,19.435822,-99.07033
Monterrey International Airport,MTY,MX,Monterrey,large_airport,25.778521,-100.106989
General Rafael Buelna International Airport,MZT,MX,Mazatlàn,large_airport,23.162823,-106.264517
Nogales International Airport,NOG,MX,Nogales,medium_airport,31.225756,-110.976934
Quetzalcóatl International Airport,NLD,MX,Nuevo Laredo,medium_airport,27.443899,-99.570503
Xoxocotlán International Airport,OAX,MX,Oaxaca,large_airport,16.998773,-96.726092
El Tajín National Airport,PAZ,MX,Poza Rica,medium_airport,20.6026992798,-97.4608001709
Hermanos Serdán International Airport,PBC,MX,Puebla,large_airport,19.158465,-98.371582
Piedras Negras International Airport,PDS,MX,Piedras Negras,medium_airport,28.627873,-100.53524
Uruapan - Licenciado y General Ignacio Lopez Rayon International Airport,UPN,MX,Uruapan,medium_airport,19.3967,-102.039001
Puerto Vallarta International Airport,PVR,MX,Puerto Vallarta,large_airport,20.679913,-105.254391
Puerto Escondido International Airport,PXM,MX,Puerto Escondido,medium_airport,15.876808,-97.0891
Querétaro Intercontinental Airport,QRO,MX,Querétaro,large_airport,20.618779,-100.186449
General Lucio Blanco International Airport,REX,MX,Reynosa,medium_airport,26.0089,-98.2285
Los Cabos International Airport,SJD,MX,San José del Cabo,large_airport,23.151919,-109.720731
Cabo San Lucas International Airport,CSW,MX,Cabo San Lucas,medium_airport,22.949072,-109.939479
Felipe Ángeles International Airport,NLU,MX,Mexico City,large_airport,19.743824,-99.01507
Ponciano Arriaga International Airport,SLP,MX,San Luis Potosí,medium_airport,22.262026,-100.935692
Francisco Sarabia Tinoco International Airport,TRC,MX,Torreón,medium_airport,25.562265,-103.404608
Angel Albino Corzo International Airport,TGZ,MX,Tuxtla Gutiérrez,medium_airport,16.561611,-93.025731
General Abelardo L. Rodriguez International Airport,TIJ,MX,Tijuana,large_airport,32.541043,-116.969976
Felipe Carrillo Puerto International Airport Tulum,TQO,MX,Tulum,large_airport,20.172098,-87.660272
General Francisco Javier Mina International Airport,TAM,MX,Ciudad Madero,medium_airport,22.292622,-97.867058
Adolfo López Mateos International Airport,TLC,MX,Toluca,large_airport,19.3369,-99.56583
Tapachula International Airport,TAP,MX,Tapachula,medium_airport,14.794549,-92.369871
Cancún International Airport,CUN,MX,Cancún,large_airport,21.040817,-86.87347
Carlos Rovirosa Pérez International Airport,VSA,MX,Villahermosa,large_airport,17.994283,-92.818199
General Heriberto Jara International Airport,VER,MX,Veracruz,large_airport,19.139589,-96.188602
General Leobardo C. Ruiz International Airport,ZCL,MX,Zacatecas,medium_airport,22.894942,-102.687154
Ixtapa-Zihuatanejo International Airport,ZIH,MX,Ixtapa,large_airport,17.601771,-101.460629
Playa de Oro International Airport,ZLO,MX,Manzanillo,medium_airport,19.1448,-104.558998
Bluefields Airport,BEF,NI,Bluefields,medium_airport,11.991,-83.774101
Augusto C. Sandino (Managua) International Airport,MGA,NI,Managua,large_airport,12.1415,-86.168198
Puerto Cabezas Airport,PUZ,NI,Puerto Cabezas,medium_airport,14.047200202941896,-83.38670349121094
"Bocas del Toro ""Isla Colón"" International Airport",BOC,PA,Isla Colón,medium_airport,9.34085,-82.250801
Alonso Valderrama Airport,CTD,PA,Chitré,medium_airport,7.98784,-80.409837
Changuinola Captain Manuel Niño International Airport,CHX,PA,Changuinola,medium_airport,9.458962,-82.515062
Enrique Malek International Airport,DAV,PA,David,medium_airport,8.388983,-82.436425
Enrique Adolfo Jimenez Airport,ONX,PA,Colón,medium_airport,9.35664,-79.867401
Marcos A. Gelabert International Airport,PAC,PA,Albrook,medium_airport,8.97334,-79.555603
Ruben Cantu Airport,SYP,PA,Santiago,medium_airport,8.085599899291992,-80.94529724121094
Tocumen International Airport,PTY,PA,Tocumen,large_airport,9.07136,-79.383499
La Fortuna Arenal Airport,FON,CR,La Fortuna,medium_airport,10.469311,-84.579073
Buenos Aires Airport,BAI,CR,Punta Arenas,medium_airport,9.163949,-83.330171
Barra del Colorado Airport,BCL,CR,Pococi,medium_airport,10.7687,-83.585602
Coto 47 Airport,OTR,CR,Corredores,medium_airport,8.60156,-82.968754
Golfito Airport,GLF,CR,Golfito,medium_airport,8.65401,-83.182198
Guapiles Airport,GPL,CR,Pococi,medium_airport,10.2172002792,-83.79699707030001
Daniel Oduber Quirós International Airport,LIR,CR,Liberia,large_airport,10.5933,-85.544403
Los Chiles Airport,LSL,CR,Los Chiles,medium_airport,11.0353,-84.7061
Limón International Airport,LIO,CR,Limón,medium_airport,9.95796,-83.022003
Nosara Airport,NOB,CR,Nicoya,medium_airport,9.97649002075,-85.65299987790002
Juan Santamaría International Airport,SJO,CR,San José (Alajuela),large_airport,9.99386,-84.208801
Puerto Jimenez Airport,PJM,CR,Puerto Jimenez,medium_airport,8.533329963684082,-83.30000305175781
Palmar Sur Airport,PMZ,CR,Palmar Sur,medium_airport,8.95103,-83.468597
Tobías Bolaños International Airport,SYQ,CR,San Jose,medium_airport,9.95705,-84.139801
Quepos Managua Airport,XQP,CR,Quepos,medium_airport,9.44316,-84.129799
Upala Airport,UPL,CR,Upala,medium_airport,10.8922,-85.016197
El Salvador International Airport Saint Óscar Arnulfo Romero y Galdámez,SAL,SV,San Salvador (San Luis Talpa),large_airport,13.44447,-89.055784
Ilopango International Airport,ILS,SV,San Salvador,medium_airport,13.6995,-89.119904
Antoine-Simon International Airport,CYA,HT,Les Cayes,medium_airport,18.271099,-73.7883
Cap Haitien International Airport,CAP,HT,Cap Haitien,large_airport,19.725547,-72.20071
Jacmel Airport,JAK,HT,Jacmel,medium_airport,18.2411,-72.518501
Jérémie Airport,JEE,HT,Carrefour Sanon,medium_airport,18.663099,-74.170303
Toussaint Louverture International Airport,PAP,HT,Port-au-Prince,large_airport,18.580023,-72.292596
Port-de-Paix Airport,PAX,HT,Port-de-Paix,medium_airport,19.934045,-72.84801
Gustavo Rizo Airport,BCA,CU,Baracoa,medium_airport,20.365299224853516,-74.5062026977539
Carlos Manuel de Cespedes Airport,BYM,CU,Bayamo,medium_airport,20.3964,-76.621399
Máximo Gómez Airport,AVI,CU,Ciro Redondo,medium_airport,22.0271,-78.789597
Jardines Del Rey Airport,CCC,CU,Cayo Coco,medium_airport,22.4610004425,-78.32839965820001
Jaime Gonzalez Airport,CFG,CU,Cienfuegos,medium_airport,22.149999618530273,-80.41419982910156
Vilo Acuña International Airport,CYO,CU,Cayo Largo del Sur,medium_airport,21.6165008545,-81.5459976196
Ignacio Agramonte International Airport,CMW,CU,Camaguey,large_airport,21.419909,-77.848039
Antonio Maceo International Airport,SCU,CU,Santiago,large_airport,19.97474,-75.835504
Leeward Point Field,NBW,CU,Guantanamo Bay Naval Station,medium_airport,19.9065,-75.2071
Mariana Grajales Airport,GAO,CU,Guantánamo,medium_airport,20.0853,-75.158302
José Martí International Airport,HAV,CU,Havana,large_airport,22.989200592041016,-82.40910339355469
Frank Pais International Airport,HOG,CU,Holguin,large_airport,20.785148,-76.315526
Kawama Airport,VRO,CU,Santa Marta,medium_airport,23.124001,-81.301598
Orestes Acosta Airport,MOA,CU,Moa,medium_airport,20.653900146484375,-74.92220306396484
Sierra Maestra International Airport,MZO,CU,Manzanillo,medium_airport,20.288605,-77.087545
Rafael Cabrera Airport,GER,CU,Nueva Gerona,medium_airport,21.834699630737305,-82.78379821777344
Playa Baracoa Airport,UPB,CU,Havana,medium_airport,23.032801,-82.579399
Abel Santamaria International Airport,SNU,CU,Santa Clara,large_airport,22.492215,-79.943119
San Julián Air Base,SNJ,CU,Sandino,medium_airport,22.100525,-84.157376
Siguanea Airport,SZJ,CU,Isla de la Juventud,medium_airport,21.6425,-82.955101
Alberto Delgado Airport,TND,CU,Trinidad,medium_airport,21.7883,-79.9972
Juan Gualberto Gomez International Airport,VRA,CU,Matanzas,large_airport,23.034401,-81.435303
Hermanos Ameijeiras Airport,VTU,CU,Las Tunas,medium_airport,20.9876,-76.935799
Charles Kirkconnell International Airport,CYB,KY,West End,medium_airport,19.687,-79.882797
Edward Bodden Little Cayman Airfield,LYB,KY,Blossom Village,medium_airport,19.660161,-80.088826
Owen Roberts International Airport,GCM,KY,George Town,large_airport,19.292801,-81.357697
Clarence A. Bain Airport,MAY,BS,Mangrove Cay,medium_airport,24.287701,-77.684601
Andros Town Airport,ASD,BS,Andros Town,medium_airport,24.697901,-77.795601
Congo Town Airport,TZN,BS,Andros,medium_airport,24.158701,-77.589798
Leonard M. Thompson International Airport,MHH,BS,Marsh Harbour,medium_airport,26.510711,-77.084262
San Andros Airport,SAQ,BS,Andros Island,medium_airport,25.053800582885746,-78.04900360107422
Spring Point Airport,AXP,BS,Spring Point,medium_airport,22.441799,-73.970901
Treasure Cay Airport,TCB,BS,Treasure Cay,medium_airport,26.745300293,-77.3912963867
Chub Cay Airport,CCZ,BS,Chub Cay,medium_airport,25.417101,-77.880898
Great Harbour Cay Airport,GHC,BS,Bullocks Harbour,medium_airport,25.7383,-77.840103
South Bimini Airport,BIM,BS,South Bimini,medium_airport,25.6998996735,-79.2647018433
Arthur's Town Airport,ATC,BS,Arthur's Town,medium_airport,24.6294,-75.673797
New Bight Airport,TBI,BS,Cat Island,medium_airport,24.3153,-75.452301
Colonel Hill Airport,CRI,BS,Colonel Hill,medium_airport,22.7456,-74.182404
Exuma International Airport,GGT,BS,Moss Town,medium_airport,23.562599,-75.877998
North Eleuthera Airport,ELH,BS,North Eleuthera,medium_airport,25.475823,-76.680784
Governor's Harbour Airport,GHB,BS,Governor's Harbour,medium_airport,25.2847,-76.331001
Normans Cay Airport,NMC,BS,Normans Cay,medium_airport,24.594299,-76.820198
Rock Sound International Airport,RSD,BS,Rock Sound,medium_airport,24.89165,-76.177602
Staniel Cay Airport,TYM,BS,Staniel Cay,medium_airport,24.1691,-76.439102
Grand Bahama International Airport,FPO,BS,Freeport,large_airport,26.557996,-78.695583
Inagua Airport,IGA,BS,Matthew Town,medium_airport,20.975,-73.666901
Deadman's Cay Airport,LGI,BS,Deadman's Cay,medium_airport,23.1790008545,-75.09359741210001
Stella Maris Airport,SML,BS,Stella Maris,medium_airport,23.582317,-75.268621
Mayaguana Airport,MYG,BS,Abraham Bay Settlement,medium_airport,22.379499,-73.013494
Lynden Pindling International Airport,NAS,BS,Nassau,large_airport,25.039,-77.466202
Duncan Town Airport,DCT,BS,Duncan Town,medium_airport,22.181801,-75.7295
San Salvador International Airport,ZSA,BS,San Salvador,large_airport,24.063041,-74.523233
Philip S. W. Goldson International Airport,BZE,BZ,Belize City,large_airport,17.539951,-88.303556
Placencia Airport,PLJ,BZ,Placencia,medium_airport,16.536957,-88.361511
Rarotonga International Airport,RAR,CK,Avarua,large_airport,-21.2027,-159.806
Nadi International Airport,NAN,FJ,Nadi,large_airport,-17.761822,177.437843
Nausori International Airport,SUV,FJ,Nausori,large_airport,-18.044226,178.561486
Labasa Airport,LBS,FJ,Labasa,medium_airport,-16.4667,179.339996
Fua'amotu International Airport,TBU,TO,Nuku'alofa,large_airport,-21.241438,-175.149164
Lifuka Island Airport,HPA,TO,Lifuka,medium_airport,-19.777000427246097,-174.34100341796875
Vava'u International Airport,VAV,TO,Vava'u Island,large_airport,-18.5853,-173.962006
Port Harcourt City Airport / Port Harcourt Air Force Base,PHG,NG,Port Harcourt,medium_airport,4.846111,7.021389
Funafuti International Airport,FUN,TV,Funafuti,medium_airport,-8.523885,179.196976
Bonriki International Airport,TRW,KI,South Tarawa,large_airport,1.38164,173.147003
Tabiteuea North Airport,TBF,KI,,medium_airport,-1.22447,174.776001
Niue International Airport,IUE,NU,Alofi,medium_airport,-19.080109,-169.923493
Ninglang Luguhu Airport,NLH,CN,Ninglang,medium_airport,27.5403,100.7593
Hihifo Airport,WLS,WF,Wallis Island,large_airport,-13.239445,-176.19865
Pokhara International Airport,PHH,NP,Pokhara,large_airport,28.1838,84.0147
Faleolo International Airport,APW,WS,Apia,large_airport,-13.83,-172.007996
Pago Pago International Airport,PPG,AS,Pago Pago,large_airport,-14.331,-170.710007
Fa'a'ā International Airport,PPT,PF,Papeete,large_airport,-17.553472,-149.606936
Rurutu Airport,RUR,PF,,medium_airport,-22.434099197387695,-151.36099243164062
Tubuai Airport,TUB,PF,,medium_airport,-23.365400314331055,-149.5240020751953
Anaa Airport,AAA,PF,Anaa,medium_airport,-17.3526,-145.509995
Fangatau Airport,FGU,PF,Fangatau,medium_airport,-15.820044,-140.888071
Tikehau Airport,TIH,PF,Tuherahera,medium_airport,-15.1196,-148.231003
Reao Airport,REA,PF,Reao,medium_airport,-18.46652,-136.43855
Fakarava Airport,FAV,PF,,medium_airport,-16.054100036621094,-145.65699768066406
Manihi Airport,XMH,PF,,medium_airport,-14.436800003051758,-146.07000732421875
Totegegie Airport,GMR,PF,,medium_airport,-23.07990074157715,-134.88999938964844
Kaukura Airport,KKR,PF,Raitahiti,medium_airport,-15.6633,-146.884995
Makemo Airport,MKP,PF,Makemo,medium_airport,-16.5839,-143.658005
Takapoto Airport,TKP,PF,,medium_airport,-14.709500312805176,-145.24600219726562
Arutua Airport,AXR,PF,,medium_airport,-15.248299598693848,-146.61700439453125
Mataiva Airport,MVT,PF,,medium_airport,-14.8681001663208,-148.7169952392578
Ahe Airport,AHE,PF,Ahe Atoll,medium_airport,-14.428099632263184,-146.2570037841797
Takaroa Airport,TKX,PF,,medium_airport,-14.45580005645752,-145.02499389648438
Nuku Hiva Airport,NHV,PF,Nuku Hiva,medium_airport,-8.7956,-140.229004
Hiva Oa-Atuona Airport,AUQ,PF,Hiva Oa Island,medium_airport,-9.76879024506,-139.011001587
Bora Bora Airport,BOB,PF,Motu Mute,medium_airport,-16.444400787353516,-151.75100708007812
Rangiroa Airport,RGI,PF,,medium_airport,-14.954299926757812,-147.66099548339844
Huahine-Fare Airport,HUH,PF,Fare,medium_airport,-16.687084,-151.021593
Moorea Temae Airport,MOZ,PF,Moorea-Maiao,medium_airport,-17.48979,-149.761777
Hao Airport,HOI,PF,Otepa,medium_airport,-18.0748,-140.945999
Maupiti Airport,MAU,PF,,medium_airport,-16.42650032043457,-152.24400329589844
Raiatea Airport,RFP,PF,Uturoa,medium_airport,-16.7229,-151.466003
Gaua Island Airport,ZGU,VU,Gaua Island,medium_airport,-14.2181,167.587006
Santo Pekoa International Airport,SON,VU,Luganville,medium_airport,-15.505000114399998,167.220001221
Bauerfield International Airport,VLI,VU,Port Vila,large_airport,-17.699301,168.320007
Whitegrass Airport,TAH,VU,Tanna Island,medium_airport,-19.455099,169.223999
Tiga Airport,TGJ,NC,Tiga,medium_airport,-21.096407,167.80379
Koné Airport,KNQ,NC,Koné,medium_airport,-21.053551,164.838768
Île des Pins Airport,ILP,NC,Île des Pins,medium_airport,-22.5889,167.455994
Lifou Airport,LIF,NC,Lifou,medium_airport,-20.774563,167.239328
Nouméa Magenta Airport,GEA,NC,Nouméa,medium_airport,-22.257706,166.472822
Maré Airport,MEE,NC,Maré,medium_airport,-21.482438,168.038465
Touho Airport,TOU,NC,Touho,medium_airport,-20.790127,165.259524
Ouvéa Airport,UVE,NC,Ouvéa,medium_airport,-20.640932,166.573024
La Tontouta International Airport,NOU,NC,Nouméa (La Tontouta),large_airport,-22.014601,166.212997
Auckland International Airport,AKL,NZ,Auckland,large_airport,-37.01199,174.786331
Taupo Airport,TUO,NZ,Taupo,medium_airport,-38.73970031738281,176.08399963378906
Ardmore Airport,AMZ,NZ,Manurewa,medium_airport,-37.02970123291016,174.97300720214844
Christchurch International Airport,CHC,NZ,Christchurch,large_airport,-43.489029,172.532065
Inia William Tuuta Memorial Airport,CHT,NZ,Te One,medium_airport,-43.81189,-176.46514
Dunedin International Airport,DUD,NZ,Dunedin,medium_airport,-45.929017,170.197758
Gisborne Airport,GIS,NZ,Gisborne,medium_airport,-38.6633,177.977997
Glentanner Airport,GTN,NZ,Glentanner Station,medium_airport,-43.906700134277344,170.1280059814453
Hokitika Airfield,HKK,NZ,,medium_airport,-42.713600158691406,170.98500061035156
Hamilton International Airport,HLZ,NZ,Hamilton,medium_airport,-37.866961,175.331952
Kerikeri Airport,KKE,NZ,Kerikeri,medium_airport,-35.259148,173.913317
Kaitaia Airport,KAT,NZ,Awanui,medium_airport,-35.069837,173.287053
Alexandra Aerodrome,ALR,NZ,Alexandra,medium_airport,-45.210495,169.371113
Mount Cook Airport,MON,NZ,,medium_airport,-43.764999,170.132996
Manapouri Airport,TEU,NZ,,medium_airport,-45.5331,167.649994
Hood Airport,MRO,NZ,Masterton,medium_airport,-40.974634,175.63454
New Plymouth Airport,NPL,NZ,New Plymouth,medium_airport,-39.00859832763672,174.1790008544922
Hawke's Bay Airport,NPE,NZ,Napier,medium_airport,-39.465801,176.869995
Nelson Airport,NSN,NZ,Nelson,medium_airport,-41.298302,173.220993
Invercargill Airport,IVC,NZ,Invercargill,medium_airport,-46.41239929199219,168.31300354003906
RNZAF Base Ohakea,OHA,NZ,,medium_airport,-40.20600128173828,175.38800048828125
Oamaru Airport,OAM,NZ,,medium_airport,-44.970001,171.082001
Palmerston North Airport,PMR,NZ,Palmerston North,medium_airport,-40.320599,175.617004
Paraparaumu Airport,PPQ,NZ,,medium_airport,-40.90470123291016,174.98899841308594
Queenstown Airport,ZQN,NZ,Queenstown,large_airport,-45.019205,168.746379
Rotorua Regional Airport,ROT,NZ,Rotorua,medium_airport,-38.1092,176.317001
Tauranga Airport,TRG,NZ,Tauranga,medium_airport,-37.67190170288086,176.1959991455078
Timaru Airport,TIU,NZ,,medium_airport,-44.30279922485352,171.22500610351562
Pukaki Airport,TWZ,NZ,Twitzel,medium_airport,-44.2350006104,170.117996216
Woodbourne Airport,BHE,NZ,Blenheim,medium_airport,-41.5182991027832,173.8699951171875
Wanaka Airport,WKA,NZ,Wanaka,medium_airport,-44.722091,169.246287
Whakatāne Airport,WHK,NZ,Whakatāne,medium_airport,-37.922224,176.91696
Wellington International Airport,WLG,NZ,Wellington,large_airport,-41.326839,174.806862
Wairoa Airport,WIR,NZ,Wairoa,medium_airport,-39.011862,177.404401
Whangarei Airport,WRE,NZ,Whangarei,medium_airport,-35.769253,174.363713
Westport Airport,WSZ,NZ,Westport,medium_airport,-41.737111,171.579033
Wanganui Airport,WAG,NZ,Wanganui,medium_airport,-39.963467,175.02444
Herat - Khwaja Abdullah Ansari International Airport,HEA,AF,Guzara,large_airport,34.209999,62.228298
Bagram Airfield,OAI,AF,Bagram,medium_airport,34.946098,69.264999
Jalalabad Airport,JAA,AF,Jalalabad,medium_airport,34.399799,70.498596
Kabul International Airport,KBL,AF,Kabul,large_airport,34.565899,69.212303
Ahmad Shah Baba International Airport,KDH,AF,Kandahar,large_airport,31.505769,65.847963
Khost International Airport,KHT,AF,Khost,medium_airport,33.284605,69.80734
Maymana Zahiraddin Faryabi Airport,MMZ,AF,Maymana,medium_airport,35.930801,64.760902
Mazar-i-Sharif International Airport,MZR,AF,Mazar-i-Sharif,large_airport,36.70412,67.210459
Kunduz Airport,UND,AF,Kunduz,medium_airport,36.6651,68.910797
Bahrain International Airport,BAH,BH,Manama,large_airport,26.267295,50.63764
Corisco International Airport,OCS,GQ,Corisco Island,large_airport,0.910937,9.33027
Abha International Airport,AHB,SA,Abha,large_airport,18.2404,42.656601
Al-Ahsa International Airport,HOF,SA,Hofuf,large_airport,25.285299,49.485199
Al-Ula International Airport,ULH,SA,Al-Ula,large_airport,26.483634,38.117048
King Saud Bin Abdulaziz (Al Baha) Airport,ABT,SA,Al-Baha,medium_airport,20.298506,41.636153
Bisha Airport,BHH,SA,Bisha,medium_airport,19.9844,42.620899
King Fahd International Airport,DMM,SA,Ad Dammam,large_airport,26.4691,49.798209
Dawadmi Domestic Airport,DWD,SA,Dawadmi,medium_airport,24.4499,44.121201
King Abdulaziz Air Base,DHA,SA,Dhahran,large_airport,26.2654,50.152
Jizan Regional Airport / King Abdullah bin Abdulaziz Airport,GIZ,SA,Jizan,medium_airport,16.9011,42.5858
Prince Naif bin Abdulaziz International Airport,ELQ,SA,Qassim,large_airport,26.302799,43.774399
Gurayat Domestic Airport,URY,SA,Gurayat,medium_airport,31.412413,37.278898
Hail International Airport,HAS,SA,Hail,large_airport,27.437901,41.686298
King Abdulaziz International Airport,JED,SA,Jeddah,large_airport,21.680241,39.157436
King Khaled Military City Airport,KMC,SA,King Khaled Military City,medium_airport,27.9009,45.528198
King Khalid Air Base,KMX,SA,Khamis Mushait,medium_airport,18.2973,42.803501
Prince Mohammad Bin Abdulaziz Airport,MED,SA,Medina,large_airport,24.5534,39.705101
Najran Domestic Airport,EAM,SA,Najran,medium_airport,17.611401,44.419201
Neom Bay Airport,NUM,SA,Sharma,large_airport,27.924261,35.29358
Qaisumah–Hafar Al-Batin International Airport,AQI,SA,Qaisumah,large_airport,28.335726,46.127108
Prince Sultan Air Base,AKH,SA,Al Kharj,medium_airport,24.0627,47.580502
Rafha Domestic Airport,RAH,SA,Rafha,medium_airport,29.626399993896484,43.4906005859375
King Khalid International Airport,RUH,SA,Riyadh,large_airport,24.9576,46.698799
Arar Domestic Airport,RAE,SA,Arar,medium_airport,30.90660095214844,41.13819885253906
Sharurah Domestic Airport,SHW,SA,Sharurah,medium_airport,17.4669,47.121399
Al-Jawf International Airport,AJF,SA,Al-Jawf,large_airport,29.783301,40.100905
Prince Sultan bin Abdulaziz International Airport,TUU,SA,Tabuk,large_airport,28.3711,36.624865
Taif International Airport,TIF,SA,Taif,large_airport,21.484739,40.544074
Turaif Domestic Airport,TUI,SA,Turaif,medium_airport,31.692188,38.731544
Wadi Al Dawasir Domestic Airport,WAE,SA,Wadi Al Dawasir,medium_airport,20.504299,45.1996
Al Wajh Domestic Airport,EJH,SA,Al Wajh,medium_airport,26.198601,36.476398
Prince Abdulmohsen Bin Abdulaziz International Airport,YNB,SA,Yanbu,large_airport,24.144199,38.0634
Abadan Ayatollah Jami International Airport,ABD,IR,Abadan,large_airport,30.367887,48.230075
Dezful Airport,DEF,IR,Dezful,medium_airport,32.434399,48.397598
Aghajari Airport,AKW,IR,Omidiyeh,medium_airport,30.7444,49.6772
Gachsaran Airport,GCH,IR,Gachsaran,medium_airport,30.333869,50.833796
Shahid Asiyaee Airport,QMJ,IR,Masjed Soleyman,medium_airport,32.001719,49.268599
Mahshahr Airport,MRX,IR,Mahshahr,medium_airport,30.5562,49.151901
Qasem Soleimani International Airport,AWZ,IR,Ahvaz,large_airport,31.3364,48.763789
Abu Musa Island Airport,AEU,IR,Abu Musa,medium_airport,25.8757,55.033001
Bushehr Airport,BUZ,IR,Bushehr,medium_airport,28.9447994232,50.8345985413
Jam Airport,KNR,IR,Jam,medium_airport,27.820499,52.3522
Kish International Airport,KIH,IR,Kish Island,large_airport,26.525427,53.980462
Bandar Lengeh International Airport,BDH,IR,Bandar Lengeh,medium_airport,26.532283,54.82484
Persian Gulf International Airport,PGU,IR,Khiyaroo,medium_airport,27.379601,52.737701
Khark Airport,KHK,IR,Khark,medium_airport,29.260503,50.322193
Siri Airport,SXI,IR,Siri,medium_airport,25.908899,54.539398
Lavan Airport,LVP,IR,Lavan Airport,medium_airport,26.810742,53.354302
Shahid Ashrafi Esfahani Airport,KSH,IR,Kermanshah,medium_airport,34.3459014893,47.1581001282
Ilam Airport,IIL,IR,Ilam,medium_airport,33.58660125732422,46.40480041503906
Khoram Abad Airport,KHD,IR,,medium_airport,33.43539810180664,48.282901763916016
Sanandaj Airport,SDG,IR,,medium_airport,35.24589920043945,47.00920104980469
Kashan Airport,KKS,IR,Kashan,medium_airport,33.895302,51.577
Isfahan Shahid Beheshti International Airport,IFN,IR,Isfahan,large_airport,32.755142,51.883877
Shahrekord Airport,CQD,IR,Shahrekord,medium_airport,32.2971992493,50.842201232899995
Sardar-e-Jangal Airport,RAS,IR,Rasht,medium_airport,37.323333,49.617778
Hamadan Airport,HDM,IR,Hamadan,medium_airport,34.866416,48.56069
Nojeh Air Base,NUJ,IR,Amirabad,medium_airport,35.211601,48.6534
Imam Khomeini International Airport,IKA,IR,Tehran,large_airport,35.416099548339844,51.152198791503906
Mehrabad International Airport,THR,IR,Tehran,large_airport,35.689175,51.314392
Qazvin Airport,GZW,IR,Qazvin,medium_airport,36.240101,50.0471
Payam International Airport,PYK,IR,Karaj,large_airport,35.7761,50.826698
Bandar Abbas International Airport,BND,IR,Bandar Abbas,large_airport,27.2183,56.3778
Jiroft Airport,JYR,IR,Jiroft,medium_airport,28.723519,57.675037
Ayatollah Hashemi Rafsanjani International Airport,KER,IR,Kerman,large_airport,30.271276,56.949692
Bam Airport,BXR,IR,Bam,medium_airport,29.0842,58.450001
Qeshm International Airport,GSM,IR,Qeshm(Dayrestan),large_airport,26.754639,55.902353
Rafsanjan Airport,RJN,IR,Rafsanjan,medium_airport,30.298345,56.048979
Sirjan Airport,SYJ,IR,Sirjan,medium_airport,29.5509,55.672699
Birjand International Airport,XBJ,IR,Birjand,large_airport,32.896525,59.281258
Sarakhs Airport,CKT,IR,Sarakhs,medium_airport,36.501202,61.064899
Mashhad International Airport,MHD,IR,Mashhad,large_airport,36.234821,59.642949
Bojnord Airport,BJB,IR,Bojnord,medium_airport,37.49300003051758,57.30820083618164
Sabzevar National Airport,AFZ,IR,Sabzevar,medium_airport,36.16809844970703,57.59519958496094
Tabas Airport,TCX,IR,Tabas,medium_airport,33.667801,56.8927
Gorgan Airport,GBT,IR,Gorgan,medium_airport,36.9094009399,54.4012985229
Nowshahr Airport,NSH,IR,Nowshahr,medium_airport,36.664286,51.46273
Ramsar Airport,RZR,IR,Ramsar,medium_airport,36.90701,50.687316
Sari Dasht-e Naz International Airport,SRY,IR,Sari,medium_airport,36.644408,53.188761
Fasa Airport,FAZ,IR,Fasa,medium_airport,28.8918,53.723301
Lar Airport,LRR,IR,Lar,medium_airport,27.6747,54.383301
Lamerd Airport,LFM,IR,Lamerd,medium_airport,27.3727,53.188801
Shiraz Shahid Dastghaib International Airport,SYZ,IR,Shiraz,large_airport,29.5392,52.589802
Yasuj Airport,YES,IR,Yasuj,medium_airport,30.702238,51.542988
Ardabil Airport,ADU,IR,Ardabil,medium_airport,38.3256988525,48.4244003296
Urmia Airport,OMH,IR,Urmia,medium_airport,37.6680984497,45.0686988831
Tabriz International Airport,TBZ,IR,Tabriz,large_airport,38.1339,46.235001
Maku National Airport,IMQ,IR,Showt,medium_airport,39.191293,44.928505
Zanjan Airport,JWN,IR,Zanjan,medium_airport,36.7737007141,48.3594017029
Shahid Sadooghi Airport,AZD,IR,Yazd,medium_airport,31.9048995972,54.2765007019
Zabol Airport,ACZ,IR,Zabol,medium_airport,31.098301,61.5439
Chabahar Konarak International Airport,ZBR,IR,Konarak,medium_airport,25.44319,60.382167
Zahedan International Airport,ZAH,IR,Zahedan,large_airport,29.4757,60.9062
Iranshahr Airport,IHR,IR,Iranshahr,medium_airport,27.236099,60.720001
Queen Alia International Airport,AMM,JO,Amman,large_airport,31.7226009369,35.9931983948
Marka International (Amman Civil) Airport,ADJ,JO,Amman,large_airport,31.9727,35.9916
King Hussein International Airport,AQJ,JO,Aqaba,large_airport,29.611601,35.018101
Ahmed Al Jaber Air Base,XIJ,KW,Ahmed Al Jaber AB,medium_airport,28.9347991943,47.791900634799994
Kuwait International Airport,KWI,KW,Kuwait City,large_airport,29.224487,47.969813
Beirut Rafic Hariri International Airport,BEY,LB,Beirut,large_airport,33.819833,35.487443
Rene Mouawad Air Base,KYE,LB,Tripoli,medium_airport,34.589298,36.011299
Duqm International Airport,DQM,OM,Duqm,large_airport,19.501944,57.634167
Mussanah Airport,MNH,OM,Al Masna'ah,medium_airport,23.640556,57.4875
Zayed International Airport,AUH,AE,Abu Dhabi,large_airport,24.440966,54.649237
Al Bateen Executive Airport,AZI,AE,Abu Dhabi,large_airport,24.427062,54.459866
Al Ain International Airport,AAN,AE,Al Ain,large_airport,24.2617,55.6092
Al Dhafra Air Base,DHF,AE,,medium_airport,24.248199462900004,54.5476989746
Sir Bani Yas Airport,XSB,AE,Sir Bani Yas,medium_airport,24.283611,52.580278
Dubai International Airport,DXB,AE,Dubai,large_airport,25.24979,55.370992
Al Minhad Air Base,NHD,AE,Dubai,medium_airport,25.0268001556,55.3661994934
Al Maktoum International Airport,DWC,AE,Dubai(Jebel Ali),large_airport,24.896171,55.16235
Fujairah International Airport,FJR,AE,Fujairah,large_airport,25.108411,56.328061
Ras Al Khaimah International Airport,RKT,AE,Ras Al Khaimah,large_airport,25.613501,55.938801
Sharjah International Airport,SHJ,AE,Sharjah,large_airport,25.3286,55.5172
Khasab Airport,KHS,OM,Khasab,medium_airport,26.171,56.240601
RAFO Masirah,MSH,OM,Masirah,medium_airport,20.6754,58.890499
Muscat International Airport,MCT,OM,Muscat/Seeb,large_airport,23.600218,58.285268
Salalah International Airport,SLL,OM,Salalah,large_airport,17.0387,54.091301
Suhar International Airport,OHS,OM,Suhar,large_airport,24.38604,56.62541
Thumrait Air Base,TTH,OM,Thumrait,medium_airport,17.666,54.024601
Bahawalpur Airport,BHV,PK,Bahawalpur,medium_airport,29.348100662231445,71.71800231933594
Chitral Airport,CJL,PK,Chitral,medium_airport,35.886213,71.799922
Dera Ghazi Khan Airport,DEA,PK,Dera Ghazi Khan,medium_airport,29.961000442504883,70.48590087890625
Dera Ismael Khan Airport [IN-ACTIVE],DSK,PK,Dera Ismael Khan,medium_airport,31.909401,70.896599
Faisalabad International Airport,LYP,PK,Faisalabad,large_airport,31.364923,72.995319
New Gwadar International Airport,GWD,PK,Gurandani,large_airport,25.296733,62.498822
Gilgit Airport,GIL,PK,Gilgit,medium_airport,35.918800354003906,74.33360290527344
Islamabad International Airport,ISB,PK,Attock,large_airport,33.549,72.82566
Shahbaz Air Base,JAG,PK,Jacobabad,medium_airport,28.28420066833496,68.44969940185547
Jinnah International Airport,KHI,PK,Karachi,large_airport,24.9065,67.160797
Allama Iqbal International Airport,LHE,PK,Lahore,large_airport,31.521601,74.403603
Mangla Airport,XJM,PK,Mangla,medium_airport,33.05009841918945,73.63839721679688
Mianwali Air Base,MWD,PK,Mianwali,medium_airport,32.5630989074707,71.5707015991211
Moenjodaro Airport,MJD,PK,Moenjodaro,medium_airport,27.335199,68.143097
Minhas Air Base,ATG,PK,Kamra,medium_airport,33.8690986633,72.4009017944
Multan International Airport,MUX,PK,Multan,large_airport,30.203199,71.419098
Shaheed Benazirabad Airport,WNS,PK,Nawabashah,medium_airport,26.2194,68.390099
Panjgur Airport,PJG,PK,Panjgur,medium_airport,26.9545,64.1325
Pasni Airport,PSI,PK,Pasni,medium_airport,25.290501,63.3451
Bacha Khan International Airport,PEW,PK,Peshawar,large_airport,33.9939,71.514603
Quetta International Airport,UET,PK,Quetta,large_airport,30.2514,66.937798
Shaikh Zaid Airport,RYK,PK,Rahim Yar Khan,medium_airport,28.383899688720703,70.27960205078125
Rawalakot Airport,RAZ,PK,Rawalakot,medium_airport,33.849701,73.798103
Skardu International Airport,KDU,PK,Skardu,large_airport,35.33866,75.538648
Begum Nusrat Bhutto International Airport Sukkur,SKZ,PK,Sukkur,medium_airport,27.722,68.791702
Sehwan Sharif Airport,SYW,PK,Sehwan Sharif,medium_airport,26.473101,67.717201
Mushaf Air Base,SGI,PK,Sargodha,medium_airport,32.04859924316406,72.66500091552734
Saidu Sharif Airport,SDT,PK,Saidu Sharif,medium_airport,34.813599,72.352798
Sialkot International Airport,SKT,PK,Sialkot,large_airport,32.535941,74.364623
Sui Airport,SUL,PK,Sui,medium_airport,28.645099639892575,69.1769027709961
Turbat International Airport,TUK,PK,Turbat,large_airport,25.984767,63.028856
Zhob Airport,PZH,PK,Fort Sandeman,medium_airport,31.358400344848633,69.4636001586914
Al Asad Air Base,IQA,IQ,Hīt,medium_airport,33.7855987549,42.4412002563
Al Taqaddum Air Base,TQD,IQ,Al Habbaniyah,medium_airport,33.33810043335,43.597099304199
Baghdad International Airport / New Al Muthana Air Base,BGW,IQ,Baghdad,large_airport,33.262501,44.2346
Mosul International Airport,OSM,IQ,Mosul,large_airport,36.305801,43.1474
Erbil International Airport,EBL,IQ,Arbil,large_airport,36.236047,43.946615
Kirkuk International Airport,KIK,IQ,Kirkuk,large_airport,35.469501,44.3489
Basra International Airport,BSR,IQ,Basra,large_airport,30.549101,47.662102
Al Najaf International Airport,NJF,IQ,Najaf,large_airport,31.991116,44.405019
Qayyarah West Airport,RQW,IQ,Qayyarah,medium_airport,35.7672,43.125099
Sulaymaniyah International Airport,ISU,IQ,Sulaymaniyah,medium_airport,35.5617485046,45.3167381287
Ali Air Base,XNH,IQ,Nasiriyah,medium_airport,30.935801,46.090099
Aleppo International Airport,ALP,SY,Aleppo,large_airport,36.181262,37.226869
Damascus International Airport,DAM,SY,Damascus,large_airport,33.4114990234375,36.51559829711914
Deir ez-Zor Airport,DEZ,SY,Deir ez-Zor,medium_airport,35.2854,40.175999
Qamishli International Airport,KAC,SY,Qamishli,medium_airport,37.020599,41.191399
Latakia International Airport,LTK,SY,Latakia,medium_airport,35.4011,35.9487
Palmyra Airport,PMS,SY,Tadmur,medium_airport,34.5574,38.316898
Doha International Airport,DIA,QA,Doha,large_airport,25.259431,51.565528
Al Udeid Air Base,XJD,QA,Ar Rayyan,medium_airport,25.1173000336,51.3149986267
Hamad International Airport,DOH,QA,Doha,large_airport,25.273056,51.608056
Aden International Airport,ADE,YE,Aden,large_airport,12.829564,45.029976
Ataq Airport,AXK,YE,Ataq,medium_airport,14.5513,46.826199
Al Ghaydah International Airport,AAY,YE,Al Ghaydah,medium_airport,16.193341,52.174186
Riyan International Airport,RIY,YE,Mukalla(Riyan),large_airport,14.662241,49.375289
Sanaa International Airport,SAH,YE,Sanaa,large_airport,15.4763,44.2197
Socotra Airport,SCT,YE,Mori,medium_airport,12.632093,53.906173
Seiyun Hadhramaut International Airport,GXF,YE,Seiyun,large_airport,15.965887,48.788146
Taiz International Airport,TAI,YE,Taiz,medium_airport,13.686,44.139099
"Warren ""Bud"" Woods Palmer Municipal Airport",PAQ,US,Palmer,medium_airport,61.594898,-149.08901
Barter Island Long Range Radar Station Airport,BTI,US,Barter Island,medium_airport,70.134003,-143.582001
Bethel Airport,BET,US,Bethel,medium_airport,60.77980042,-161.8379974
Allen Army Airfield,BIG,US,Delta Junction Ft Greely,medium_airport,63.9944992065,-145.722000122
Wiley Post Will Rogers Memorial Airport,BRW,US,Utqiaġvik,medium_airport,71.285402,-156.766008
Cold Bay Airport,CDB,US,Cold Bay,medium_airport,55.207871,-162.725029
Merle K (Mudhole) Smith Airport,CDV,US,Cordova,medium_airport,60.491798,-145.477997
Cape Romanzof LRRS Airport,CZF,US,Cape Romanzof,medium_airport,61.78030014,-166.0390015
Deering Airport,DRG,US,Deering,medium_airport,66.068901,-162.766914
Adak Airport,ADK,US,Adak,medium_airport,51.883564,-176.642783
Dillingham Airport,DLG,US,Dillingham,medium_airport,59.04470062,-158.5050049
Kodiak Airport,ADQ,US,Kodiak,medium_airport,57.75,-152.4940033
Tom Madsen (Dutch Harbor) Airport,DUT,US,Unalaska,medium_airport,53.89881,-166.544996
Elmendorf Air Force Base,EDF,US,Anchorage,medium_airport,61.251709,-149.807097
Cape Newenham LRRS Airport,EHM,US,Cape Newenham,medium_airport,58.6464004517,-162.06300354
Eielson Air Force Base,EIL,US,Fairbanks,medium_airport,64.66570282,-147.102005
Emmonak Airport,EMK,US,Emmonak,medium_airport,62.78609848,-164.4909973
Kenai Municipal Airport,ENA,US,Kenai,medium_airport,60.570946,-151.245174
Fairbanks International Airport,FAI,US,Fairbanks,medium_airport,64.815102,-147.856003
Ladd Army Airfield,FBK,US,Fairbanks,medium_airport,64.837502,-147.613998
Ambler Airport,ABL,US,Ambler,medium_airport,67.105529,-157.855339
Edward G. Pitka Sr Airport,GAL,US,Galena,medium_airport,64.736198,-156.936997
Gulkana Airport,GKN,US,Gulkana,medium_airport,62.155859,-145.454662
Gambell Airport,GAM,US,Gambell,medium_airport,63.767694,-171.733303
Gustavus Airport,GST,US,Gustavus,medium_airport,58.4253006,-135.7070007
Holy Cross Airport,HCR,US,Holy Cross,medium_airport,62.18830108642578,-159.77499389648438
Huslia Airport,HSL,US,Huslia,medium_airport,65.697899,-156.350998
Haines Airport,HNS,US,Haines,medium_airport,59.243921,-135.523925
Homer Airport,HOM,US,Homer,medium_airport,59.644456,-151.479235
Egegik Airport,EGX,US,Egegik,medium_airport,58.184386,-157.374873
Bob Baker Memorial Airport,IAN,US,Kiana,medium_airport,66.976128,-160.439014
Iliamna Airport,ILI,US,Iliamna,medium_airport,59.754398,-154.910996
Indian Mountain LRRS Airport,UTO,US,Utopia Creek,medium_airport,65.992798,-153.703995
Juneau International Airport,JNU,US,Juneau,medium_airport,58.354935,-134.574416
King Salmon Airport,AKN,US,King Salmon,medium_airport,58.677845,-156.651965
Anaktuvuk Pass Airport,AKP,US,Anaktuvuk Pass,medium_airport,68.133598,-151.742996
Ketchikan International Airport,KTN,US,Ketchikan,medium_airport,55.35559845,-131.7140045
Klawock Airport,KLW,US,Klawock,medium_airport,55.579201,-133.076004
Cape Lisburne LRRS Airport,LUR,US,Cape Lisburne,medium_airport,68.875099,-166.110001
McGrath Airport,MCG,US,McGrath,medium_airport,62.95289993,-155.6060028
Merrill Field,MRI,US,Anchorage,medium_airport,61.212792,-149.843988
Mekoryuk Airport,MYU,US,Mekoryuk,medium_airport,60.372338,-166.269751
Ted Stevens Anchorage International Airport,ANC,US,Anchorage,large_airport,61.179004,-149.992561
Aniak Airport,ANI,US,Aniak,medium_airport,61.581600189208984,-159.54299926757812
Nenana Municipal Airport,ENN,US,Nenana,medium_airport,64.548772,-149.074516
Annette Island Airport,ANN,US,Metlakatla,medium_airport,55.037663,-131.572609
Anvik Airport,ANV,US,Anvik,medium_airport,62.646702,-160.190994
Nome Airport,OME,US,Nome,medium_airport,64.51219940185547,-165.44500732421875
Northway Airport,ORT,US,Northway,medium_airport,62.9613,-141.929001
Ralph Wien Memorial Airport,OTZ,US,Kotzebue,medium_airport,66.88469696,-162.598999
St George Airport,STG,US,St George,medium_airport,56.577345,-169.663823
Port Clarence Coast Guard Station,KPC,US,Port Clarence,medium_airport,65.2537002563,-166.85899353
Petersburg James A Johnson Airport,PSG,US,Petersburg,medium_airport,56.80170059,-132.9450073
Port Heiden Airport,PTH,US,Port Heiden,medium_airport,56.957893,-158.630219
Platinum Airport,PTU,US,Platinum,medium_airport,59.017675,-161.827927
Nuiqsut Airport,NUI,US,Nuiqsut,medium_airport,70.209999,-151.005998
Arctic Village Airport,ARC,US,Arctic Village,medium_airport,68.1147,-145.578995
Ruby Airport,RBY,US,Ruby,medium_airport,64.727203,-155.470001
Savoonga Airport,SVA,US,Savoonga,medium_airport,63.686401,-170.492996
Deadhorse Airport,SCC,US,Deadhorse,medium_airport,70.19470215,-148.4649963
Sand Point Airport,SDP,US,Sand Point,medium_airport,55.313908,-160.522099
Sitka Rocky Gutierrez Airport,SIT,US,Sitka,medium_airport,57.04710006713867,-135.36199951171875
St Paul Island Airport,SNP,US,St Paul Island,medium_airport,57.166311,-170.222555
Sparrevohn LRRS Airport,SVW,US,Sparrevohn,medium_airport,61.09740067,-155.5740051
Soldotna Airport,SXQ,US,Soldotna,medium_airport,60.474935,-151.038471
Eareckson Air Station,SYA,US,Shemya,medium_airport,52.71229935,174.1139984
Talkeetna Airport,TKA,US,Talkeetna,medium_airport,62.320499420166,-150.09399414062
Tatalina LRRS Airport,TLJ,US,Takotna,medium_airport,62.8944015503,-155.977005005
Atqasuk Edward Burnell Sr Memorial Airport,ATK,US,Atqasuk,medium_airport,70.46704,-157.436013
Unalakleet Airport,UNK,US,Unalakleet,medium_airport,63.888401,-160.798996
Valdez Pioneer Field,VDZ,US,Valdez,medium_airport,61.132712,-146.246567
Seward Airport,SWD,US,Seward,medium_airport,60.130478,-149.418612
Wrangell Airport,WRG,US,Wrangell,medium_airport,56.48429871,-132.3699951
Wainwright Airport,AIN,US,Wainwright,medium_airport,70.638,-159.994995
Wasilla Airport,WWA,US,Wasilla,medium_airport,61.571701,-149.539993
Yakutat Airport,YAK,US,Yakutat,medium_airport,59.508717,-139.660435
Canton Island Airport,CIS,KI,Abariringa,medium_airport,-2.7681200504300003,-171.710006714
Fort Yukon Airport,FYU,US,Fort Yukon,medium_airport,66.571651,-145.249987
Rota International Airport,ROP,MP,Rota Island,large_airport,14.173267,145.241103
Saipan International Airport,SPN,MP,"I Fadang, Saipan",medium_airport,15.119384,145.728848
Andersen Air Force Base,UAM,GU,Yigo,medium_airport,13.584,144.929998
Antonio B. Won Pat International Airport,GUM,GU,Hagåtña,large_airport,13.485,144.797282
Tinian International Airport,TIQ,MP,Tinian Island,large_airport,15.000453,145.618974
Barking Sands Airport,BKH,US,Kekaha,medium_airport,22.0228,-159.785004
Hana Airport,HNM,US,Hana,medium_airport,20.795601,-156.014008
Kapalua Airport,JHM,US,Lahaina,medium_airport,20.9629,-156.673004
Kalaeloa Airport,JRF,US,Kapolei,medium_airport,21.3074,-158.070009
Ellison Onizuka Kona International Airport at Keāhole,KOA,US,Kailua-Kona,large_airport,19.738783,-156.045603
Lihue Airport,LIH,US,"Lihue, Kauai",large_airport,21.974393,-159.337146
Molokai Airport,MKK,US,Kaunakakai,medium_airport,21.152901,-157.095993
Waimea Kohala Airport,MUE,US,Waimea (Kamuela),medium_airport,20.001301,-155.667999
Kaneohe Bay MCAS (Marion E. Carl Field) Airport,NGF,US,Kaneohe,medium_airport,21.4505,-157.768005
Daniel K. Inouye International Airport,HNL,US,"Honolulu, Oahu",large_airport,21.318387,-157.92567
Lanai Airport,LNY,US,Lanai City,medium_airport,20.785675,-156.951324
Kahului International Airport,OGG,US,Kahului,large_airport,20.896263,-156.431837
Hilo International Airport,ITO,US,Hilo,medium_airport,19.72135,-155.045428
Marshall Islands International Airport,MAJ,MH,Majuro Atoll,large_airport,7.06511,171.271656
Bucholz Army Air Field,KWA,MH,Kwajalein,medium_airport,8.720120429992676,167.73199462890625
Cassidy International Airport,CXI,KI,Kiritimati,large_airport,1.986278,-157.350011
Henderson Field,MDY,UM,Sand Island,medium_airport,28.2017,-177.380997
Point Lay LRRS Airport,PIZ,US,Point Lay,medium_airport,69.732903,-163.005005
Chuuk International Airport,TKK,FM,Weno Island,large_airport,7.46187,151.843002
Pohnpei International Airport,PNI,FM,Pohnpei Island,medium_airport,6.985082,158.20992
Roman Tmetuchl International Airport,ROR,PW,Babelthuap Island,large_airport,7.366965,134.544085
Kosrae International Airport,KSA,FM,Okat,large_airport,5.35698,162.957993
Yap International Airport,YAP,FM,Yap Island,large_airport,9.49891,138.082993
Wake Island Airfield,AWK,UM,Wake Island,medium_airport,19.282437,166.636637
Kinmen Airport,KNH,TW,Shang-I,medium_airport,24.4279,118.359001
Matsu Nangan Airport,LZN,TW,Matsu (Nangan),medium_airport,26.159656,119.958376
Taitung Airport,TTT,TW,Taitung City,medium_airport,22.7549991607666,121.10199737548828
Kaohsiung International Airport,KHH,TW,Kaohsiung (Xiaogang),large_airport,22.577101,120.349998
Chiayi Airport,CYI,TW,Shuishang,medium_airport,23.462577,120.390544
Hengchun Airport,HCN,TW,Hengchun,medium_airport,22.0411,120.730003
Lanyu Airport,KYD,TW,Orchid Island,medium_airport,22.027000427246097,121.53500366210938
Taichung International Airport / Ching Chuang Kang Air Base,RMQ,TW,Taichung (Qingshui),large_airport,24.2647,120.621002
Matsu Beigan Airport,MFK,TW,Matsu (Beigan),medium_airport,26.224199,120.002998
Tainan International Airport / Tainan Air Base,TNN,TW,Tainan (Rende),large_airport,22.950399,120.206001
Hsinchu Air Base,HSZ,TW,Hsinchu City,medium_airport,24.8180007935,120.939002991
Penghu Magong Airport,MZG,TW,Huxi,large_airport,23.568701,119.627998
Pingtung Air Force Base North,PIF,TW,Pingtung,medium_airport,22.700199,120.482002
Taipei Songshan International Airport,TSA,TW,Taipei (Songshan),large_airport,25.067244,121.552822
Taiwan Taoyuan International Airport,TPE,TW,Taoyuan,large_airport,25.0777,121.233002
Hualien Chiashan Airport,HUN,TW,Hualien City,large_airport,24.023163,121.617991
Narita International Airport,NRT,JP,Narita,large_airport,35.76858,140.388714
Shinshu-Matsumoto Airport,MMJ,JP,Matsumoto,medium_airport,36.166801,137.923004
Ibaraki Airport,IBR,JP,Omitama,large_airport,36.181456,140.414434
Ioto (Iwo Jima) Airbase,IWO,JP,Ogasawara,medium_airport,24.784153,141.32261
Kansai International Airport,KIX,JP,Osaka,large_airport,34.427299,135.244003
Nanki Shirahama Airport,SHM,JP,Shirahama,medium_airport,33.6622009277,135.363998413
Kobe Airport,UKB,JP,Kobe,large_airport,34.632801,135.223999
Konotori Tajima Airport,TJH,JP,Toyooka,medium_airport,35.512798,134.787003
Tokachi-Obihiro Airport,OBO,JP,Obihiro,medium_airport,42.7332992554,143.216995239
New Chitose Airport,CTS,JP,Sapporo,large_airport,42.774753,141.690414
Hakodate Airport,HKD,JP,Hakodate,large_airport,41.77,140.822006
Kushiro Airport,KUH,JP,Kushiro,medium_airport,43.041,144.192993
Memanbetsu Airport,MMB,JP,Ōzora,medium_airport,43.8805999756,144.164001465
Nakashibetsu Airport,SHB,JP,Nakashibetsu,medium_airport,43.5774993896,144.960006714
Sapporo Okadama Airport,OKD,JP,Sapporo,medium_airport,43.117447,141.38134
Wakkanai Airport,WKJ,JP,Wakkanai,medium_airport,45.4042015076,141.800994873
Amakusa Airport,AXJ,JP,Amakusa,medium_airport,32.482498,130.158997
Iki Airport,IKI,JP,Iki,medium_airport,33.7490005493,129.785003662
Yamaguchi Ube Airport,UBJ,JP,Ube,medium_airport,33.93,131.279007
Tsushima Airport,TSJ,JP,Tsushima,medium_airport,34.2849006653,129.330993652
Monbetsu Airport,MBE,JP,Monbetsu,medium_airport,44.303901672399995,143.404006958
Asahikawa Airport,AKJ,JP,Higashikagura,medium_airport,43.670799,142.447006
Okushiri Airport,OIR,JP,Okushiri Island,medium_airport,42.0717010498,139.432998657
Rishiri Airport,RIS,JP,Rishiri,medium_airport,45.2420005798,141.186004639
Yakushima Airport,KUM,JP,Yakushima,medium_airport,30.385599,130.658997
Fukue Airport,FUJ,JP,Goto,medium_airport,32.666302,128.832993
Fukuoka Airport,FUK,JP,Fukuoka,large_airport,33.585899353027344,130.4510040283203
New Tanegashima Airport,TNE,JP,Tanegashima,medium_airport,30.605100631699997,130.990997314
Kagoshima Airport,KOJ,JP,Kagoshima,large_airport,31.8034,130.718994
Miyazaki Airport,KMI,JP,Miyazaki,large_airport,31.877199,131.449005
Oita Airport,OIT,JP,Oita,medium_airport,33.479400634799994,131.736999512
Kitakyushu Airport,KKJ,JP,Kitakyushu,large_airport,33.845901,131.035004
Kyushu Saga International Airport,HSG,JP,Saga,large_airport,33.1497,130.302002
Kumamoto Airport,KMJ,JP,Kumamoto,large_airport,32.837299,130.854996
Nagasaki Airport,NGS,JP,Nagasaki,large_airport,32.916901,129.914001
Chubu Centrair International Airport,NGO,JP,Tokoname,large_airport,34.858398,136.804993
Amami Airport,ASJ,JP,Amami,medium_airport,28.430599212646484,129.71299743652344
Okinoerabu Airport,OKE,JP,Wadomari,medium_airport,27.431604,128.705564
Kikai Airport,KKX,JP,Kikai,medium_airport,28.321300506599997,129.927993774
Tokunoshima Airport,TKN,JP,Amagi,medium_airport,27.836382,128.881356
Nagoya Airport / JASDF Komaki Air Base,NKM,JP,Nagoya,medium_airport,35.255759,136.924095
Fukui Airport,FKJ,JP,Fukui,medium_airport,36.142799,136.223999
Gifu Airport,QGU,JP,Gifu,medium_airport,35.3941,136.869995
Komatsu Airport / JASDF Komatsu Air Base,KMQ,JP,Kanazawa,large_airport,36.393407,136.406895
Oki Global Geopark Airport,OKI,JP,Okinoshima,medium_airport,36.178388,133.323566
Mount Fuji Shizuoka Airport,FSZ,JP,Makinohara / Shimada,large_airport,34.795022,138.190976
Toyama Kitokito Airport,TOY,JP,Toyama,medium_airport,36.648416,137.187359
Noto Satoyama Airport,NTQ,JP,Wajima,medium_airport,37.293098,136.962006
Hiroshima Airport,HIJ,JP,Hiroshima,large_airport,34.4361,132.919006
Okayama Momotaro Airport,OKJ,JP,Okayama,large_airport,34.756901,133.854996
Izumo Enmusubi Airport,IZO,JP,Izumo,medium_airport,35.413601,132.889999
Yonago Kitaro Airport / JASDF Miho Air Base,YGJ,JP,Yonago,medium_airport,35.492199,133.235992
Iwakuni Kintaikyo Airport,IWK,JP,Iwakuni,medium_airport,34.146333,132.247238
Kochi Ryoma Airport,KCZ,JP,Nankoku,large_airport,33.545217,133.670166
Matsuyama Airport,MYJ,JP,Matsuyama,large_airport,33.826893,132.700114
Osaka Itami International Airport,ITM,JP,Osaka,large_airport,34.780853,135.440829
Tottori Sand Dunes Conan Airport,TTJ,JP,Tottori,medium_airport,35.530058,134.165023
Tokushima Awaodori Airport / JMSDF Tokushima Air Base,TKS,JP,Tokushima,large_airport,34.132559,134.607816
Takamatsu Airport,TAK,JP,Takamatsu,large_airport,34.214963,134.015454
Iwami Airport,IWJ,JP,Masuda,medium_airport,34.676399231,131.789993286
Aomori Airport,AOJ,JP,Aomori,large_airport,40.733777,140.689477
Yamagata Airport,GAJ,JP,Higashine,medium_airport,38.4119,140.371002
Sado Airport,SDS,JP,Sado,medium_airport,38.0601997375,138.414001465
Fukushima Airport,FKS,JP,Sukagawa,medium_airport,37.22740173339844,140.43099975585938
JMSDF Hachinohe Air Base / Hachinohe Airport,HHE,JP,Hachinohe,medium_airport,40.551181,141.465428
Iwate Hanamaki Airport,HNA,JP,Hanamaki,medium_airport,39.4286,141.134995
Akita Airport,AXT,JP,Akita,medium_airport,39.615601,140.218994
Misawa Airport / Misawa Air Base,MSJ,JP,Misawa,medium_airport,40.703201,141.367996
Niigata Airport,KIJ,JP,Niigata,large_airport,37.954166,139.112189
Odate Noshiro Airport,ONJ,JP,Kitaakita,medium_airport,40.191898,140.371002
Sendai Airport,SDJ,JP,Natori,large_airport,38.139702,140.917007
Shonai Airport,SYO,JP,Shonai,medium_airport,38.812199,139.787003
JMSDF Atsugi Air Base / Naval Air Facility Atsugi,NJA,JP,Ayase / Yamato,medium_airport,35.454601,139.449997
Hachijojima Airport,HAC,JP,Hachijojima,medium_airport,33.114843,139.785645
Oshima Airport,OIM,JP,Izu Oshima,medium_airport,34.782001495399996,139.36000061
Miyakejima Airport,MYE,JP,Miyakejima,medium_airport,34.073600769,139.559997559
Tokyo Haneda International Airport,HND,JP,Tokyo,large_airport,35.549678,139.786958
Yokota Air Base,OKO,JP,Fussa,medium_airport,35.748501,139.348007
Muan International Airport,MWX,KR,Muan (Piseo-ri),large_airport,34.991406,126.382814
Gwangju Airport,KWJ,KR,Gwangju,medium_airport,35.123173,126.805444
Gunsan Airport / Gunsan Air Base,KUV,KR,Gunsan,medium_airport,35.903801,126.615997
Yeosu Airport,RSU,KR,Yeosu,medium_airport,34.84230041503906,127.61699676513672
Gangneung Airport (K-18),KAG,KR,Gangneung,medium_airport,37.753601,128.943915
Wonju Airport / Hoengseong Air Base (K-38/K-46),WJU,KR,Wonju,medium_airport,37.437113,127.960051
Yangyang International Airport,YNY,KR,Gonghang-ro,large_airport,38.060481,128.669822
Jeju International Airport,CJU,KR,Jeju City,large_airport,33.512058,126.492548
Jeongseok Airport,JDG,KR,Jeju Island,medium_airport,33.3996009827,126.711997986
Gimhae International Airport,PUS,KR,Busan,large_airport,35.179501,128.938004
Sacheon Airport / Sacheon Air Base,HIN,KR,Sacheon,medium_airport,35.088591,128.071747
Ulsan Airport,USN,KR,Ulsan,medium_airport,35.59349823,129.352005005
Incheon International Airport,ICN,KR,Seoul,large_airport,37.469101,126.450996
Seoul Air Base (K-16),SSN,KR,Seongnam,medium_airport,37.444744,127.112718
Osan Air Base,OSN,KR,Pyeongtaek,medium_airport,37.091457,127.029448
Gimpo International Airport,GMP,KR,Seoul,large_airport,37.5583,126.791
Suwon Airport,SWU,KR,Suwon,medium_airport,37.239399,127.007004
Pohang Airport (G-815/K-3),KPO,KR,Pohang,medium_airport,35.987955,129.420383
Jungwon Air Base/Chungju Airport,JWO,KR,Gimseang-ro,medium_airport,37.03024,127.886353
Daegu International Airport,TAE,KR,Daegu,large_airport,35.894394,128.656989
Cheongju International Airport/Cheongju Air Base (K-59/G-513),CJJ,KR,Cheongju,large_airport,36.71556,127.500289
Yecheon Airbase,YEC,KR,Yecheon-ri,medium_airport,36.630373,128.34971
Naha International Airport,OKA,JP,Naha,large_airport,26.192437,127.639804
Kadena Air Base,DNA,JP,Okinawa,large_airport,26.351667,127.769444
New Ishigaki Airport,ISG,JP,Ishigaki,medium_airport,24.396389,124.245
Kumejima Airport,UEO,JP,Kumejima,medium_airport,26.363445,126.71384
Minamidaito Airport,MMD,JP,Minamidaito,medium_airport,25.8465,131.263
Miyako Airport,MMY,JP,Miyakojima,medium_airport,24.782801,125.294998
Iejima Airport,IEJ,JP,Ie,medium_airport,26.722537,127.786801
Kitadaito Airport,KTD,JP,Kitadaitōjima,medium_airport,25.9447002411,131.32699585
Shimojishima Airport,SHI,JP,Miyakojima,medium_airport,24.8267,125.144997
Tarama Airport,TRA,JP,Tarama,medium_airport,24.653793,124.675453
Yoron Airport,RNJ,JP,Yoron,medium_airport,27.043847,128.401648
Yonaguni Airport,OGN,JP,Yonaguni,medium_airport,24.467298,122.979827
Subic Bay International Airport / Naval Air Station Cubi Point,SFS,PH,Olongapo,large_airport,14.794833,120.271883
Clark International Airport / Clark Air Base,CRK,PH,Mabalacat,large_airport,15.186,120.559998
Cagayan North International Airport,LLC,PH,Lal-lo,medium_airport,18.182388,121.746223
Laoag International Airport,LAO,PH,Laoag City,large_airport,18.175089,120.531006
Bicol International Airport,DRP,PH,Legazpi,large_airport,13.111915,123.676829
Ninoy Aquino International Airport,MNL,PH,Manila (Pasay),large_airport,14.5086,121.019997
Danilo Atienza Air Base,SGL,PH,Cavite,medium_airport,14.4954,120.903999
Lubang Airport,LBX,PH,Lubang,medium_airport,13.8554,120.105003
Allah Valley Airport,AAV,PH,Surallah,medium_airport,6.367903,124.752431
Cotabato (Awang) Airport,CBO,PH,Datu Odin Sinsuat,medium_airport,7.164753,124.209938
Francisco Bangoy International Airport,DVO,PH,Davao,large_airport,7.12552,125.646004
Bancasi Airport,BXU,PH,Butuan,medium_airport,8.9515,125.4788
Bislig Airport,BPH,PH,Bislig,medium_airport,8.195052,126.321015
Dipolog Airport,DPL,PH,Dipolog,medium_airport,8.601983,123.341875
Camiguin Airport,CGM,PH,Mambajao,medium_airport,9.253894,124.709115
Jolo Airport,JOL,PH,Jolo,medium_airport,6.05367,121.011002
Sanga Sanga Airport,TWT,PH,Bongao,medium_airport,5.048196,119.743338
Labo Airport,OZC,PH,Ozamiz,medium_airport,8.17851,123.842003
Pagadian Airport,PAG,PH,Pagadian,medium_airport,7.825632,123.459635
Mati National Airport,MXI,PH,Mati,medium_airport,6.949091,126.27368
General Santos International Airport,GES,PH,General Santos,large_airport,6.057208,125.096243
Surigao Airport,SUG,PH,Surigao City,medium_airport,9.755838325629998,125.480947495
Tandag Airport,TDG,PH,Tandag,medium_airport,9.072002,126.17132
Laguindingan International Airport,CGY,PH,Laguindingan,large_airport,8.612203,124.456496
Zamboanga International Airport,ZAM,PH,Zamboanga,large_airport,6.92242,122.059998
Bohol-Panglao International Airport,TAG,PH,Panglao,medium_airport,9.573045,123.770143
Loakan Airport,BAG,PH,Baguio,medium_airport,16.375034,120.619949
Daet Airport,DTE,PH,Daet,medium_airport,14.1292,122.980003
San Jose Airport,SJI,PH,San Jose,medium_airport,12.361499786399998,121.04699707
Mamburao Airport,MBO,PH,Mamburao,medium_airport,13.208048,120.605457
Naga Airport,WNP,PH,Naga,medium_airport,13.58489990234375,123.2699966430664
Basco Airport,BSO,PH,Basco,medium_airport,20.4513,121.980003
Dr. Juan C. Angara Airport,BQA,PH,Baler,medium_airport,15.729309,121.500034
San Fernando Airport,SFE,PH,San Fernando,medium_airport,16.5956,120.303001
Tuguegarao Airport,TUG,PH,Tuguegarao City,medium_airport,17.6433676823,121.733150482
Virac Airport,VRC,PH,Virac,medium_airport,13.57639980316162,124.20600128173828
Marinduque Airport,MRQ,PH,Gasan,medium_airport,13.361000061035156,121.82599639892578
Cauayan Airport,CYZ,PH,Cauayan City,medium_airport,16.9298992157,121.752998352
Daniel Z. Romualdez Airport,TAC,PH,Tacloban City,medium_airport,11.227761,125.027783
Bacolod-Silay International Airport,BCD,PH,Bacolod City,large_airport,10.776237,123.018879
Calbayog Airport,CYP,PH,Calbayog City,medium_airport,12.072574,124.54508
Sibulan Airport,DGT,PH,Dumaguete City,medium_airport,9.334183,123.30191
Godofredo P. Ramos Airport,MPH,PH,Caticlan,medium_airport,11.9245,121.954002
Catarman National Airport,CRM,PH,Catarman,medium_airport,12.50161,124.635258
Iloilo International Airport,ILO,PH,Cabatuan,large_airport,10.833017,122.493358
Moises R. Espinosa Airport,MBT,PH,Masbate,medium_airport,12.369682,123.630095
Kalibo International Airport,KLO,PH,Kalibo,large_airport,11.6794,122.375999
Mactan Cebu International Airport,CEB,PH,Cebu City/Lapu-Lapu City,large_airport,10.309261,123.97974
Ormoc Airport,OMC,PH,Ormoc City,medium_airport,11.057715,124.565622
Puerto Princesa International Airport / PAF Antonio Bautista Air Base,PPS,PH,Puerto Princesa,large_airport,9.742044,118.75911
Roxas Airport,RXS,PH,Roxas City,medium_airport,11.597700119018556,122.7519989013672
Evelio Javier Airport,EUQ,PH,San Jose,medium_airport,10.766644,121.932506
Tugdan Airport,TBH,PH,Tablas Island,medium_airport,12.3109998703,122.084999084
Francisco B. Reyes (Busuanga) Airport,USU,PH,Coron,medium_airport,12.121865,120.100801
Red Sea International Airport,RSI,SA,Hanak,large_airport,25.627975,37.088914
Krymsk Air Base,NOI,RU,Krymsk,medium_airport,44.962905,37.999071
Smolensk North Airport,LNX,RU,Smolensk,medium_airport,54.824,32.025
Yeysk Airport,EIK,RU,Yeysk,medium_airport,46.68,38.21
Comodoro Pierrestegui Airport,COC,AR,Concordia,medium_airport,-31.2969,-57.9966
Gualeguaychu Airport,GHU,AR,Gualeguaychu,medium_airport,-33.005567,-58.612833
General Urquiza Airport,PRA,AR,Parana,medium_airport,-31.7948,-60.4804
Rosario Islas Malvinas International Airport,ROS,AR,Rosario,large_airport,-32.9036,-60.785
Sauce Viejo Airport,SFN,AR,Santa Fe,medium_airport,-31.7117,-60.8117
Aeroparque Jorge Newbery,AEP,AR,Buenos Aires,large_airport,-34.559419,-58.415536
Ingeniero Aeronáutico Ambrosio L.V. Taravella International Airport,COR,AR,Cordoba,large_airport,-31.312346,-64.208329
La Plata Airport,LPG,AR,La Plata,medium_airport,-34.9722,-57.8947
El Palomar Airport,EPA,AR,El Palomar,medium_airport,-34.6099,-58.6126
Ezeiza International Airport - Ministro Pistarini,EZE,AR,Buenos Aires (Ezeiza),large_airport,-34.8222,-58.5358
Rincon De Los Sauces Airport,RDS,AR,Rincon de los Sauces,medium_airport,-37.390598,-68.904198
Zapala Airport,APZ,AR,Zapala,medium_airport,-38.975498,-70.113602
Governor Francisco Gabrielli International Airport,MDZ,AR,Mendoza,large_airport,-32.831699,-68.7929
Comodoro D.R. Salomón Airport,LGS,AR,Malargue,medium_airport,-35.493599,-69.574303
Suboficial Ay Santiago Germano Airport,AFA,AR,San Rafael,medium_airport,-34.588299,-68.4039
Coronel Felipe Varela International Airport,CTC,AR,Catamarca,medium_airport,-28.593117,-65.7512
Vicecomodoro Angel D. La Paz Aragonés Airport,SDE,AR,Santiago del Estero,medium_airport,-27.765556335399996,-64.3099975586
Capitan V A Almonacid Airport,IRJ,AR,La Rioja,medium_airport,-29.381599,-66.795799
Termas de Río Hondo international Airport,RHD,AR,Termas de Río Hondo,medium_airport,-27.4966,-64.93595
Teniente Benjamín Matienzo International Airport,TUC,AR,San Miguel de Tucumán,large_airport,-26.837397,-65.104195
Domingo Faustino Sarmiento Airport,UAQ,AR,San Juan,medium_airport,-31.571501,-68.418198
Area De Material Airport,RCU,AR,Rio Cuarto,medium_airport,-33.085098,-64.261299
Villa Dolores Airport,VDR,AR,Villa Dolores,medium_airport,-31.9452,-65.146301
Villa Reynolds Airport,VME,AR,Villa Mercedes,medium_airport,-33.7299003601,-65.3873977661
Brigadier Mayor D Cesar Raul Ojeda Airport,LUQ,AR,San Luis,medium_airport,-33.273201,-66.3564
Corrientes Airport,CNQ,AR,Corrientes,medium_airport,-27.4455,-58.7619
Resistencia International Airport,RES,AR,Resistencia,large_airport,-27.44991,-59.056125
Formosa National Airport,FMA,AR,Formosa,medium_airport,-26.2127,-58.2281
Cataratas Del Iguazú International Airport,IGR,AR,Puerto Iguazu,medium_airport,-25.737301,-54.4734
Paso De Los Libres Airport,AOL,AR,Paso de los Libres,medium_airport,-29.6894,-57.1521
Monte Caseros Airport,MCS,AR,Monte Caseros,medium_airport,-30.2719,-57.6402
Libertador Gral D Jose De San Martin Airport,PSS,AR,Posadas,medium_airport,-27.3858,-55.9707
Martín Miguel de Güemes International Airport,SLA,AR,Salta,large_airport,-24.856001,-65.486198
Gobernador Horacio Guzman International Airport,JUJ,AR,San Salvador de Jujuy,large_airport,-24.392799,-65.097801
Orán Airport,ORA,AR,Orán,medium_airport,-23.1528,-64.329201
General Enrique Mosconi Airport,TTG,AR,Tartagal,medium_airport,-22.616877,-63.793015
Goya Airport,OYA,AR,Goya,medium_airport,-29.1058,-59.2189
Reconquista Airport,RCQ,AR,Reconquista,medium_airport,-29.210278,-59.683333
Curuzu Cuatia Airport,UZU,AR,Curuzu Cuatia,medium_airport,-29.7706,-57.9789
El Bolsón Airfield,EHL,AR,El Bolsón,medium_airport,-41.943199,-71.532303
General Enrique Mosconi International Airport,CRD,AR,Comodoro Rivadavia,large_airport,-45.786941,-67.463355
Esquel Brigadier Antonio Parodi International Airport,EQS,AR,Esquel,medium_airport,-42.908001,-71.139503
Las Heras Airport,LHS,AR,Las Heras,medium_airport,-46.538517,-68.965323
Almirante Marco Andres Zar Airport,REL,AR,Rawson,medium_airport,-43.2105,-65.2703
Gobernador Castello Airport,VDM,AR,Viedma / Carmen de Patagones,medium_airport,-40.8692,-63.0004
El Tehuelche Airport,PMY,AR,Puerto Madryn,medium_airport,-42.7592,-65.1027
El Calafate - Commander Armando Tola International Airport,FTE,AR,El Calafate,large_airport,-50.281997,-72.053949
Puerto Deseado Airport,PUD,AR,Puerto Deseado,medium_airport,-47.7353,-65.9041
Hermes Quijada International Airport,RGA,AR,Rio Grande,medium_airport,-53.7777,-67.7494
Piloto Civil Norberto Fernández International Airport,RGL,AR,Rio Gallegos,large_airport,-51.608791,-69.308948
Ushuaia - Malvinas Argentinas International Airport,USH,AR,Ushuaia,medium_airport,-54.8433,-68.2958
Capitan D Daniel Vazquez Airport,ULA,AR,San Julian,medium_airport,-49.306816,-67.802596
Perito Moreno Jalil Hamer Airport,PMQ,AR,Perito Moreno,medium_airport,-46.537899,-70.978699
Santa Cruz Airport,RZA,AR,Puerto Santa Cruz,medium_airport,-50.0165,-68.5792
Comandante Espora Airport,BHI,AR,Bahía Blanca,medium_airport,-38.725,-62.1693
General Pico Airport,GPO,AR,General Pico,medium_airport,-35.696201,-63.758301
Tres Arroyos Airport,OYO,AR,Tres Arroyos,medium_airport,-38.3869,-60.3297
Santa Teresita Airport,SST,AR,Santa Teresita,medium_airport,-36.5423,-56.7218
Ástor Piazzola International Airport,MDQ,AR,Mar del Plata,medium_airport,-37.9342,-57.5733
Presidente Perón International Airport,NQN,AR,Neuquén,large_airport,-38.949001,-68.155701
Necochea Airport,NEC,AR,Necochea,medium_airport,-38.490746,-58.816337
Comodoro Pedro Zanni Airport,PEH,AR,Pehuajó,medium_airport,-35.8446,-61.8576
Santa Rosa Airport,RSA,AR,Santa Rosa,medium_airport,-36.588299,-64.275703
Teniente Luis Candelaria International Airport,BRC,AR,San Carlos de Bariloche,large_airport,-41.151199,-71.157501
Héroes de Malvinas Airport,TDL,AR,Tandil,medium_airport,-37.234634,-59.228647
Villa Gesell Airport,VLG,AR,Villa Gesell,medium_airport,-37.2354,-57.0292
Cutral-Co Airport,CUT,AR,Cutral-Co,medium_airport,-38.939701,-69.264603
Aviador C. Campos Airport,CPC,AR,Chapelco/San Martin de los Andes,medium_airport,-40.075401,-71.137299
Conceição do Araguaia Airport,CDJ,BR,Conceição do Araguaia,medium_airport,-8.34835,-49.301498
Aracati Dragão do Mar Regional Airport,ARX,BR,Aracati,medium_airport,-4.568896,-37.805135
Bauru/Arealva–Moussa Nakhal Tobias State Airport,JTC,BR,Bauru,medium_airport,-22.160755,-49.070325
Araraquara Airport,AQA,BR,Araraquara,medium_airport,-21.812,-48.132999
Aracaju - Santa Maria Airport,AJU,BR,Aracaju,medium_airport,-10.98394,-37.072873
Piloto Osvaldo Marques Dias Airport,AFL,BR,Alta Floresta,medium_airport,-9.866389,-56.106298
Araçatuba Airport,ARU,BR,Araçatuba,medium_airport,-21.141479,-50.424575
Romeu Zema Airport,AAX,BR,Araxá,medium_airport,-19.5632,-46.9604
Val de Cans/Júlio Cezar Ribeiro International Airport,BEL,BR,Belém,large_airport,-1.379279,-48.476207
Comandante Gustavo Kraemer Airport,BGX,BR,Bagé,medium_airport,-31.390499,-54.112202
Pampulha - Carlos Drummond de Andrade Airport,PLU,BR,Belo Horizonte,medium_airport,-19.85074,-43.950316
Bacacheri Airport,BFH,BR,Curitiba,medium_airport,-25.4051,-49.231998
Presidente Juscelino Kubitschek International Airport,BSB,BR,Brasília,large_airport,-15.869167,-47.920834
Chafei Amsei Airport,BAT,BR,Barretos,medium_airport,-20.584631,-48.594125
Atlas Brasil Cantanhede International Airport,BVB,BR,Boa Vista,large_airport,2.84615,-60.690648
Barra do Garças Airport,BPG,BR,Barra do Garças,medium_airport,-15.861417,-52.389008
Umberto Modiano Airport,BZC,BR,Cabo Frio,medium_airport,-22.770881,-41.96308
Coronel Adalberto Mendes da Silva Airport,CAC,BR,Cascavel,medium_airport,-25.000323,-53.501208
Tancredo Neves International Airport,CNF,BR,Belo Horizonte,large_airport,-19.63571,-43.966928
Campo Grande Airport,CGR,BR,Campo Grande,medium_airport,-20.469998,-54.673988
Serafin Enoss Bertaso Airport,XAP,BR,Chapecó,medium_airport,-27.134199,-52.656601
Brig. Lysias Augusto Rodrigues Airport,CLN,BR,Carolina,medium_airport,-7.32044,-47.458698
Carajás Airport,CKS,BR,Parauapebas,medium_airport,-6.117841,-50.003372
Forquilhinha - Criciúma  Airport,CCM,BR,Criciúma,medium_airport,-28.725743,-49.424475
Canoas Air Force Base,QNS,BR,Porto Alegre,medium_airport,-29.945928,-51.144413
Bartolomeu Lisandro Airport,CAW,BR,Campos dos Goytacazes,medium_airport,-21.698299,-41.301701
Corumbá International Airport,CMG,BR,Corumbá,medium_airport,-19.01193,-57.672772
Curitiba-Afonso Pena International Airport,CWB,BR,Curitiba,large_airport,-25.5285,-49.1758
Caravelas Airport,CRQ,BR,Caravelas,medium_airport,-17.6523,-39.253101
Hugo Cantergiani Regional Airport,CXJ,BR,Caxias Do Sul,medium_airport,-29.197183,-51.187647
Várzea Grande–Marechal Rondon International Airport,CGB,BR,Cuiabá,large_airport,-15.6529,-56.116699
Cruzeiro do Sul Airport,CZS,BR,Cruzeiro Do Sul,medium_airport,-7.59991,-72.769501
Presidente Prudente Airport,PPB,BR,Presidente Prudente,medium_airport,-22.1751,-51.424599
Eduardo Gomes International Airport,MAO,BR,Manaus,large_airport,-3.03861,-60.049702
Jacareacanga Airport,JCR,BR,Jacareacanga,medium_airport,-6.23316,-57.776901
Cataratas International Airport,IGU,BR,Foz do Iguaçu,large_airport,-25.594167,-54.489444
Hercílio Luz International Airport,FLN,BR,Florianópolis,large_airport,-27.670279,-48.552502
Fernando de Noronha Airport,FEN,BR,Fernando de Noronha,medium_airport,-3.854534,-32.423017
Pinto Martins International Airport,FOR,BR,Fortaleza,large_airport,-3.775833,-38.532222
Rio Galeão – Tom Jobim International Airport,GIG,BR,Rio De Janeiro,large_airport,-22.809999,-43.250557
Guajará-Mirim Airport,GJM,BR,Guajará-Mirim,medium_airport,-10.78641,-65.28486
Santa Genoveva International Airport,GYN,BR,Goiânia,large_airport,-16.632,-49.220699
São Paulo/Guarulhos–Governor André Franco Montoro International Airport,GRU,BR,São Paulo,large_airport,-23.431274,-46.469954
Coronel Altino Machado Airport,GVR,BR,Governador Valadares,medium_airport,-18.895882,-41.982869
Edu Chaves Field,GUJ,BR,Guaratinguetá,medium_airport,-22.791599,-45.2048
Altamira Interstate Airport,ATM,BR,Altamira,medium_airport,-3.253144,-52.253938
Itacoatiara Airport,ITA,BR,Itacoatiara,medium_airport,-3.126539,-58.481668
Itaituba Airport,ITB,BR,Itaituba,medium_airport,-4.242131,-56.000651
Bahia - Jorge Amado Airport,IOS,BR,Ilhéus,medium_airport,-14.815929,-39.033458
Usiminas Airport,IPN,BR,Ipatinga,medium_airport,-19.470699,-42.487598
Prefeito Renato Moreira Airport,IMP,BR,Imperatriz,medium_airport,-5.53129,-47.459999
Comandante Ariston Pessoa Airport,JJD,BR,Cruz,medium_airport,-2.906425,-40.357338
Francisco de Assis Airport,JDF,BR,Juiz de Fora,medium_airport,-21.791482,-43.386072
São Paulo Catarina Executive Airport,JHF,BR,São Roque,medium_airport,-23.426886,-47.165658
Presidente Castro Pinto International Airport,JPA,BR,João Pessoa,large_airport,-7.148691,-34.950554
Jacarepaguá - Roberto Marinho Airport,RRJ,BR,Rio de Janeiro,medium_airport,-22.986773,-43.372194
Lauro Carneiro de Loyola Airport,JOI,BR,Joinville,medium_airport,-26.224501,-48.797401
Presidente João Suassuna Airport,CPV,BR,Campina Grande,medium_airport,-7.269662,-35.896057
Viracopos International Airport,VCP,BR,Campinas,large_airport,-23.007404,-47.134502
Lages Airport,LAJ,BR,Lages,medium_airport,-27.782101,-50.281502
Lins Airport,LIP,BR,Lins,medium_airport,-21.663491,-49.729954
Governor José Richa Airport,LDB,BR,Londrina,medium_airport,-23.334375,-51.128365
Bom Jesus da Lapa Airport,LAZ,BR,Bom Jesus da Lapa,medium_airport,-13.2621,-43.4081
João Correa da Rocha Airport,MAB,BR,Marabá,medium_airport,-5.36859,-49.138
Minaçu Airport,MQH,BR,Minaçu,medium_airport,-13.5491,-48.195301
Monte Dourado - Serra do Areão Airport,MEU,BR,Almeirim,medium_airport,-0.889839,-52.6022
Macaé Benedito Lacerda Airport,MEA,BR,Macaé,medium_airport,-22.343,-41.765999
Regional de Maringá - Sílvio Name Júnior Airport,MGF,BR,Maringá,medium_airport,-23.47606,-52.016187
Mário Ribeiro Airport,MOC,BR,Montes Claros,medium_airport,-16.706919,-43.818901
Frank Miloye Milenkowichi–Marília State Airport,MII,BR,Marília,medium_airport,-22.196899,-49.926485
Ponta Pelada Airport / Manaus Air Base,PLL,BR,Manaus,medium_airport,-3.14604,-59.986301
Zumbi dos Palmares International Airport,MCZ,BR,Maceió,large_airport,-9.512559,-35.791839
Macapá - Alberto Alcolumbre International Airport,MCP,BR,Macapá,medium_airport,0.050664,-51.072201
Dix-Sept Rosado Airport,MVF,BR,Mossoró,medium_airport,-5.20192,-37.3643
Campo de Marte Airport,RTE,BR,São Paulo,medium_airport,-23.5091,-46.637798
Manicoré Airport,MNX,BR,Manicoré,medium_airport,-5.81138,-61.278301
Ministro Victor Konder International Airport,NVT,BR,Navegantes,large_airport,-26.879431,-48.650979
Santo Ângelo Airport,GEL,BR,Santo Ângelo,medium_airport,-28.282503,-54.169623
Oiapoque Airport,OYK,BR,Oiapoque,medium_airport,3.85412,-51.797056
Porto Alegre-Salgado Filho International Airport,POA,BR,Porto Alegre,large_airport,-29.993984,-51.167482
Parnaíba - Prefeito Doutor João Silva Filho International Airport,PHB,BR,Parnaíba,medium_airport,-2.89375,-41.731998
Poços de Caldas - Embaixador Walther Moreira Salles Airport,POO,BR,Poços De Caldas,medium_airport,-21.842529,-46.569768
Lauro Kurtz Airport,PFB,BR,Passo Fundo,medium_airport,-28.243976,-52.32777
Ponta Grossa Airport - Comandante Antonio Amilton Beraldo,PGZ,BR,Ponta Grossa,medium_airport,-25.184476,-50.143822
Brigadeiro Lysias Rodrigues Airport,PMW,BR,Palmas,medium_airport,-10.2915,-48.356998
João Simões Lopes Neto International Airport,PET,BR,Pelotas,medium_airport,-31.717189,-52.327796
Senador Nilo Coelho Airport,PNZ,BR,Petrolina,medium_airport,-9.362422,-40.569098
Porto Nacional Airport,PNB,BR,Porto Nacional,medium_airport,-10.719402,-48.3997
Ponta Porã Airport,PMG,BR,Ponta Porã,medium_airport,-22.549601,-55.702599
Porto Seguro International Airport,BPS,BR,Porto Seguro,large_airport,-16.438426,-39.080584
Governador Jorge Teixeira de Oliveira International Airport,PVH,BR,Porto Velho,large_airport,-8.708491,-63.902338
Rio Branco-Plácido de Castro International Airport,RBR,BR,Rio Branco,large_airport,-9.869031,-67.893984
Maestro Marinho Franco Airport,ROO,BR,Rondonópolis,medium_airport,-16.584292,-54.724803
Recife/Guararapes - Gilberto Freyre International Airport,REC,BR,Recife,large_airport,-8.12747,-34.922961
Santos Dumont Airport,SDU,BR,Rio de Janeiro,large_airport,-22.910397,-43.16282
Leite Lopes Airport,RAO,BR,Ribeirão Preto,medium_airport,-21.134314,-47.774053
Santa Cruz Air Force Base,SNZ,BR,Rio de Janeiro,medium_airport,-22.9324,-43.719101
Rio Grande do Norte/São Gonçalo do Amarante–Governador Aluízio Alves International Airport,NAT,BR,Natal,large_airport,-5.769822,-35.36661
Professor Urbano Ernesto Stumpf Airport,SJK,BR,São José Dos Campos,medium_airport,-23.2292,-45.8615
Marechal Cunha Machado International Airport,SLZ,BR,São Luís,large_airport,-2.586386,-44.235008
Santa Maria Airport,RIA,BR,Santa Maria,medium_airport,-29.711399,-53.688202
Santarém - Maestro Wilson Fonseca International Airport,STM,BR,Santarém,medium_airport,-2.422423,-54.79306
Congonhas–Deputado Freitas Nobre Airport,CGH,BR,São Paulo,large_airport,-23.627657,-46.654601
Prof. Eribelto Manoel Reino State Airport,SJP,BR,São José do Rio Preto,medium_airport,-20.817113,-49.406963
Santos Nero Moura Air Base / Guarujá Airport,SSZ,BR,Guarujá,medium_airport,-23.928192,-46.300195
Deputado Luiz Eduardo Magalhães International Airport,SSA,BR,Salvador,large_airport,-12.908611,-38.322498
Trombetas Airport,TMT,BR,Oriximiná,medium_airport,-1.4896,-56.396801
Senador Petrônio Portela Airport,THE,BR,Teresina,medium_airport,-5.06025,-42.823712
Tefé Airport,TFF,BR,Tefé,medium_airport,-3.38294,-64.724098
Tarauacá Airport,TRQ,BR,Tarauacá,medium_airport,-8.155534,-70.782985
Telêmaco Borba Airport,TEC,BR,Telêmaco Borba,medium_airport,-24.317801,-50.6516
Tabatinga International Airport,TBT,BR,Tabatinga,medium_airport,-4.25567,-69.935799
Tucuruí Airport,TUR,BR,Tucuruí,medium_airport,-3.78601,-49.720299
São Gabriel da Cachoeira Airport,SJL,BR,São Gabriel da Cachoeira,medium_airport,-0.14835,-66.9855
Paulo Afonso Airport,PAV,BR,Paulo Afonso,medium_airport,-9.40088,-38.250599
Rubem Berta Airport,URG,BR,Uruguaiana,medium_airport,-29.7822,-57.0382
Ten. Cel. Aviador César Bombonato Airport,UDI,BR,Uberlândia,medium_airport,-18.883579,-48.225936
Mário de Almeida Franco Airport,UBA,BR,Uberaba,medium_airport,-19.765036,-47.964805
Major Brigadeiro Trompowsky Airport,VAG,BR,Varginha,medium_airport,-21.591375,-45.474116
Brigadeiro Camarão Airport,BVH,BR,Vilhena,medium_airport,-12.6944,-60.098301
Eurico de Aguiar Salles International Airport,VIX,BR,Vitória,large_airport,-20.258,-40.285
Campo Fontenelle,QPS,BR,Pirassununga,medium_airport,-21.984692,-47.341207
Presidente Itamar Franco Airport,IZA,BR,Juiz de Fora,medium_airport,-21.513086,-43.173069
Chacalluta International Airport,ARI,CL,Arica,medium_airport,-18.348499,-70.338699
Desierto de Atacama Airport,CPO,CL,Copiapo,medium_airport,-27.2611999512,-70.7791976929
Balmaceda Airport,BBA,CL,Balmaceda,medium_airport,-45.915968,-71.689499
Barriles Airport,TOQ,CL,Tocopilla,medium_airport,-22.1411,-70.062897
Chile Chico Airport,CCH,CL,Chile Chico,medium_airport,-46.5831,-71.686323
El Loa Airport,CJC,CL,Calama,medium_airport,-22.498199,-68.903603
Gral. Bernardo O´Higgins Airport,YAI,CL,Chillan,medium_airport,-36.5825,-72.031403
President Carlos Ibáñez International Airport,PUQ,CL,Punta Arenas,large_airport,-53.002602,-70.854599
Teniente Vidal Airport,GXQ,CL,Coyhaique,medium_airport,-45.5942,-72.106102
Diego Aracena International Airport,IQQ,CL,Iquique,large_airport,-20.536273,-70.181373
Comodoro Arturo Merino Benítez International Airport,SCL,CL,Santiago,large_airport,-33.393001556396484,-70.78579711914062
Ricardo García Posada Airport,ESR,CL,El Salvador,medium_airport,-26.3111,-69.765198
Andrés Sabella Gálvez International Airport,ANF,CL,Antofagasta,large_airport,-23.445274,-70.445232
Captain Fuentes Martinez Airport,WPR,CL,Porvenir,medium_airport,-53.2537,-70.319199
Guardia Marina Zañartu Airport,WPU,CL,Puerto Williams,medium_airport,-54.931099,-67.626297
Cochrane Airport,LGR,CL,Cochrane,medium_airport,-47.243591,-72.58815
Carriel Sur International Airport,CCP,CL,Concepcion,large_airport,-36.77235,-73.062828
Mataveri International Airport,IPC,CL,Isla De Pascua,large_airport,-27.165411,-109.421027
Cañal Bajo Carlos Hott Siebert Airport,ZOS,CL,Osorno,medium_airport,-40.611198,-73.060997
Vallenar Airport,VLR,CL,Vallenar,medium_airport,-28.596399,-70.755997
Lieutenant Julio Gallardo Airport,PNT,CL,Puerto Natales,medium_airport,-51.67067,-72.529078
La Araucanía International Airport,ZCO,CL,Temuco,large_airport,-38.9259,-72.6515
Chañaral Airport,CNR,CL,Chañaral,medium_airport,-26.3325,-70.6073
La Florida Airport,LSC,CL,La Serena-Coquimbo,medium_airport,-29.916201,-71.199501
Maquehue Airport,PZS,CL,Temuco,medium_airport,-38.766799926758,-72.637100219727
El Tepual International Airport,PMC,CL,Puerto Montt,large_airport,-41.443093,-73.094065
Panguilemo Airport,TLX,CL,Talca,medium_airport,-35.3778,-71.6017
Nuevo Chaitén Airport,WCH,CL,Chaitén,medium_airport,-42.781943,-72.834999
Victoria Airport,ZIC,CL,Victoria,medium_airport,-38.245602,-72.348602
Las Breas Airport,TTC,CL,Taltal,medium_airport,-25.564301,-70.3759
Pichoy Airport,ZAL,CL,Valdivia,medium_airport,-39.6500015259,-73.0860977173
Viña del Mar Airport,KNA,CL,Viña del Mar,medium_airport,-32.9496,-71.4786
João Durval Carneiro Airport,FEC,BR,Feira de Santana,medium_airport,-12.200694,-38.906164
Chachoán Regional Airport,ATF,EC,Ambato,medium_airport,-1.21207,-78.5746
Francisco De Orellana Airport,OCC,EC,Coca,medium_airport,-0.462886,-76.986801
Mariscal Lamar Airport,CUE,EC,Cuenca,medium_airport,-2.88947,-78.984398
Seymour Galapagos Ecological Airport,GPS,EC,Isla Baltra,medium_airport,-0.453758,-90.2659
José Joaquín de Olmedo International Airport,GYE,EC,Guayaquil,large_airport,-2.15742,-79.883598
Jumandy Airport,TNW,EC,Ahuano,medium_airport,-1.060185,-77.580525
Cotopaxi International Airport,LTX,EC,Latacunga,medium_airport,-0.906833,-78.615799
Jose Maria Velasco Ibarra Airport,MRR,EC,Macará,medium_airport,-4.37823009491,-79.94100189210002
Coronel E Carvajal Airport,XMS,EC,Macas,medium_airport,-2.2991700172424316,-78.12079620361328
Eloy Alfaro International Airport,MEC,EC,Manta,medium_airport,-0.9460780024528505,-80.67880249023438
Reales Tamarindos Airport,PVO,EC,Portoviejo,medium_airport,-1.04165,-80.472198
Mariscal Sucre International Airport,UIO,EC,Quito,large_airport,-0.125399,-78.354306
Santa Rosa - Artillery Colonel Victor Larrea International Airport,ETR,EC,Santa Rosa,medium_airport,-3.441986,-79.996957
General Ulpiano Paez International Airport,SNC,EC,Salinas/La Libertad,large_airport,-2.210057,-80.985067
Carlos Concha Torres International Airport,ESM,EC,Tachina,large_airport,0.978519,-79.626602
Tarapoa Airport,TPC,EC,Tarapoa,medium_airport,-0.122956,-76.337799
Lieutenant Colonel Luis A. Mantilla International Airport,TUA,EC,Tulcán,medium_airport,0.809506,-77.708099
Silvio Pettirossi International Airport,ASU,PY,Asunción,large_airport,-25.240156,-57.519227
Aeropuerto Nacional Juan de Ayolas,AYO,PY,Ayolas,medium_airport,-27.378379,-56.856791
Lieutenant Colonel Carmelo Peralta National Airport,CIO,PY,Concepción,medium_airport,-23.441609,-57.427039
Teniente Ramon A. Ayub Gonzalez International Airport,ENO,PY,Encarnación,large_airport,-27.227537,-55.837584
Guaraní International Airport,AGT,PY,Ciudad del Este,large_airport,-25.457186,-54.839544
Dr. Luis María Argaña International Airport,ESG,PY,Mariscal Estigarribia,medium_airport,-22.046499,-60.6217
Aeródromo Don Carlos Miguel Gimenez,PIL,PY,Pilar,medium_airport,-26.881981,-58.319067
Aeropuerto Nacional Dr. Augusto Roberto Fuster,PJC,PY,Pedro Juan Caballero,medium_airport,-22.641427,-55.829993
Gomez Nino Apiay Air Base,API,CO,Apiay,medium_airport,4.07607,-73.5627
El Eden Airport,AXM,CO,Armenia,medium_airport,4.45278,-75.7664
Tres De Mayo Airport,PUU,CO,Puerto Asís,medium_airport,0.505228,-76.5008
Las Flores Airport,ELB,CO,El Banco,medium_airport,9.04554,-73.9749
Palonegro Airport,BGA,CO,Bucaramanga,medium_airport,7.1265,-73.1848
El Dorado International Airport,BOG,CO,Bogota,large_airport,4.70159,-74.1469
Ernesto Cortissoz International Airport,BAQ,CO,Barranquilla,large_airport,10.8896,-74.7808
José Celestino Mutis Airport,BSC,CO,Bahía Solano,medium_airport,6.20292,-77.3947
Gerardo Tobar López Airport,BUN,CO,Buenaventura,medium_airport,3.81963,-76.9898
Camilo Daza International Airport,CUC,CO,Cúcuta,medium_airport,7.92757,-72.5115
Rafael Nuñez International Airport,CTG,CO,Cartagena,large_airport,10.4424,-75.513
Alfonso Bonilla Aragon International Airport,CLO,CO,Cali,large_airport,3.542717,-76.381898
La Florida Airport,TCO,CO,Tumaco,medium_airport,1.81442,-78.7492
Juan H White Airport,CAQ,CO,Caucasia,medium_airport,7.96847,-75.1985
Coveñas Airport,CVE,CO,Coveñas,medium_airport,9.40092,-75.6913
Las Brujas Airport,CZU,CO,Corozal,medium_airport,9.33274,-75.2856
El Bagre Airport,EBG,CO,El Bagre,medium_airport,7.59647,-74.8089
Yariguíes Airport,EJA,CO,Barrancabermeja,medium_airport,7.02433,-73.8068
Gustavo Artunduaga Paredes Airport,FLA,CO,Florencia,medium_airport,1.58919,-75.5644
Santiago Vila Airport,GIR,CO,Girardot,medium_airport,4.27624,-74.7967
Santa Ana Airport,CRC,CO,Cartago,medium_airport,4.75818,-75.9557
Guapi Airport,GPI,CO,Guapi,medium_airport,2.57013,-77.897969
Perales Airport,IBE,CO,Ibagué,medium_airport,4.42161,-75.1333
San Luis Airport,IPI,CO,Ipiales,medium_airport,0.861946,-77.671783
Antonio Roldán Betancur Airport,APO,CO,Carepa,medium_airport,7.81196,-76.7164
Jorge Isaac Airport,MCJ,CO,La Mina-Maicao,medium_airport,11.2325,-72.4901
Alfredo Vásquez Cobo International Airport,LET,CO,Leticia,medium_airport,-4.191147,-69.942003
Enrique Olaya Herrera Airport,EOH,CO,Medellín,medium_airport,6.219686,-75.590597
Baracoa Airport,MGN,CO,Magangué,medium_airport,9.28474,-74.8461
Los Garzones Airport,MTR,CO,Montería,medium_airport,8.82374,-75.8258
Fabio Alberto Leon Bentley Airport,MVP,CO,Mitú,medium_airport,1.25366,-70.2339
La Nubia Airport,MZL,CO,Manizales,medium_airport,5.0296,-75.4647
Benito Salas Airport,NVA,CO,Neiva,medium_airport,2.95015,-75.294
Aguas Claras Airport,OCV,CO,Ocaña,medium_airport,8.31506,-73.3583
German Olano Airport,PCR,CO,Puerto Carreño,medium_airport,6.18472,-67.4932
Obando Cesar Gaviria Trujillo Airport,PDA,CO,Puerto Inírida,medium_airport,3.85353,-67.9062
Matecaña International Airport,PEI,CO,Pereira,medium_airport,4.81267,-75.7395
Pitalito Airport,PTX,CO,Pitalito,medium_airport,1.85777,-76.0857
Guillermo León Valencia Airport,PPN,CO,Popayán,medium_airport,2.454359,-76.609253
German Olano Air Base,PAL,CO,La Dorada,medium_airport,5.48361,-74.6574
Antonio Nariño Airport,PSO,CO,Chachagüí,medium_airport,1.396722,-77.29093
El Embrujo Airport,PVA,CO,Providencia,medium_airport,13.357461,-81.357977
Paz de Ariporo Airport,PZA,CO,Paz de Ariporo,medium_airport,5.876146,-71.886671
Mariquita Airport,MQU,CO,Mariquita,medium_airport,5.21256,-74.8836
Jose Maria Córdova International Airport,MDE,CO,Medellín,large_airport,6.16454,-75.4231
Almirante Padilla Airport,RCH,CO,Riohacha,medium_airport,11.5262,-72.926
Jorge E. Gonzalez Torres Airport,SJE,CO,San José Del Guaviare,medium_airport,2.57969,-72.6394
Simón Bolívar International Airport,SMR,CO,Santa Marta,medium_airport,11.1196,-74.2306
Gustavo Rojas Pinilla International Airport,ADZ,CO,San Andrés,large_airport,12.5836,-81.7112
Eduardo Falla Solano Airport,SVI,CO,San Vicente Del Caguán,medium_airport,2.15217,-74.7663
Gustavo Vargas Airport,TME,CO,Tame,medium_airport,6.45108,-71.7603
Captain Ernesto Esguerra Cubides Air Base,TQS,CO,Tres Esquinas,medium_airport,0.7459,-75.234
Santiago Perez Airport,AUC,CO,Arauca,medium_airport,7.06888,-70.7369
El Caraño Airport,UIB,CO,Quibdó,medium_airport,5.69076,-76.6412
Heriberto Gíl Martínez Airport,ULQ,CO,Tuluá,medium_airport,4.08836,-76.2351
Alfonso López Pumarejo Airport,VUP,CO,Valledupar,medium_airport,10.435,-73.2495
Vanguardia Airport,VVC,CO,Villavicencio,medium_airport,4.16787,-73.6138
El Alcaravan - Yopal Airport,EYP,CO,Yopal,medium_airport,5.31911,-72.384
Alcantarí International Airport,SRE,BO,Sucre,large_airport,-19.246835,-65.149611
Bermejo Airport,BJO,BO,Bermejo,medium_airport,-22.7733001709,-64.31289672850001
Jorge Wilsterman International Airport,CBB,BO,Cochabamba,large_airport,-17.421105,-66.177102
Capitán Aníbal Arab Airport,CIJ,BO,Cobija,medium_airport,-11.039109,-68.782774
El Trompillo Airport,SRZ,BO,Santa Cruz,medium_airport,-17.8115997314,-63.1715011597
Guayaramerín Airport,GYA,BO,Guayaramerín,medium_airport,-10.88856,-65.380955
El Alto International Airport,LPB,BO,La Paz / El Alto,large_airport,-16.510272,-68.189416
Juan Mendoza International Airport,ORU,BO,Oruro,large_airport,-17.956151,-67.075829
Capitan Nicolas Rojas Airport,POI,BO,Potosí,medium_airport,-19.543331,-65.723734
Capitán Av. Salvador Ogaya G. airport,PSZ,BO,Puerto Suárez,medium_airport,-18.975301,-57.820599
Capitán Av. Selin Zeitun Lopez Airport,RIB,BO,Riberalta,medium_airport,-11.009355,-66.075468
Santa Ana Del Yacuma Airport,SBL,BO,Santa Ana del Yacuma,medium_airport,-13.7622003555,-65.4352035522
Capitan Oriel Lea Plaza Airport,TJA,BO,Tarija,medium_airport,-21.5557,-64.701302
Teniente Av. Jorge Henrich Arauz Airport,TDD,BO,Trinidad,medium_airport,-14.8187,-64.917999
Teniente Coronel Rafael Pabón Airport,VLM,BO,Villamontes,medium_airport,-21.2551994324,-63.4056015015
Viru Viru International Airport,VVI,BO,Santa Cruz,large_airport,-17.6448,-63.135399
Yacuiba Airport,BYC,BO,Yacuíba,medium_airport,-21.960899353027344,-63.65169906616211
Johan Adolf Pengel International Airport,PBM,SR,Paramaribo,large_airport,5.45283,-55.187801
Dr. Luciano de Arruda Coelho Regional Airport,JSO,BR,Sobral,medium_airport,-3.614488,-40.231426
Planalto Serrano Regional Airport,EEA,BR,Correia Pinto,medium_airport,-27.634128,-50.358253
Linhares Municipal Airport,LHN,BR,Linhares,medium_airport,-19.355202,-40.07128
Cayenne – Félix Eboué Airport,CAY,GF,Matoury,large_airport,4.819964,-52.361326
Maripasoula Airport,MPY,GF,Maripasoula,medium_airport,3.655907,-54.039431
Saint-Georges-de-l'Oyapock Airport,OYP,GF,Saint-Georges-de-l'Oyapock,medium_airport,3.8976,-51.8041
Saint-Laurent-du-Maroni Airport,LDX,GF,Saint-Laurent-du-Maroni,medium_airport,5.481891,-54.034964
Teniente General Gerardo Pérez Pinedo Airport,AYX,PE,Atalaya,medium_airport,-10.7291,-73.766502
Iberia Airport,IBP,PE,Iberia,medium_airport,-11.4116,-69.488701
Cap FAP David Abenzur Rengifo International Airport,PCL,PE,Pucallpa,large_airport,-8.378064,-74.574495
FAP Lieutenant Jaime Andres de Montreuil Morales Airport,CHM,PE,Chimbote,medium_airport,-9.14961,-78.523804
Capitán FAP José A. Quiñones González International Airport,CIX,PE,Chiclayo,large_airport,-6.789223,-79.828254
Air Force Colonel Alfredo Mendivil Duarte Airport,AYP,PE,Ayacucho,medium_airport,-13.1548,-74.204399
Comandante FAP German Arias Graziani Airport,ATA,PE,Anta,medium_airport,-9.347439765930176,-77.59839630126953
Jorge Chávez International Airport,LIM,PE,Lima,large_airport,-12.0219,-77.114305
Juan Simons Vela Airport,RIJ,PE,Rioja,medium_airport,-6.06786,-77.160004
Shumba Airport,JAE,PE,Jaén,medium_airport,-5.59248,-78.774002
Juanjui Airport,JJI,PE,Juanjuí,medium_airport,-7.1691,-76.7286
Francisco Carle Airport,JAU,PE,Jauja,medium_airport,-11.7831001282,-75.47339630130001
Inca Manco Capac International Airport,JUL,PE,Juliaca,large_airport,-15.467689,-70.15653
Mayor General FAP Armando Revoredo Iglesias Airport,CJA,PE,Cajamarca,medium_airport,-7.13918,-78.489403
General Jorge Fernandez Maldon Airport,ILQ,PE,Ilo,medium_airport,-17.695,-71.344002
Captain Pedro Canga Rodríguez International Airport,TBP,PE,Tumbes,medium_airport,-3.552074,-80.381086
Moises Benzaquen Rengifo Airport,YMS,PE,Yurimaguas,medium_airport,-5.89377,-76.118202
Alferez Fap David Figueroa Fernandini Airport,HUU,PE,Huánuco,medium_airport,-9.878809928894045,-76.20480346679688
Chachapoyas Airport,CHH,PE,Chachapoyas,medium_airport,-6.201911,-77.856195
Coronel FAP Francisco Secada Vignetta International Airport,IQT,PE,Iquitos,large_airport,-3.78474,-73.3088
Rodríguez Ballón International Airport,AQP,PE,Arequipa,large_airport,-16.340786,-71.569485
Capitán FAP Carlos Martínez de Pinillos International Airport,TRU,PE,Trujillo,large_airport,-8.082382,-79.108821
Captain Renán Elías Olivera International Airport,PIO,PE,Pisco,large_airport,-13.7449,-76.220299
Cadete FAP Guillermo Del Castillo Paredes Airport,TPP,PE,Tarapoto,medium_airport,-6.508739948272705,-76.37319946289062
Coronel FAP Carlos Ciriani Santa Rosa International Airport,TCQ,PE,Tacna,medium_airport,-18.0533008575,-70.2758026123
Padre Aldamiz International Airport,PEM,PE,Puerto Maldonado,medium_airport,-12.6135997772,-69.2285995483
PAF Captain Guillermo Concha Iberico International Airport,PIU,PE,Piura,medium_airport,-5.20575,-80.616402
Captain Victor Montes Arias International Airport,TYL,PE,Talara,medium_airport,-4.57664,-81.254097
Maria Reiche Neuman Airport,NZC,PE,Nazca,medium_airport,-14.854,-74.961502
Alejandro Velasco Astete International Airport,CUZ,PE,Cusco,large_airport,-13.535699844400002,-71.9387969971
Santa Bernardina International Airport,DZO,UY,Durazno,medium_airport,-33.358898,-56.499199
Capitan Corbeta CA Curbelo International Airport,PDP,UY,Punta del Este,medium_airport,-34.855099,-55.094299
Carrasco General Cesáreo L. Berisso International Airport,MVD,UY,Ciudad de la Costa,large_airport,-34.835647,-56.026497
Tydeo Larre Borges Airport,PDU,UY,Paysandú,medium_airport,-32.3633,-58.061901
Pres. Gral. Óscar D. Gestido Binational Airport,RVY,UY,Rivera/Santana do Livramento,medium_airport,-30.9746,-55.4762
Nueva Hesperides International Airport,STY,UY,Salto,medium_airport,-31.438499,-57.985298
Oswaldo Guevara Mujica Airport,AGV,VE,Acarigua,medium_airport,9.553375,-69.237869
Anaco Airport,AAO,VE,Anaco,medium_airport,9.430225,-64.470726
General José Antonio Anzoategui International Airport,BLA,VE,Barcelona,large_airport,10.111111,-64.692222
Barinas Airport,BNS,VE,Barinas,medium_airport,8.615,-70.214167
Jacinto Lara International Airport,BRM,VE,Barquisimeto,large_airport,10.042747,-69.35862
Escuela Mariscal Sucre Airport,MYC,VE,Maracay,medium_airport,10.249978,-67.649422
General Tomas de Heres Airport,CBL,VE,Ciudad Bolivar,medium_airport,8.122161,-63.536957
Caicara del Orinoco Airport,CXA,VE,,medium_airport,7.62551,-66.162804
Calabozo Airport,CLZ,VE,Guarico,medium_airport,8.924656,-67.417091
Canaima Airport,CAJ,VE,Canaima,medium_airport,6.231989,-62.85485
General Francisco Bermúdez Airport,CUP,VE,Carúpano,medium_airport,10.660014,-63.261681
José Leonardo Chirinos Airport,CZE,VE,Coro,medium_airport,11.414944,-69.680901
Antonio José de Sucre Airport,CUM,VE,Cumaná,medium_airport,10.450333,-64.13047
El Dorado Airport,EOR,VE,Bolivar,medium_airport,6.71573,-61.638786
Elorza Airport,EOZ,VE,,medium_airport,7.059677,-69.4967
Guasdualito Airport,GDO,VE,Guasdualito,medium_airport,7.210834,-70.756386
Guiria Airport,GUI,VE,,medium_airport,10.5740776062,-62.3126678467
Guanare Airport,GUQ,VE,Guanare,medium_airport,9.026944,-69.75515
Josefa Camejo International Airport,LSP,VE,Paraguaná,medium_airport,11.780775,-70.151497
La Fria Airport,LFR,VE,,medium_airport,8.239167,-72.271027
La Chinita International Airport,MAR,VE,Maracaibo,large_airport,10.557542,-71.729307
Alberto Carnevalli Airport,MRD,VE,Mérida,medium_airport,8.582078,-71.161041
Del Caribe Santiago Mariño International Airport,PMV,VE,Isla Margarita,large_airport,10.912603,-63.966599
Maiquetía Simón Bolívar International Airport,CCS,VE,Maiquetía,large_airport,10.602214,-66.991174
José Tadeo Monagas International Airport,MUN,VE,Maturín,medium_airport,9.749023,-63.153348
Cacique Aramare Airport,PYH,VE,Puerto Ayacucho,medium_airport,5.61999,-67.606102
General Bartolome Salom International Airport,PBL,VE,Puerto Cabello,medium_airport,10.4805,-68.072998
Paramillo Airport,SCI,VE,San Cristóbal,medium_airport,7.80132,-72.202904
General Manuel Carlos Piar International Airport,PZO,VE,Guyana City,large_airport,8.28853,-62.760399
Palmarito Airport,PTM,VE,Palmarito,medium_airport,7.575479,-70.174435
Juan Vicente Gómez International Airport,SVZ,VE,San Antonio del Tachira,medium_airport,7.840809,-72.439878
Santa Elena de Uairén Airport,SNV,VE,Santa Elena de Uairén,medium_airport,4.554699,-61.145234
Mayor Buenaventura Vivas International Airport,STD,VE,Santo Domingo,medium_airport,7.56538,-72.035103
Sub Teniente Nestor Arias Airport,SNF,VE,San Felipe,medium_airport,10.2787,-68.755203
San Fernando de Apure Las Flecheras National Airport,SFD,VE,San Fernando de Apure,medium_airport,7.88332,-67.444
San Tomé Airport,SOM,VE,El Tigre,medium_airport,8.9451465606689,-64.151084899902
Miguel Urdaneta Fernández Airport,STB,VE,San Carlos del Zulia,medium_airport,8.97455,-71.943253
Tucupita Airport,TUV,VE,Tucupita,medium_airport,9.088994,-62.094173
Tumeremo Airport,TMO,VE,,medium_airport,7.24938,-61.52893
Arturo Michelena International Airport,VLN,VE,Valencia,large_airport,10.149733,-67.928398
Juan Pablo Pérez Alfonso Airport,VIG,VE,El Vigía,medium_airport,8.624139,-71.672668
Dr. Antonio Nicolás Briceño Airport,VLV,VE,Valera,medium_airport,9.340478,-70.584061
Valle de La Pascua Airport,VDP,VE,,medium_airport,9.22202777863,-65.9935836792
Araguaína Airport,AUX,BR,Araguaína,medium_airport,-7.22787,-48.240501
Cheddi Jagan International Airport,GEO,GY,Georgetown,large_airport,6.49855,-58.254101
Eugene F. Correia International Airport,OGL,GY,Ogle,medium_airport,6.805881,-58.107657
Kaieteur Airport,KAI,GY,Kaieteur Falls,medium_airport,5.177349,-59.48898
Lethem Airport,LTM,GY,Lethem,medium_airport,3.37276,-59.789398
V. C. Bird International Airport,ANU,AG,Osbourn,large_airport,17.1367,-61.792702
Grantley Adams International Airport,BGI,BB,Bridgetown,large_airport,13.074667,-59.491034
Canefield Airport,DCF,DM,Canefield,medium_airport,15.336693,-61.392108
Douglas-Charles Airport,DOM,DM,Marigot,medium_airport,15.546673,-61.301082
Martinique Aimé Césaire International Airport,FDF,MQ,Fort-de-France,large_airport,14.591,-61.003201
Grand Case-l'Espérance Airport,SFG,MF,Grand Case,medium_airport,18.100057,-63.047444
St. Jean Airport,SBH,BL,Gustavia,medium_airport,17.904398,-62.843333
Marie-Galante Airport,GBJ,GP,Grand-Bourg,medium_airport,15.868925,-61.270087
Maryse Condé International Airport,PTP,GP,Pointe-à-Pitre,large_airport,16.265443,-61.532754
Maurice Bishop International Airport,GND,GD,Saint George's,large_airport,12.003996,-61.785302
Cyril E. King Airport,STT,VI,Charlotte Amalie,large_airport,18.337091,-64.977251
Henry E. Rohlsen Airport,STX,VI,Christiansted,medium_airport,17.701413,-64.802608
Antonio Nery Juarbe Pol Airport,ARE,PR,Arecibo,medium_airport,18.45085,-66.675768
Rafael Hernández International Airport,BQN,PR,Aguadilla,medium_airport,18.4949,-67.129402
Benjamin Rivera Noriega Airport,CPX,PR,Culebra,medium_airport,18.312954,-65.303893
Fernando Luis Ribas Dominicci Airport,SIG,PR,San Juan,medium_airport,18.45680046081543,-66.09809875488281
Eugenio Maria De Hostos Airport,MAZ,PR,Mayaguez,medium_airport,18.255699157714844,-67.14849853515625
Mercedita International Airport,PSE,PR,Ponce,medium_airport,18.008301,-66.563004
José Aponte de la Torre Airport,NRR,PR,Ceiba,medium_airport,18.247262,-65.63979
Luis Munoz Marin International Airport,SJU,PR,San Juan,large_airport,18.4394,-66.001801
Antonio Rivera Rodriguez Airport,VQS,PR,Vieques,medium_airport,18.1348,-65.493599
Robert L. Bradshaw International Airport,SKB,KN,Basseterre,large_airport,17.310845,-62.719117
Vance W. Amory International Airport,NEV,KN,Charlestown,medium_airport,17.2057,-62.589901
George F. L. Charles Airport,SLU,LC,Castries,medium_airport,14.0202,-60.992901
Hewanorra International Airport,UVF,LC,Vieux Fort,large_airport,13.7332,-60.952599
Balkanabat International Airport,BKN,TM,Balkanabat,large_airport,39.681052,54.206008
Queen Beatrix International Airport,AUA,AW,Oranjestad,large_airport,12.501056,-70.014281
Flamingo International Airport,BON,BQ,Kralendijk,large_airport,12.131,-68.268501
Hato International Airport,CUR,CW,Willemstad,large_airport,12.1889,-68.959801
F. D. Roosevelt Airport,EUX,BQ,Oranjestad,medium_airport,17.4965,-62.979401
Princess Juliana International Airport,SXM,SX,Sint Maarten,large_airport,18.041,-63.108898
Juancho E. Yrausquin Airport,SAB,BQ,Zion's Hill,medium_airport,17.64533,-63.220514
Clayton J. Lloyd International Airport,AXA,AI,The Valley,medium_airport,18.204773,-63.05383
John A. Osborne Airport,MNI,MS,Gerald's Park,large_airport,16.791835,-62.193204
A.N.R. Robinson International Airport,TAB,TT,Scarborough,large_airport,11.149571,-60.831298
Piarco International Airport,POS,TT,Port of Spain,large_airport,10.597811,-61.337463
Terrance B. Lettsome International Airport,EIS,VG,Beef Island,large_airport,18.445492,-64.541707
Virgin Gorda Airport,VIJ,VG,Spanish Town,medium_airport,18.446634,-64.427932
Argyle International Airport,SVD,VC,Kingstown,large_airport,13.159725,-61.148801
J F Mitchell Airport,BQU,VC,Bequia,medium_airport,12.9884,-61.262001
Canouan Airport,CIW,VC,Canouan,medium_airport,12.699,-61.3424
Mustique Airport,MQS,VC,Lovell,medium_airport,12.8879,-61.180199
Union Island International Airport,UNI,VC,Union Island,medium_airport,12.600135,-61.411945
L.F. Wade International Airport,BDA,BM,Hamilton,large_airport,32.363802,-64.67824
Almaty International Airport,ALA,KZ,Almaty,large_airport,43.354267,77.042828
Balkhash Airport,BXH,KZ,Balkhash,medium_airport,46.894246,75.004533
Taldykorgan Airport,TDK,KZ,Taldykorgan,medium_airport,45.12255,78.442758
Nursultan Nazarbayev International Airport,NQZ,KZ,Astana,large_airport,51.027035,71.467094
Kokshetau International Airport,KOV,KZ,Kokshetau,large_airport,53.329102,69.594597
Petropavl International Airport,PPK,KZ,Petropavl,large_airport,54.775622,69.187415
Taraz International Airport,DMB,KZ,Taraz,large_airport,42.8536,71.303596
Manas International Airport,BSZ,KG,Bishkek,large_airport,43.061298,74.4776
Osh International Airport,OSS,KG,Osh,large_airport,40.609001,72.793297
Karakol International Airport,IKG,KG,Karakol,medium_airport,42.508099,78.407799
Shymkent International Airport,CIT,KZ,Shymkent,large_airport,42.365021,69.47564
Hazrat Sultan International Airport,HSA,KZ,Turkıstan,large_airport,43.311087,68.550352
Zhezkazgan National Airport,DZN,KZ,Zhezkazgan,large_airport,47.708953,67.738094
Sary-Arka Airport,KGF,KZ,Karaganda,large_airport,49.670799,73.334396
Baikonur Krayniy International Airport,BXY,KZ,Baikonur,large_airport,45.621994,63.210773
Korkyt Ata International Airport,KZO,KZ,Kyzylorda,large_airport,44.706902,65.592499
Manshuk Mametova International Airport,URA,KZ,Uralsk,large_airport,51.151976,51.543652
Ekibastuz Airport,EKB,KZ,Ekibastuz,medium_airport,51.59099960327149,75.21499633789062
Oskemen International Airport,UKK,KZ,Ust-Kamenogorsk (Oskemen),large_airport,50.035033,82.496057
Pavlodar International Airport,PWQ,KZ,Pavlodar,large_airport,52.194982,77.073088
Semei International Airport,PLX,KZ,Semey,large_airport,50.351295,80.234398
Aktau International Airport,SCO,KZ,Aktau,large_airport,43.860093,51.09086
Atyrau International Airport,GUW,KZ,Atyrau,large_airport,47.121318,51.820343
Aktobe International Airport,AKX,KZ,Aktobe,large_airport,50.248116,57.204144
Kostanay International Airport,KSN,KZ,Kostanay,large_airport,53.206902,63.550301
Heydar Aliyev International Airport,GYD,AZ,Baku,large_airport,40.47278,50.050931
Ganja International Airport,GNJ,AZ,Ganja,large_airport,40.738692,46.320383
Nakhchivan International Airport,NAJ,AZ,Nakhchivan,large_airport,39.188801,45.458401
Gabala International Airport,GBB,AZ,Gabala,medium_airport,40.808617,47.725389
Zaqatala International Airport,ZTU,AZ,Zaqatala,medium_airport,41.557823,46.669464
Issyk-Kul International Airport,IKU,KG,Tamchy,large_airport,42.585584,76.701181
Shirak International Airport,LWN,AM,Gyumri,large_airport,40.750401,43.859299
Zvartnots International Airport,EVN,AM,Yerevan,large_airport,40.148941,44.397887
Platon Oyunsky Yakutsk International Airport,YKS,RU,Yakutsk,large_airport,62.0933,129.770996
Chulman Airport,NER,RU,Neryungri,medium_airport,56.913898468018,124.91400146484
Moma Airport,MQJ,RU,Khonuu,medium_airport,66.450861,143.261551
Magan Airport,GYG,RU,Magan,medium_airport,62.103484,129.545288
Olyokminsk Airport,OLZ,RU,Olyokminsk,medium_airport,60.401833,120.476094
Ust-Nera Airport,USR,RU,Ust-Nera,medium_airport,64.550003,143.115005
Vilyuisk Airport,VYI,RU,Vilyuisk,medium_airport,63.756668,121.693336
Lensk Airport,ULK,RU,Lensk,medium_airport,60.7206001282,114.825996399
Polyarny Airport,PYJ,RU,Yakutia,medium_airport,66.400398,112.029999
Mirny Airport,MJZ,RU,Mirny,medium_airport,62.534698486328125,114.03900146484376
Saskylakh Airport,SYS,RU,Saskylakh,medium_airport,71.927902,114.080002
Belaya Gora Airport,BGN,RU,Belaya Gora,medium_airport,68.556227,146.22784
Srednekolymsk Airport,SEK,RU,Srednekolymsk,medium_airport,67.4805,153.7364
Chokurdakh Airport,CKH,RU,Chokurdah,medium_airport,70.6231,147.901993
Cherskiy Airport,CYX,RU,Cherskiy,medium_airport,68.7406005859375,161.33799743652344
Tiksi Airport,IKS,RU,Tiksi,medium_airport,71.697700500488,128.90299987793
Zyryanka Airport,ZKP,RU,Zyryanka,medium_airport,65.7485,150.8889
Zhigansk Airport,ZIX,RU,Zhigansk,medium_airport,66.7965011597,123.361000061
Savannah Airstrip,KHX,UG,Kihihi,medium_airport,-0.7165,29.6997
David the Builder Kutaisi International Airport,KUT,GE,Kopitnari,large_airport,42.177448,42.485353
Alexander Kartveli Batumi International Airport,BUS,GE,Batumi,large_airport,41.60939,41.600315
Vladislav Ardzinba Sukhum International Airport,SUI,GE,Sukhumi,medium_airport,42.8582,41.128101
Tbilisi International Airport,TBS,GE,Tbilisi,large_airport,41.669201,44.9547
Ignatyevo Airport,BQS,RU,Blagoveschensk,medium_airport,50.42539978027344,127.41200256347656
Khabarovsk Novy Airport,KHV,RU,Khabarovsk,medium_airport,48.528338,135.188588
Komsomolsk-on-Amur Airport,KXK,RU,Komsomolsk-on-Amur,medium_airport,50.40900039672851,136.9340057373047
Sovetskaya Gavan (Maygatka) Airport,GVN,RU,Sovetskaya Gavan,medium_airport,48.925067,140.035348
Ugolny Yuri Ryktheu Airport,DYR,RU,Anadyr,medium_airport,64.734902,177.740997
Provideniya Bay Airport,PVS,RU,Chukotka,medium_airport,64.37809753417969,-173.2429962158203
Keperveem Airport,KPW,RU,Keperveem,medium_airport,67.845001,166.139999
Sokol Airport,GDX,RU,Magadan,medium_airport,59.9109992980957,150.72000122070312
Pevek Airport,PWE,RU,Apapelgino,medium_airport,69.783302,170.597
Severo-Evensk Airport,SWV,RU,Evensk,medium_airport,61.921786,159.229059
Nikolayevsk-na-Amure Airport,NLI,RU,Nikolayevsk-na-Amure Airport,medium_airport,53.154999,140.649994
Okhotsk Airport,OHO,RU,Okhotsk,medium_airport,59.410065,143.056503
Yelizovo Airport,PKC,RU,Petropavlovsk-Kamchatsky,large_airport,53.168716,158.451068
Yuzhno-Sakhalinsk International Airport,UUS,RU,Yuzhno-Sakhalinsk,large_airport,46.885461,142.717466
Vladivostok International Airport,VVO,RU,Artyom,large_airport,43.396256,132.148155
Chita-Kadala International Airport,HTA,RU,Chita,large_airport,52.024841,113.305839
Bratsk Airport,BTK,RU,Bratsk,medium_airport,56.3696,101.701822
Irkutsk International Airport,IKT,RU,Irkutsk,large_airport,52.266707,104.395563
Ust-Kut Airport,UKX,RU,Ust-Kut,medium_airport,56.856701,105.730003
Baikal International Airport,UUD,RU,Ulan Ude,large_airport,51.808614,107.439652
Boryspil International Airport,KBP,UA,Boryspil,medium_airport,50.345001,30.894699
Mariupol International Airport,MPW,UA,Mariupol,medium_airport,47.07609939575195,37.44960021972656
Berdyansk Airport,ERD,UA,Berdyansk,medium_airport,46.814999,36.758099
Dnipro International Airport,DNK,UA,Dnipro,medium_airport,48.357201,35.100601
Zaporizhzhia International Airport,OZH,UA,Zaporizhia,large_airport,47.866962,35.314723
Kryvyi Rih International Airport,KWG,UA,Kryvyi Rih,medium_airport,48.04330062866211,33.209999084472656
Sevastopol International Airport / Belbek Air Base,UKS,UA,Sevastopol,medium_airport,44.691822,33.57462
Simferopol International Airport,SIP,UA,Simferopol,large_airport,45.0522,33.975101
Kharkiv International Airport,HRK,UA,Kharkiv,medium_airport,49.926943,36.290814
Cherkasy International Airport,CKC,UA,Cherkasy,medium_airport,49.4156,31.9953
Ihor Sikorsky Kyiv International Airport (Zhuliany),IEV,UA,Kyiv,medium_airport,50.40194,30.45194
Khmelnytskyi Airport,HMJ,UA,Khmelnytskyi,medium_airport,49.359699,26.933399
Ivano-Frankivsk International Airport,IFO,UA,Ivano-Frankivsk,medium_airport,48.88420104980469,24.686100006103516
Lviv International Airport,LWO,UA,Lviv,large_airport,49.8125,23.9561
Chernivtsi International Airport,CWC,UA,Chernivtsi,medium_airport,48.259300231933594,25.98080062866211
Rivne International Airport,RWN,UA,Rivne,medium_airport,50.60710144042969,26.141599655151367
Uzhhorod International Airport,UDJ,UA,Uzhhorod,large_airport,48.6343,22.263399
Kherson International Airport,KHE,UA,Kherson,medium_airport,46.6758,32.506401
Odesa International Airport,ODS,UA,Odesa,large_airport,46.427196,30.672649
Vinnytsia/Gavyryshivka International Airport,VIN,UA,Vinnitsa,medium_airport,49.242531,28.613778
Talagi Airport,ARH,RU,Archangelsk,medium_airport,64.60030364990234,40.71670150756836
Vaskovo Airport,VKV,RU,Arkhangelsk,medium_airport,64.441704,40.4217
Naryan Mar Airport,NNM,RU,Naryan Mar,medium_airport,67.639999,53.121899
Amderma Airport,AMV,RU,Amderma,medium_airport,69.76329803466797,61.556400299072266
Kotlas Airport,KSZ,RU,Kotlas,medium_airport,61.235801696777344,46.6974983215332
Pulkovo Airport,LED,RU,St. Petersburg,large_airport,59.800301,30.262501
Emperor Nicholas II Murmansk Airport,MMK,RU,Murmansk,large_airport,68.7817,32.750801
Princess Olga Pskov International Airport,PKV,RU,Pskov,medium_airport,57.781316,28.39384
Petrozavodsk Airport,PES,RU,Petrozavodsk,medium_airport,61.885201,34.154701
Cherepovets Airport,CEE,RU,Cherepovets,medium_airport,59.273601532,38.0158004761
Velikiy Ustyug Airport,VUS,RU,Velikiy Ustyug,medium_airport,60.7883,46.259998
Vologda Airport,VGD,RU,Vologda,medium_airport,59.282501,39.944401
Brest International Airport,BQT,BY,Brest,large_airport,52.108138,23.89676
Gomel Airport,GME,BY,Gomel,medium_airport,52.527000427246094,31.016700744628903
Vitebsk Vostochny Airport,VTB,BY,Vitebsk,medium_airport,55.126499176025,30.349599838257
Khrabrovo Airport,KGD,RU,Kaliningrad,large_airport,54.89161,20.598559
Hrodna Airport,GNA,BY,Hrodna,medium_airport,53.602001,24.053801
Minsk National Airport,MSQ,BY,Minsk,large_airport,53.888071,28.039964
Mogilev Airport,MVQ,BY,Mogilev,medium_airport,53.95489883422851,30.09510040283203
Abakan International Airport,ABA,RU,Abakan,large_airport,53.740002,91.385002
Barnaul Gherman Titov International Airport,BAX,RU,Barnaul,large_airport,53.361285,83.539701
Gorno-Altaysk Airport,RGK,RU,Gorno-Altaysk,medium_airport,51.969204,85.836539
Alexei Leonov Kemerovo International Airport,KEJ,RU,Kemerovo,large_airport,55.2701,86.107201
Baykit Airport,BKA,RU,Baykit,medium_airport,61.676701,96.355003
Yeniseysk Airport,EIE,RU,Yeniseysk,medium_airport,58.474201,92.112503
Podkamennaya Tunguska Airport,TGP,RU,Bor,medium_airport,61.589699,89.994003
Severo-Yeniseysk Airport,VEO,RU,Severo-Yeniseysk,medium_airport,60.373299,93.011703
Vanavara Airport,VAQ,RU,Vanavara,medium_airport,60.356229,102.309641
Krasnoyarsk International Airport,KJA,RU,Krasnoyarsk,large_airport,56.175743,92.485788
Krasnoyarsk Cheremshanka Airport,KCY,RU,Krasnoyarsk,medium_airport,56.177584,92.545881
Achinsk Airport,ACS,RU,Achinsk,medium_airport,56.269185,90.57511
Kyzyl Airport,KYZ,RU,Kyzyl,medium_airport,51.669399,94.400597
Novosibirsk Tolmachevo Airport,OVB,RU,Novosibirsk,large_airport,55.019756,82.618675
Omsk Central Airport,OMS,RU,Omsk,large_airport,54.963124,73.312418
Strezhevoy Airport,SWT,RU,Strezhevoy,medium_airport,60.7094,77.660004
Tomsk Kamov Airport,TOF,RU,Tomsk,large_airport,56.380299,85.208298
Spichenkovo Airport,NOZ,RU,Novokuznetsk,medium_airport,53.811401,86.877197
Dikson Airport,DKS,RU,Dikson,medium_airport,73.517807,80.379669
Khatanga Airport,HTG,RU,Khatanga,medium_airport,71.97810363769531,102.49099731445312
Svetlogorsk Airport,SES,RU,Svetlogorsk,medium_airport,66.839996,88.403336
Igarka Airport,IAA,RU,Igarka,medium_airport,67.437202,86.621902
Alykel International Airport,NSK,RU,Norilsk,large_airport,69.307951,87.325906
Anapa Vityazevo Airport,AAQ,RU,Krasnyi Kurgan,medium_airport,45.002102,37.347301
Gelendzhik Airport,GDZ,RU,Gelendzhik,medium_airport,44.5820926295,38.0124807358
Krasnodar Pashkovsky International Airport,KRR,RU,Krasnodar,large_airport,45.034465,39.174215
Akhmat Kadyrov Grozny International Airport,GRV,RU,Grozny,large_airport,43.388106,45.699772
Makhachkala Uytash International Airport,MCX,RU,Makhachkala,large_airport,42.816799,47.652302
Mineralnye Vody Airport,MRV,RU,Mineralnyye Vody,large_airport,44.225101,43.081902
Nalchik Airport,NAL,RU,Nalchik,medium_airport,43.512901,43.6366
Vladikavkaz Beslan International Airport,OGZ,RU,Beslan,medium_airport,43.205101,44.606602
Magas Airport,IGT,RU,Sunzha,medium_airport,43.323268,45.012568
Stavropol Shpakovskoye Airport,STW,RU,Stavropol,medium_airport,45.10919952392578,42.11280059814453
Platov International Airport,ROV,RU,Rostov-on-Don,large_airport,47.493888,39.924722
Taganrog Yuzhny Airport,TGK,RU,Taganrog,medium_airport,47.1983333,38.8491667
Sochi International Airport,AER,RU,Sochi,large_airport,43.449902,39.9566
Astrakhan Narimanovo Boris M. Kustodiev International Airport,ASF,RU,Astrakhan,large_airport,46.282843,48.010511
Elista Airport,ESL,RU,Elista,medium_airport,46.3739013671875,44.33089828491211
Volgograd International Airport,VOG,RU,Volgograd,large_airport,48.78134,44.339194
Kurchatov Chelyabinsk International Airport,CEK,RU,Chelyabinsk,large_airport,55.303141,61.504927
Magnitogorsk International Airport,MQF,RU,Magnitogorsk,large_airport,53.391991,58.755235
Sabetta International Airport,SBT,RU,Sabetta,medium_airport,71.219167,72.052222
Bovanenkovo Airport,BVJ,RU,Bovanenkovo,medium_airport,70.315278,68.333611
Salekhard Airport,SLY,RU,Salekhard,medium_airport,66.5907974243164,66.61100006103516
Berezovo Airport,EZV,RU,,medium_airport,63.92100143432617,65.03050231933594
Khanty Mansiysk Airport,HMA,RU,Khanty-Mansiysk,medium_airport,61.0285,69.086098
Nyagan Airport,NYA,RU,Nyagan,medium_airport,62.110001,65.614998
Beloyarskiy Airport,EYK,RU,,medium_airport,63.686901,66.698601
Sovetskiy Airport,OVS,RU,Sovetskiy,medium_airport,61.326622009277344,63.60191345214844
Uray Airport,URJ,RU,Uray,medium_airport,60.103298,64.826698
Izhevsk Airport,IJK,RU,Izhevsk,medium_airport,56.834524,53.462172
Pobedilovo Airport,KVX,RU,Kirov,medium_airport,58.503883,49.347831
Nadym Airport,NYM,RU,Nadym,medium_airport,65.48090362548828,72.69889831542969
Novy Urengoy Airport,NUX,RU,Novy Urengoy,medium_airport,66.06939697265625,76.52030181884766
Nizhnevartovsk Airport,NJC,RU,Nizhnevartovsk,large_airport,60.949299,76.483597
Perm International Airport,PEE,RU,Perm,large_airport,57.914501,56.021198
Kogalym International Airport,KGP,RU,Kogalym,medium_airport,62.190399169921875,74.53379821777344
Nefteyugansk Airport,NFG,RU,Nefteyugansk,medium_airport,61.108299,72.650002
Noyabrsk Airport,NOJ,RU,Noyabrsk,medium_airport,63.18330001831055,75.2699966430664
Surgut International Airport,SGC,RU,Surgut,large_airport,61.340501,73.405782
Koltsovo Airport,SVX,RU,Yekaterinburg,large_airport,56.743099212646,60.802700042725
Tobolsk Remezov Airport,RMZ,RU,Tobolsk,medium_airport,58.059712,68.347997
Roshchino International Airport,TJM,RU,Tyumen,large_airport,57.178984,65.327696
Kurgan Airport,KRO,RU,Kurgan,medium_airport,55.4753,65.415604
Ashgabat International Airport,ASB,TM,Ashgabat,large_airport,37.986801,58.361
Turkmenbaşy International Airport,KRW,TM,Turkmenbaşy,medium_airport,40.062833,53.005085
Mary International Airport,MYP,TM,Mary,medium_airport,37.62353,61.895668
Dashoguz International Airport,TAZ,TM,Daşoguz,large_airport,41.759853,59.836149
Türkmenabat International Airport,CRZ,TM,Türkmenabat,large_airport,38.930662,63.563982
Dushanbe International Airport,DYU,TJ,Dushanbe,large_airport,38.543746,68.822977
Kulob International Airport,TJU,TJ,Kulob,large_airport,37.988098,69.805
Khujand International Airport,LBD,TJ,Khujand,large_airport,40.215401,69.694702
Bokhtar International Airport,KQT,TJ,Bokhtar,large_airport,37.866315,68.864475
Namangan International Airport,NMA,UZ,Namangan,large_airport,40.984622,71.5578
Andijan International Airport,AZN,UZ,Andijan,large_airport,40.727699,72.293999
Fergana International Airport,FEG,UZ,Fergana,medium_airport,40.358799,71.745003
Nukus International Airport,NCU,UZ,Nukus,large_airport,42.4884,59.623299
Urgench International Airport,UGC,UZ,Urgench,large_airport,41.58274,60.64338
Navoi International Airport,NVI,UZ,Navoi,medium_airport,40.117599,65.172658
Bukhara International Airport,BHK,UZ,Bukhara,large_airport,39.775319,64.482279
Samarkand International Airport,SKD,UZ,Samarkand,large_airport,39.701842,66.981467
Termez Airport,TMJ,UZ,Termez,medium_airport,37.287261,67.311869
Tashkent-Khumo International Airport,TVT,UZ,Tashkent,medium_airport,41.312889,69.395535
Tashkent International Airport,TAS,UZ,Tashkent,large_airport,41.2579,69.281197
Zomin Airport,OMN,UZ,Zomin,medium_airport,40.01402,68.41103
Kostroma Sokerkino Airport,KMW,RU,Kostroma,medium_airport,57.796902,41.019402
Grabtsevo Airport,KLF,RU,Kaluga,medium_airport,54.5499992371,36.3666687012
Ivanovo South Airport,IWA,RU,Ivanovo,medium_airport,56.93939971923828,40.940799713134766
Staroselye Airport,RYB,RU,Rybinsk,medium_airport,58.104198,38.929401
Bryansk International Airport,BZK,RU,Bryansk,medium_airport,53.214403,34.175965
Zhukovsky International Airport,ZIA,RU,Moscow,large_airport,55.553299,38.150002
Domodedovo International Airport,DME,RU,Moscow,large_airport,55.408798,37.9063
Golden Ring Yaroslavl International Airport,IAR,RU,Tunoshna,large_airport,57.560699,40.157398
Sheremetyevo International Airport,SVO,RU,Moscow,large_airport,55.976858,37.41121
Migalovo Air Base,KLD,RU,Tver,medium_airport,56.82469940185547,35.7577018737793
Chkalovskiy Air Base,CKL,RU,Moscow,medium_airport,55.8783,38.061699
Belgorod International Airport,EGO,RU,Belgorod,medium_airport,50.643798828125,36.5900993347168
Kursk East Airport,URS,RU,Kursk,medium_airport,51.7505989074707,36.29560089111328
Lipetsk Airport,LPK,RU,Lipetsk,medium_airport,52.70280075073242,39.53779983520508
Voronezh International Airport,VOZ,RU,Voronezh,large_airport,51.813683,39.231711
Donskoye Airport,TBW,RU,Tambov,medium_airport,52.806099,41.4828
Vnukovo International Airport,VKO,RU,Moscow,large_airport,55.591499,37.261501
Ukhta Airport,UCT,RU,Ukhta,medium_airport,63.566898,53.804699
Inta Airport,INA,RU,Inta,medium_airport,66.053372,60.105786
Pechora Airport,PEX,RU,Pechora,medium_airport,65.121101,57.130798
Usinsk Airport,USK,RU,Usinsk,medium_airport,66.0047,57.367199
Vorkuta Airport,VKT,RU,Vorkuta,medium_airport,67.488602,63.993099
Ust-Tsylma Airport,UTS,RU,Ust-Tsylma,medium_airport,65.437294,52.200336
Syktyvkar Airport,SCW,RU,Syktyvkar,medium_airport,61.64699935913086,50.84510040283203
Nizhny Novgorod / Strigino International Airport,GOJ,RU,Nizhny Novgorod,large_airport,56.227351,43.785152
Bugulma Airport,UUA,RU,Bugulma,medium_airport,54.641184,52.800229
Kazan International Airport,KZN,RU,Kazan,large_airport,55.606201,49.278702
Begishevo Airport,NBC,RU,Nizhnekamsk,medium_airport,55.564701,52.092499
Yoshkar-Ola Airport,JOK,RU,Yoshkar-Ola,medium_airport,56.7006,47.904701
Cheboksary Airport,CSY,RU,Cheboksary,medium_airport,56.090302,47.347301
Ulyanovsk Baratayevka Airport,ULV,RU,Ulyanovsk,large_airport,54.268299,48.2267
Ulyanovsk Vostochny Airport,ULY,RU,Cherdakly,medium_airport,54.401001,48.8027
Orenburg Central Airport,REN,RU,Orenburg,medium_airport,51.792668,55.457229
Orsk Airport,OSW,RU,Orsk,medium_airport,51.072498,58.5956
Penza Airport,PEZ,RU,Penza,medium_airport,53.110599517822266,45.02109909057617
Saransk International Airport,SKX,RU,Saransk,large_airport,54.12513,45.212257
Balakovo Airport,BWO,RU,Balakovo,medium_airport,51.858299,47.745602
Gagarin International Airport,GSV,RU,Saratov,large_airport,51.712778,46.171111
Ufa International Airport,UFA,RU,Ufa,large_airport,54.557498931885,55.874401092529
Kurumoch International Airport,KUF,RU,Samara,large_airport,53.504902,50.164299
"Rewa Airport, Chorhata, REWA",REW,IN,Rewa,medium_airport,24.503401,81.220299
Gondia Airport,GDB,IN,Gondia,medium_airport,21.526817,80.290347
Sardar Vallabh Patel International Airport,AMD,IN,Ahmedabad,large_airport,23.0772,72.634697
Akola Airport,AKD,IN,Akola,medium_airport,20.698931,77.056883
Aurangabad Airport,IXU,IN,Aurangabad,medium_airport,19.862875,75.396312
Chhatrapati Shivaji Maharaj International Airport,BOM,IN,Mumbai,large_airport,19.088699,72.867897
Bhuj Airport,BHJ,IN,Bhuj,medium_airport,23.2877998352,69.6701965332
Belagavi Airport,IXG,IN,Belgaum,medium_airport,15.8593,74.618301
Vadodara International Airport,BDQ,IN,Vadodara,large_airport,22.336201,73.226303
Raja Bhoj International Airport,BHO,IN,Bhopal,large_airport,23.2875,77.337402
Bhavnagar Airport,BHU,IN,Bhavnagar,medium_airport,21.752199173,72.1852035522
Daman Airport,NMB,IN,Daman,medium_airport,20.434401,72.843201
Hubballi Airport,HBX,IN,Hubballi,medium_airport,15.361084,75.082096
Rajkot International Airport,HSR,IN,Rajkot,large_airport,22.378824,71.039391
Devi Ahilya Bai Holkar International Airport,IDR,IN,Indore,large_airport,22.721404,75.80051
Jabalpur Airport,JLR,IN,Jabalpur,medium_airport,23.177799,80.052002
Jamnagar Airport,JGA,IN,Jamnagar,medium_airport,22.465499877929688,70.01260375976562
Kandla Airport,IXY,IN,Kandla,medium_airport,23.1127,70.100304
Khajuraho Airport,HJR,IN,Khajuraho,medium_airport,24.8172,79.918602
Kolhapur Airport,KLH,IN,Kolhapur,medium_airport,16.6647,74.289398
Keshod Airport,IXK,IN,Keshod,medium_airport,21.317101,70.270401
Murod Kond Airport,LTU,IN,Latur,medium_airport,18.411501,76.464699
Nanded Airport,NDC,IN,Nanded,medium_airport,19.1833,77.316704
Dr. Babasaheb Ambedkar International Airport,NAG,IN,Nagpur,large_airport,21.092199,79.047203
Nashik International Airport,ISK,IN,Nashik,large_airport,20.119101,73.912903
Pune International Airport,PNQ,IN,Pune,large_airport,18.5821,73.919701
Porbandar Airport,PBD,IN,Porbandar,medium_airport,21.649524,69.656405
Ratnagiri Airport,RTC,IN,,medium_airport,17.013599,73.327797
Rajkot Airport,RAJ,IN,Rajkot,medium_airport,22.3092,70.779503
Swami Vivekananda Airport,RPR,IN,Raipur,medium_airport,21.180401,81.7388
Shirdi International Airport,SAG,IN,Kakadi,large_airport,19.689211,74.373655
Solapur Airport,SSE,IN,Solapur,medium_airport,17.6280002594,75.93479919430001
Surat International Airport,STV,IN,Surat,large_airport,21.115531,72.743251
Maharana Pratap Airport,UDR,IN,Udaipur,medium_airport,24.617700576799997,73.89610290530001
Bandaranaike International Colombo Airport,CMB,LK,Colombo,large_airport,7.180759906768799,79.88410186767578
Anuradhapura Airport,ACJ,LK,Anuradhapura,medium_airport,8.301542,80.42848
Batticaloa International Airport,BTC,LK,Batticaloa,medium_airport,7.705073,81.677163
Colombo Ratmalana International Airport,RML,LK,Colombo,large_airport,6.821638,79.885859
Ampara Airport,ADP,LK,Ampara,medium_airport,7.336745,81.623869
Hingurakgoda Air Force Base,HIM,LK,Polonnaruwa Town,medium_airport,8.04981,80.9814
Jaffna International Airport,JAF,LK,Jaffna,large_airport,9.79233,80.070099
Koggala Airport,KCT,LK,Galle,medium_airport,5.993680000305176,80.32029724121094
China Bay Airport,TRR,LK,Trincomalee,medium_airport,8.539159,81.18128
Mattala Rajapaksa International Airport,HRI,LK,Mattala,large_airport,6.283878,81.124163
Battambang Airport,BBM,KH,Battambang,medium_airport,13.0956,103.223999
Phnom Penh International Airport,PNH,KH,Phnom Penh (Pou Senchey),large_airport,11.547155,104.844699
Ratanakiri Airport,RBE,KH,Ratanakiri,medium_airport,13.729999542236328,106.98699951171876
Siem Reap-Angkor International Airport,SAI,KH,Siem Reap,large_airport,13.36974,104.223831
Sihanouk International Airport,KOS,KH,Preah Sihanouk,large_airport,10.570557,103.632067
Along Airport,IXV,IN,,medium_airport,28.17530059814453,94.802001953125
Agartala - Maharaja Bir Bikram Airport,IXA,IN,Agartala,medium_airport,23.886999,91.240402
Bagdogra Airport,IXB,IN,Siliguri,large_airport,26.6812,88.328598
Shillong Airport,SHL,IN,Shillong,medium_airport,25.70359992980957,91.97869873046876
Lal Bahadur Shastri International Airport,VNS,IN,Varanasi,large_airport,25.452171,82.862549
Biju Patnaik International Airport,BBI,IN,Bhubaneswar,large_airport,20.251021,85.814747
Bilaspur Airport,PAB,IN,Bilaspur,medium_airport,21.9884,82.111
Netaji Subhash Chandra Bose International Airport,CCU,IN,Kolkata,large_airport,22.654012,88.44765
Dhanbad Airport,DBD,IN,,medium_airport,23.834,86.425301
Kazi Nazrul Islam Airport,RDP,IN,Durgapur,medium_airport,23.6225,87.243
Darbhanga Airport,DBR,IN,Darbhanga,medium_airport,26.192801,85.916901
Gorakhpur Airport,GOP,IN,Gorakhpur,medium_airport,26.739700317399997,83.4496994019
Lokpriya Gopinath Bordoloi International Airport,GAU,IN,Guwahati,large_airport,26.106654,91.585226
Gaya Airport,GAY,IN,Gaya,medium_airport,24.744301,84.951202
Bir Tikendrajit International Airport,IMF,IN,Imphal,large_airport,24.76,93.896698
Sonari Airport,IXW,IN,Jamshedpur,medium_airport,22.813706,86.168981
Jorhat Airport,JRH,IN,Jorhat,medium_airport,26.730456,94.175416
Kushinagar International Airport,KBK,IN,Kushinagar,medium_airport,26.776534,83.889214
Kailashahar Airport,IXH,IN,Kailashahar,medium_airport,24.308657,92.00768
Silchar Airport,IXS,IN,Silchar,medium_airport,24.9129009247,92.9786987305
Lengpui Airport,AJL,IN,Aizawl (Lengpui),medium_airport,23.840599,92.619698
Lilabari North Lakhimpur Airport,IXI,IN,Lilabari,medium_airport,27.295682,94.097266
Dibrugarh Airport,DIB,IN,Dibrugarh,medium_airport,27.4839000702,95.0168991089
Dimapur Airport,DMU,IN,Dimapur,medium_airport,25.8838996887,93.7711029053
Muzaffarpur Airport,MZU,IN,Muzaffarpur,medium_airport,26.119101,85.313698
Jay Prakash Narayan Airport,PAT,IN,Patna,medium_airport,25.591299,85.087997
Birsa Munda Airport,IXR,IN,Ranchi,medium_airport,23.314300537100003,85.3217010498
Rourkela Airport,RRK,IN,Rourkela,medium_airport,22.256571,84.815193
Tezpur Airport,TEZ,IN,,medium_airport,26.7091007232666,92.78469848632812
Visakhapatnam International Airport,VTZ,IN,Visakhapatnam,large_airport,17.723506,83.227729
Ziro Airport,ZER,IN,Ziro,medium_airport,27.588301,93.828102
Barisal Airport,BZL,BD,Barisal,medium_airport,22.801001,90.301201
Cox's Bazar Airport,CXB,BD,Cox's Bazar,medium_airport,21.457517,91.963263
Shah Amanat International Airport,CGP,BD,Chattogram (Chittagong),large_airport,22.249599,91.813301
Hazrat Shahjalal International Airport,DAC,BD,Dhaka,large_airport,23.843347,90.397783
Ishurdi Airport,IRD,BD,Ishurdi,medium_airport,24.1525,89.0494
Jessore Airport,JSR,BD,Jashore (Jessore),medium_airport,23.1838,89.160797
Shah Makhdum Airport,RJH,BD,Rajshahi,medium_airport,24.437201,88.616501
Saidpur Airport,SPD,BD,Saidpur,medium_airport,25.759199,88.908897
Osmany International Airport,ZYL,BD,Sylhet,large_airport,24.963071,91.866903
Hong Kong International Airport,HKG,HK,Hong Kong,large_airport,22.31184,113.914862
Agra Airport / Agra Air Force Station,AGR,IN,Agra,medium_airport,27.157975,77.961025
Prayagraj Airport,IXD,IN,Allahabad,medium_airport,25.4401,81.733902
Sri Guru Ram Das Ji International Airport,ATQ,IN,Amritsar,large_airport,31.7096,74.797302
Nal Airport,BKB,IN,Bikaner,medium_airport,28.070601,73.207199
Kullu Manali Airport,KUU,IN,Bhuntar,medium_airport,31.876699,77.154404
Bhatinda Air Force Station,BUP,IN,,medium_airport,30.2701,74.755798
Bareilly Air Force Station,BEK,IN,Bareilly,medium_airport,28.4221,79.450798
Shaheed Bhagat Singh International Airport,IXC,IN,Chandigarh,large_airport,30.6735,76.788498
Kanpur Airport,KNU,IN,Kanpur,medium_airport,26.404301,80.410103
Dehradun Jolly Grant Airport,DED,IN,Dehradun (Jauligrant),medium_airport,30.189243,78.176651
Indira Gandhi International Airport,DEL,IN,New Delhi,large_airport,28.55563,77.09519
Kangra Airport,DHM,IN,Kangra,medium_airport,32.164902,76.263018
Gwalior Airport,GWL,IN,Gwalior,medium_airport,26.29330062866211,78.22779846191406
Maharaja Agrasen International Airport,HSS,IN,Hisar,large_airport,29.186065,75.74142
Halwara International Airport,HWR,IN,Halwara,large_airport,30.748501,75.629799
Jodhpur Airport,JDH,IN,Jodhpur,medium_airport,26.251100540161133,73.04889678955078
Jaipur International Airport,JAI,IN,Jaipur,large_airport,26.8242,75.812202
Jaisalmer Airport,JSA,IN,,medium_airport,26.8887,70.864998
Jammu Airport,IXJ,IN,Jammu,medium_airport,32.688849,74.838152
Kishangarh Airport Ajmer,KQH,IN,Ajmer (Kishangarh),medium_airport,26.591007,74.812956
Kota Airport,KTU,IN,Kota,medium_airport,25.160200119,75.84559631350001
Ludhiana Airport,LUH,IN,,medium_airport,30.854700088500977,75.95259857177734
Leh Kushok Bakula Rimpochee Airport,IXL,IN,Leh,medium_airport,34.135899,77.546501
Chaudhary Charan Singh International Airport,LKO,IN,Lucknow,large_airport,26.760599,80.889297
Moradabad Airport,MZS,IN,Moradabad,medium_airport,28.81746,78.92187
Pathankot Airport,IXP,IN,Pathankot,medium_airport,32.233611,75.634444
Pantnagar Airport,PGH,IN,Pantnagar,medium_airport,29.0334,79.473701
Sheikh ul Alam International Airport,SXR,IN,Srinagar,large_airport,33.987099,74.7742
Luang Phabang International Airport,LPQ,LA,Luang Phabang,large_airport,19.904273,102.167191
Pakse International Airport,PKZ,LA,Pakse,large_airport,15.133973,105.779871
Savannakhet Airport,ZVK,LA,,medium_airport,16.55660057067871,104.76000213623048
Sam Neua Airport,NEU,LA,,medium_airport,20.4184,104.067001
Wattay International Airport,VTE,LA,Vientiane,large_airport,17.985052,102.566692
Aeropuerto Nacional Doctor Juan Plate,VMI,PY,Puerto Vallemi,medium_airport,-22.159371,-57.942395
Macau International Airport,MFM,MO,Nossa Senhora do Carmo,large_airport,22.149599,113.592003
Long Thanh International Airport (Under Construction),LTH,VN,Ho Chi Minh City (Long Thanh),large_airport,10.772842,107.040596
Gautam Buddha International Airport,BWA,NP,Siddharthanagar (Bhairahawa),large_airport,27.504636,83.410381
Janakpur Airport,JKR,NP,Janakpur,medium_airport,26.708799,85.922401
Tribhuvan International Airport,KTM,NP,Kathmandu,large_airport,27.6966,85.3591
Tenzing-Hillary Airport,LUA,NP,Lukla,medium_airport,27.686768,86.729479
Nepalgunj Airport,KEP,NP,Nepalgunj,medium_airport,28.1036,81.667
Pokhara Domestic Airport,PKR,NP,Pokhara,medium_airport,28.200621,83.981203
Taplejung Airport,TPJ,NP,Taplejung,medium_airport,27.3509,87.69525
Biratnagar Airport,BIR,NP,Biratnagar,medium_airport,26.48150062561035,87.26399993896484
Agatti Airport,AGX,IN,Agatti,medium_airport,10.8237,72.176003
Bellary Airport,BEP,IN,Bellary,medium_airport,15.162799835205078,76.88279724121094
Kempegowda International Airport Bengaluru,BLR,IN,Bengaluru,large_airport,13.1979,77.706299
Bidar Airport / Bidar Air Force Station,IXX,IN,Bidar,medium_airport,17.9081,77.487099
Vijayawada International Airport,VGA,IN,Vijayawada,large_airport,16.530011,80.804888
Coimbatore International Airport,CJB,IN,Coimbatore,large_airport,11.03,77.043404
Cochin International Airport,COK,IN,Kochi,large_airport,10.151047,76.400838
Calicut International Airport,CCJ,IN,Calicut,large_airport,11.135996,75.955152
Kadapa Airport,CDP,IN,Kadapa,medium_airport,14.513154,78.769183
Car Nicobar Air Force Base,CBD,IN,IAF Camp,medium_airport,9.153056,92.819273
Manohar International Airport,GOX,IN,Mopa,large_airport,15.744257,73.860625
Goa Dabolim International Airport,GOI,IN,Vasco da Gama,large_airport,15.380062,73.833328
Rajiv Gandhi International Airport,HYD,IN,Hyderabad,large_airport,17.231318,78.429855
Begumpet Airport,BPM,IN,Hyderabad,medium_airport,17.4531,78.467598
Kannur International Airport,CNN,IN,Kannur,large_airport,11.916343,75.544979
Kurnool Airport,KJB,IN,Orvakal,medium_airport,15.716288,78.16923
Madurai Airport,IXM,IN,Madurai,medium_airport,9.83450984955,78.09339904790001
Mangaluru International Airport,IXE,IN,Mangaluru,large_airport,12.95471,74.886812
Chennai International Airport,MAA,IN,Chennai,large_airport,12.990005,80.169296
Mysore Airport,MYQ,IN,Mysore,medium_airport,12.229751,76.653683
Veer Savarkar International Airport / INS Utkrosh,IXZ,IN,Port Blair,large_airport,11.640194,92.72902
Pondicherry Airport,PNY,IN,Puducherry (Pondicherry),medium_airport,11.968,79.812
Sri Sathya Sai Airport,PUT,IN,Puttaparthi,medium_airport,14.1492996216,77.7910995483
Rajahmundry Airport,RJA,IN,Madhurapudi,medium_airport,17.105799,81.813204
Salem Airport,SXV,IN,Salem,medium_airport,11.78330039978,78.06559753418
Tirupati International Airport,TIR,IN,Tirupati,large_airport,13.631988,79.539869
Tiruchirappalli International Airport,TRZ,IN,Tiruchirappalli,large_airport,10.762915,78.717741
Thiruvananthapuram International Airport,TRV,IN,Thiruvananthapuram,large_airport,8.481889,76.920029
Gelephu Airport,GLU,BT,Gelephu,medium_airport,26.88456,90.46412
Paro International Airport,PBH,BT,Paro,large_airport,27.4032,89.424599
Maafaru International Airport,NMF,MV,Noonu Atoll,large_airport,5.817407,73.468404
Gan International Airport,GAN,MV,Gan,large_airport,-0.692975,73.152627
Hanimaadhoo International Airport,HAQ,MV,Haa Dhaalu Atoll,large_airport,6.743235,73.167072
Kadhdhoo Airport,KDO,MV,Kadhdhoo,medium_airport,1.8591699600219729,73.52189636230469
Velana International Airport,MLE,MV,Malé,large_airport,4.19183,73.529099
Kaadedhdhoo Airport,KDM,MV,Huvadhu Atoll,medium_airport,0.488131,72.996902
Villa International Airport Maamigili,VAM,MV,Maamigili,medium_airport,3.471751,72.832633
Don Mueang International Airport,DMK,TH,Bangkok,large_airport,13.9126,100.607002
Kamphaeng Saen Airport,KDT,TH,Nakhon Pathom,medium_airport,14.1020002365,99.9171981812
Khok Kathiam Airport,KKM,TH,Lop Buri,medium_airport,14.87462,100.663397
Trat Airport,TDX,TH,Laem Ngop,medium_airport,12.2746,102.319
Suvarnabhumi Airport,BKK,TH,Bangkok,large_airport,13.6811,100.747002
U-Tapao–Rayong–Pattaya International Airport,UTP,TH,Rayong,large_airport,12.6799,101.004997
Chiang Mai International Airport,CNX,TH,Chiang Mai,large_airport,18.766799926799997,98.962600708
Mae Hong Son Airport,HGN,TH,Mae Hong Son,medium_airport,19.3013,97.9758
Lampang Airport,LPT,TH,,medium_airport,18.27090072631836,99.50420379638672
Nan Airport,NNT,TH,,medium_airport,18.807899475097656,100.78299713134766
Phrae Airport,PRH,TH,,medium_airport,18.1322,100.165001
Mae Fah Luang - Chiang Rai International Airport,CEI,TH,Chiang Rai,large_airport,19.952299,99.882896
Phetchabun Airport,PHY,TH,,medium_airport,16.6760005951,101.194999695
Hua Hin Airport,HHQ,TH,Hua Hin,medium_airport,12.6361999512,99.951499939
Takhli Royal Thai Air Force Base,TKH,TH,Takhli,medium_airport,15.2773,100.295998
Mae Sot Airport,MAQ,TH,,medium_airport,16.699899673461914,98.54509735107422
Sukhothai Airport,THS,TH,,medium_airport,17.238000869750977,99.81819915771484
Phitsanulok Airport,PHS,TH,Phitsanulok,medium_airport,16.7829,100.278999
Tak Airport,TKT,TH,,medium_airport,16.896,99.253304
Surat Thani Airport,URT,TH,Surat Thani,medium_airport,9.13259983063,99.135597229
Narathiwat Airport,NAW,TH,,medium_airport,6.5199198722839355,101.74299621582033
Chumphon Airport,CJM,TH,Chumphon,medium_airport,10.7112,99.361702
Nakhon Si Thammarat Airport,NST,TH,Nakhon Si Thammarat,medium_airport,8.539620399475098,99.9447021484375
Krabi International Airport,KBV,TH,Krabi,large_airport,8.095591,98.988955
Songkhla Airport,SGZ,TH,,medium_airport,7.186560153961182,100.60800170898438
Pattani Airport,PAN,TH,,medium_airport,6.78546,101.153999
Samui International Airport,USM,TH,Na Thon (Ko Samui Island),large_airport,9.54779,100.061996
Phuket International Airport,HKT,TH,Phuket,large_airport,8.113257,98.3174
Ranong Airport,UNN,TH,Ranong,medium_airport,9.77762,98.585503
Hat Yai International Airport,HDY,TH,Hat Yai,large_airport,6.93321,100.392998
Trang Airport,TST,TH,Trang,medium_airport,7.50874,99.6166
Udon Thani International Airport,UTH,TH,Udon Thani,large_airport,17.386186,102.788577
Sakon Nakhon Airport,SNO,TH,,medium_airport,17.195100784301758,104.11900329589844
Surin Airport,PXR,TH,Surin,medium_airport,14.868300437927,103.49800109863
Khon Kaen Airport,KKC,TH,Khon Kaen,medium_airport,16.466600418099997,102.783996582
Loei Airport,LOE,TH,,medium_airport,17.43910026550293,101.72200012207033
Buri Ram Airport,BFV,TH,Buriram,medium_airport,15.2295,103.252998
Nakhon Ratchasima Airport,NAK,TH,Chaloem Phra Kiat,medium_airport,14.9495,102.313004
Ubon Ratchathani Airport,UBP,TH,Ubon Ratchathani,medium_airport,15.2512998581,104.870002747
Roi Et Airport,ROI,TH,Roi Et,medium_airport,16.1168,103.774002
Nakhon Phanom Airport,KOP,TH,Nakhon Phanom,medium_airport,17.383801,104.642998
Buon Ma Thuot Airport,BMV,VN,Buon Ma Thuot,medium_airport,12.668299675,108.120002747
Cat Bi International Airport,HPH,VN,Haiphong (Hai An),large_airport,20.817428,106.724315
Cà Mau Airport,CAH,VN,Ca Mau City,medium_airport,9.177667,105.177778
Cam Ranh International Airport / Cam Ranh Air Base,CXR,VN,Nha Trang/nha Trang aiurportCam Ranh,large_airport,11.9982,109.219002
Con Dao Airport,VCS,VN,Con Dao,medium_airport,8.73183,106.633003
Can Tho International Airport,VCA,VN,Can Tho,large_airport,10.083397,105.709371
Dien Bien Phu Airport,DIN,VN,Dien Bien Phu,medium_airport,21.3974990845,103.008003235
Dong Hoi Airport,VDH,VN,Dong Hoi,medium_airport,17.515,106.590556
Lien Khuong Airport,DLI,VN,Da Lat,medium_airport,11.750556,108.366997
Da Nang International Airport,DAD,VN,Da Nang,large_airport,16.0439,108.198997
Noi Bai International Airport,HAN,VN,Hanoi (Soc Son),large_airport,21.221201,105.806999
Phu Bai International Airport,HUI,VN,Huế,medium_airport,16.400628,107.703094
Phu Cat Airport,UIH,VN,Quy Nohn,medium_airport,13.955,109.042
Pleiku Airport,PXU,VN,Pleiku,medium_airport,14.00450038909912,108.01699829101562
Phú Quốc International Airport,PQC,VN,Phu Quoc Island,large_airport,10.169783,103.99353
Rach Gia Airport,VKG,VN,Rach Gia,medium_airport,9.95802997234,105.132379532
Dong Tac Airport,TBB,VN,Tuy Hoa,medium_airport,13.0496,109.334
Tan Son Nhat International Airport,SGN,VN,Ho Chi Minh City,large_airport,10.8188,106.652
Van Don International Airport,VDO,VN,Van Don,medium_airport,21.120693,107.41539
Vinh Airport,VII,VN,Vinh,medium_airport,18.7376003265,105.67099762
Dawei Airport,TVY,MM,Dawei,medium_airport,14.1039,98.203598
Heho Airport,HEH,MM,Heho,medium_airport,20.74714,96.792029
Kengtung Airport,KET,MM,Kengtung,medium_airport,21.301599502563477,99.63600158691406
Kyaukpyu Airport,KYP,MM,Kyaukpyu,medium_airport,19.42639923095703,93.53479766845705
Kawthoung Airport,KAW,MM,Kawthoung,medium_airport,10.04930019378662,98.53800201416016
Loikaw Airport,LIW,MM,Loikaw,medium_airport,19.691499710083008,97.2147979736328
Lashio Airport,LSH,MM,Lashio,medium_airport,22.9778995513916,97.752197265625
Mandalay International Airport,MDL,MM,Mandalay,large_airport,21.70219993591309,95.97789764404295
Myeik Airport,MGZ,MM,Mkeik,medium_airport,12.439800262451172,98.62149810791016
Myitkyina Airport,MYT,MM,Myitkyina,medium_airport,25.3836,97.351898
Momeik Airport,MOE,MM,,medium_airport,23.092500686645508,96.64530181884766
Mong Hsat Airport,MOG,MM,Mong Hsat,medium_airport,20.516799926757812,99.25679779052734
Namsang Airport,NMS,MM,Namsang,medium_airport,20.89049911499023,97.73590087890624
Nay Pyi Taw International Airport,NYT,MM,Naypyitaw,large_airport,19.623501,96.200996
Putao Airport,PBU,MM,Putao,medium_airport,27.32990074157715,97.42630004882812
Sittwe Airport,AKY,MM,Sittwe,medium_airport,20.133165,92.870693
Thandwe Airport,SNW,MM,Thandwe,medium_airport,18.4606990814209,94.30010223388672
Tachileik Airport,THL,MM,Tachileik,medium_airport,20.483800888061523,99.9354019165039
Yangon International Airport,RGN,MM,Yangon,large_airport,16.907300949099998,96.1332015991
Sultan Hasanuddin International Airport,UPG,ID,Makassar,large_airport,-5.075539,119.553702
Frans Kaisiepo Airport,BIK,ID,Biak,medium_airport,-1.19002,136.108002
Douw Aturure Airport,NBX,ID,Nabire,medium_airport,-3.397973,135.393071
Stevanus Rumbewas Airport,ZRI,ID,Serui,medium_airport,-1.82842,136.062402
Mozes Kilangin Airport,TIM,ID,Timika,medium_airport,-4.52978,136.887388
Sultan Muhammad Salahuddin Airport,BMU,ID,Bima,medium_airport,-8.537184,118.685002
Denpasar I Gusti Ngurah Rai International Airport,DPS,ID,"Kuta, Badung",large_airport,-8.748409,115.167123
Lombok International Airport,LOP,ID,"Mataram (Pujut, Lombok Tengah)",large_airport,-8.759962,116.278169
Sultan Babullah Airport,TTE,ID,Ternate,medium_airport,0.831012,127.381611
Pitu Airport,OTI,ID,Gotalalamo-Morotai Island,medium_airport,2.04599,128.324997
Toraja Airport,TRT,ID,Toraja,medium_airport,-3.185833,119.91775
Mutiara - SIS Al-Jufrie Airport,PLW,ID,Palu,medium_airport,-0.916462,119.908647
Kasiguncu Airport,PSJ,ID,Poso-Celebes Island,medium_airport,-1.414121,120.659241
Syukuran Aminuddin Amir Airport,LUW,ID,Luwok,medium_airport,-1.035893,122.773934
Tjilik Riwut Airport,PKY,ID,Palangkaraya,medium_airport,-2.227146,113.943388
Yogyakarta International Airport,YIA,ID,Yogyakarta,medium_airport,-7.905338,110.057264
Tunggul Wulung Airport,CXP,ID,Cilacap,medium_airport,-7.64506,109.033997
Dortheys Hiyo Eluay International Airport,DJJ,ID,Sentani,large_airport,-2.579627,140.519857
Oksibil Airport,OKL,ID,Oksibil,medium_airport,-4.9071,140.6277
Mopah International Airport,MKQ,ID,Merauke,medium_airport,-8.523898,140.419693
Tanah Merah Airport,TMH,ID,Tanah Merah,medium_airport,-6.09669,140.303521
Nusantara International Airport,IVD,ID,Nusantara,medium_airport,-1.158611,116.708054
Sultan Aji Muhammad Sulaiman Sepinggan International Airport,BPN,ID,Balikpapan,large_airport,-1.268342,116.89452
Juwata International Airport / Suharnoko Harbani AFB,TRK,ID,Tarakan,medium_airport,3.325145,117.564169
Aji Pangeran Tumenggung Pranoto International Airport,AAP,ID,Samarinda,medium_airport,-0.374478,117.250128
Naha Airport,NAH,ID,"Tabukan Utara, Sangihe Islands",medium_airport,3.68478,125.527162
Sam Ratulangi International Airport,MDC,ID,Manado,large_airport,1.548591,124.92625
Warukin Airport,TJG,ID,Tanta-Tabalong,medium_airport,-2.21656,115.435997
Syamsudin Noor International Airport,BDJ,ID,Banjarbaru,large_airport,-3.440112,114.761209
Karel Sadsuitubun Airport,LUV,ID,Langgur,medium_airport,-5.760278,132.759444
Namniwel Airport,NAM,ID,Namniwel,medium_airport,-3.143159,126.976469
Pattimura International Airport,AMQ,ID,Ambon,large_airport,-3.71026,128.089005
Kalimarau Airport,BEJ,ID,Tanjung Redeb - Borneo Island,medium_airport,2.14776,117.430705
Abdul Rachman Saleh Airport,MLG,ID,Malang,medium_airport,-7.929099,112.714233
Adisutjipto International Airport,JOG,ID,Yogyakarta,large_airport,-7.78818,110.431999
Adisumarmo Airport,SOC,ID,Surakarta,medium_airport,-7.516044,110.757492
Juanda International Airport,SUB,ID,Surabaya,large_airport,-7.37983,112.787003
Jenderal Ahmad Yani Airport,SRG,ID,Semarang,large_airport,-6.970732,110.373244
Fakfak Airport,FKQ,ID,Fakfak,medium_airport,-2.920508,132.267011
Utarom Airport,KNG,ID,Kaimana,medium_airport,-3.6446,133.695116
Babo Airport,BXB,ID,Babo,medium_airport,-2.53224,133.438995
Rendani Airport,MKW,ID,Manokwari,medium_airport,-0.891833,134.048996
Domine Eduard Osok Airport,SOQ,ID,Sorong,medium_airport,-0.894,131.287
El Tari Airport,KOE,ID,Kupang,medium_airport,-10.1716,123.670998
Wamena Airport,WMX,ID,Wamena,medium_airport,-4.097324,138.952417
Matahora Airport,WNI,ID,Wangi-wangi Island,medium_airport,-5.292123,123.636233
Sangia Nibandera Airport,KXB,ID,Kolaka,medium_airport,-4.338158,121.524047
Bintulu Airport,BTU,MY,Bintulu,medium_airport,3.12385010719,113.019996643
Kuching International Airport,KCH,MY,Kuching,large_airport,1.487364,110.352859
Limbang Airport,LMN,MY,Limbang,medium_airport,4.808300018310547,115.01000213623048
Mukah Airport,MKM,MY,Mukah,medium_airport,2.881944,112.043333
Marudi Airport,MUR,MY,Marudi,medium_airport,4.178734,114.330318
Miri Airport,MYY,MY,Miri,medium_airport,4.32201,113.987
Sibu Airport,SBW,MY,Sibu,medium_airport,2.2616,111.985001
Bario Airport,BBN,MY,Bario,medium_airport,3.734648,115.478548
Lahad Datu Airport,LDU,MY,Lahad Datu,medium_airport,5.03241,118.32376
Kota Kinabalu International Airport,BKI,MY,Kota Kinabalu,large_airport,5.932743,116.049324
Labuan Airport,LBU,MY,Labuan,medium_airport,5.301667,115.248333
Sandakan Airport,SDK,MY,Sandakan,medium_airport,5.900899887084961,118.05899810791016
Tawau Airport,TWU,MY,Tawau,medium_airport,4.31338,118.12152
Mulu Airport,MZV,MY,Mulu,medium_airport,4.048329830169678,114.80500030517578
Brunei International Airport,BWN,BN,Bandar Seri Begawan,large_airport,4.9442,114.928001
Sultan Syarif Kasim II International Airport / Roesmin Nurjadin AFB,PKU,ID,Pekanbaru,medium_airport,0.458647,101.444321
Pinang Kampai Airport,DUM,ID,Dumai,medium_airport,1.609026,101.433493
Japura Airport,RGT,ID,Rengat-Sumatra Island,medium_airport,-0.352808,102.334999
Kertajati International Airport,KJT,ID,Kertajati,medium_airport,-6.647384,108.165561
Husein Sastranegara International Airport,BDO,ID,Bandung,medium_airport,-6.90063,107.575996
Hang Nadim International Airport,BTH,ID,Batam,large_airport,1.12103,104.119003
Raja Haji Fisabilillah International Airport,TNJ,ID,Tanjung Pinang-Bintan Island,medium_airport,0.92397,104.53341
Halim Perdanakusuma International Airport,HLP,ID,Jakarta,large_airport,-6.266989,106.890318
Soekarno-Hatta International Airport,CGK,ID,Jakarta,large_airport,-6.12557,106.655998
Radin Inten II International Airport,TKG,ID,Bandar Lampung,medium_airport,-5.246803,105.182531
Binaka Airport,GNS,ID,Gunungsitoli,medium_airport,1.166275,97.705196
Aek Godang Airport,AEG,ID,Padang Sidempuan,medium_airport,1.4001,99.430496
Soewondo Air Force Base,MES,ID,Medan,medium_airport,3.558425,98.672275
Kualanamu International Airport,KNO,ID,Beringin,large_airport,3.637847,98.870566
Dr. Ferdinand Lumban Tobing Airport,FLZ,ID,Sibolga (Pinangsori),medium_airport,1.557127,98.887145
Alas Leuser Airport,LSR,ID,Kutacane,medium_airport,3.391456,97.863726
Nanga Pinoh Airport,NPO,ID,Nanga Pinoh-Borneo Island,medium_airport,-0.34864,111.746155
Rahadi Osman Airport,KTG,ID,Ketapang,medium_airport,-1.817165,109.963469
Ranai Airport,NTX,ID,Ranai-Natuna Besar Island,medium_airport,3.90871,108.388
Supadio International Airport,PNK,ID,Pontianak,large_airport,-0.152258,109.404493
Pangsuma Airport,PSU,ID,Putussibau-Borneo Island,medium_airport,0.834579,112.940217
Tebelian Airport,SQG,ID,Sintang,medium_airport,-0.045214,111.458049
Depati Amir Airport,PGK,ID,Pangkal Pinang,medium_airport,-2.1622,106.139
Fatmawati Soekarno Airport,BKS,ID,Bengkulu,medium_airport,-3.8637,102.338997
Sultan Mahmud Badaruddin II Airport,PLM,ID,Palembang,medium_airport,-2.897653,104.698147
Pendopo Airport,PDO,ID,Talang Gudang-Sumatra Island,medium_airport,-3.2860701084136963,103.87999725341795
Minangkabau International Airport,PDG,ID,Padang (Katapiang),medium_airport,-0.785964,100.280384
Cut Nyak Dhien Airport,MEQ,ID,Kuala Pesisir,medium_airport,4.040998,96.253312
Rembele Airport,TXE,ID,Takengon,medium_airport,4.72113,96.851943
Lhok Sukon Airport,LSX,ID,Lhok Sukon-Sumatra Island,medium_airport,5.06951,97.259201
Sultan Iskandar Muda International Airport,BTJ,ID,Banda Aceh,large_airport,5.525087,95.41997
Tioman Airport,TOD,MY,Tioman Island,medium_airport,2.81818,104.160004
Sultan Abdul Halim Airport,AOR,MY,Alor Satar,medium_airport,6.189670085906982,100.39800262451172
RMAF Butterworth Air Base,BWH,MY,Butterworth,medium_airport,5.46592,100.390999
Sultan Ismail Petra Airport,KBR,MY,Kota Baharu,medium_airport,6.1668500900268555,102.29299926757812
Kuantan Airport,KUA,MY,Kuantan,medium_airport,3.7753899097442623,103.20899963378906
Kerteh Airport,KTE,MY,Kerteh,medium_airport,4.53722,103.427002
Sultan Azlan Shah Airport,IPH,MY,Ipoh,large_airport,4.56733,101.091643
Senai International Airport,JHB,MY,Johor Bahru,large_airport,1.64131,103.669998
Kuala Lumpur International Airport,KUL,MY,Sepang,large_airport,2.74558,101.709999
Langkawi International Airport,LGK,MY,Langkawi,large_airport,6.32973,99.728699
Malacca International Airport,MKZ,MY,Malacca,medium_airport,2.265613,102.252778
Sultan Mahmud Airport,TGG,MY,Kuala Terengganu,medium_airport,5.3826398849487305,103.10299682617188
Penang International Airport,PEN,MY,Penang,large_airport,5.296303,100.276185
Sultan Abdul Aziz Shah International Airport,SZB,MY,Subang,large_airport,3.13058,101.549004
"Commander in Chief of FALINTIL, Kay Rala Xanana Gusmão, International Airport",UAI,TL,Suai,medium_airport,-9.301856,125.286302
Presidente Nicolau Lobato International Airport,DIL,TL,Dili,large_airport,-8.546562,125.524507
Baucau Airport,BCH,TL,Baucau,medium_airport,-8.486479,126.399981
Oecusse Route of the Sandalwood International Airport,OEC,TL,Oecussi-Ambeno,large_airport,-9.198419,124.337873
Paya Lebar Air Base,QPG,SG,Paya Lebar,medium_airport,1.36042,103.910004
Tengah Air Base,TGA,SG,Western Water Catchment,medium_airport,1.387561,103.708291
Seletar Airport,XSP,SG,Seletar,medium_airport,1.41555,103.86673
Singapore Changi Airport,SIN,SG,Singapore,large_airport,1.35019,103.994003
Albany Airport,ALH,AU,Albany,medium_airport,-34.943333,117.808889
Ararat Airport,ARY,AU,Ararat,medium_airport,-37.309978,142.988688
Armidale Airport,ARM,AU,Armidale,medium_airport,-30.528099060099997,151.617004395
Ayers Rock Connellan Airport,AYQ,AU,Yulara,medium_airport,-25.185913,130.97703
Barcaldine Airport,BCI,AU,Barcaldine,medium_airport,-23.566268,145.302086
Alice Springs Airport,ASP,AU,Alice Springs,medium_airport,-23.806588,133.903427
Brisbane International Airport,BNE,AU,Brisbane,large_airport,-27.384199142456055,153.11700439453125
Gold Coast Airport,OOL,AU,Gold Coast,large_airport,-28.165962,153.506641
Blackall Airport,BKQ,AU,Blackall,medium_airport,-24.431678,145.429716
Cairns International Airport,CNS,AU,Cairns,large_airport,-16.878921,145.74948
Charleville Airport,CTL,AU,Charleville,medium_airport,-26.4132995605,146.261993408
Birdsville Airport,BVI,AU,,medium_airport,-25.897499084472656,139.34800720214844
Broken Hill Airport,BHQ,AU,Broken Hill,medium_airport,-32.0013999939,141.472000122
Hamilton Island Airport,HTI,AU,Hamilton Island,medium_airport,-20.3581008911,148.95199585
Bedourie Airport,BEU,AU,Bedourie,medium_airport,-24.3461,139.460007
Bourke Airport,BRK,AU,,medium_airport,-30.03919982910156,145.95199584960938
Benalla Airport,BLN,AU,Benalla,medium_airport,-36.551899,146.007004
Mount Isa Airport,ISA,AU,Mount Isa,medium_airport,-20.66638,139.488468
Mackay Airport,MKY,AU,Mackay,medium_airport,-21.170816,149.182588
Ballina Byron Gateway Airport,BNK,AU,Ballina,medium_airport,-28.833236,153.561471
Bairnsdale Airport,BSJ,AU,Bairnsdale,medium_airport,-37.887539,147.569379
Oakey Army Aviation Centre,OKY,AU,,medium_airport,-27.409262,151.736727
Boulia Airport,BQL,AU,,medium_airport,-22.913299560546875,139.89999389648438
Proserpine Whitsunday Coast Airport,PPP,AU,Proserpine,medium_airport,-20.494416,148.553583
Rockhampton Airport,ROK,AU,Rockhampton,medium_airport,-23.380019,150.475359
Broome International Airport,BME,AU,Broome,large_airport,-17.949194,122.2283
Balranald Airport,BZD,AU,,medium_airport,-34.624834,143.577114
Brewarrina Airport,BWQ,AU,,medium_airport,-29.975792,146.81438
Sunshine Coast Airport,MCY,AU,Maroochydore,large_airport,-26.593324,153.08319
Bathurst Airport,BHS,AU,Bathurst,medium_airport,-33.406817,149.651161
Bathurst Island Airport,BRT,AU,Wurrumiyanga,medium_airport,-11.764966,130.615774
Townsville Airport / RAAF Base Townsville,TSV,AU,Townsville,medium_airport,-19.252904,146.766512
Blackwater Airport,BLT,AU,,medium_airport,-23.6031,148.807007
Bundaberg Airport,BDB,AU,Bundaberg,medium_airport,-24.905039,152.322612
Weipa Airport,WEI,AU,Weipa,medium_airport,-12.677493,141.922618
Toowoomba Wellcamp Airport,WTB,AU,Toowoomba,large_airport,-27.558332,151.793335
Carnarvon Airport,CVQ,AU,Carnarvon,medium_airport,-24.884337,113.666393
Cobar Airport,CAZ,AU,,medium_airport,-31.538299560546875,145.79400634765625
Coonabarabran Airport,COJ,AU,,medium_airport,-31.3325,149.266998
Coober Pedy Airport,CPD,AU,Coober Pedy,medium_airport,-29.038312,134.722166
Chinchilla Airport,CCL,AU,Chinchilla,medium_airport,-26.771947,150.617571
Cloncurry Airport,CNJ,AU,Cloncurry,medium_airport,-20.6686000824,140.503997803
Ceduna Airport,CED,AU,,medium_airport,-32.13059997558594,133.7100067138672
Cleve Airport,CVC,AU,,medium_airport,-33.709702,136.505005
Coffs Harbour Airport,CFS,AU,Coffs Harbour,medium_airport,-30.320601,153.115997
RAAF Base Curtin,DCN,AU,Derby,medium_airport,-17.581389,123.828333
Cooktown Airport,CTN,AU,,medium_airport,-15.443649,145.183221
Clermont Airport,CMQ,AU,,medium_airport,-22.7731,147.621002
Cunnamulla Airport,CMA,AU,,medium_airport,-28.030000686645508,145.6219940185547
Coonamble Airport,CNB,AU,,medium_airport,-30.980946,148.377833
Coen Airport,CUQ,AU,Coen,medium_airport,-13.761133,143.113311
Cooma Snowy Mountains Airport,OOM,AU,Cooma,medium_airport,-36.300445,148.972408
Corowa Airport,CWW,AU,,medium_airport,-35.994701,146.356995
Corryong Airport,CYG,AU,,medium_airport,-36.18280029296875,147.88800048828125
Cootamundra Airport,CMD,AU,,medium_airport,-34.624283,148.036641
Cowra Airport,CWT,AU,,medium_airport,-33.846894,148.648007
Dirranbandi Airport,DRN,AU,,medium_airport,-28.587912,148.217161
Derby Airport,DRB,AU,Derby,medium_airport,-17.37193,123.66221
Deniliquin Airport,DNQ,AU,Deniliquin,medium_airport,-35.5593986511,144.945999146
Devonport Airport,DPO,AU,Devonport,medium_airport,-41.1697006226,146.429992676
Dysart Airport,DYA,AU,,medium_airport,-22.6222,148.363998
Echuca Airport,ECH,AU,,medium_airport,-36.15719985961914,144.76199340820312
Elcho Island Airport,ELC,AU,Elcho Island,medium_airport,-12.019399642899998,135.570999146
Emerald Airport,EMD,AU,Emerald,medium_airport,-23.5674991608,148.179000854
Esperance Airport,EPR,AU,Esperance,medium_airport,-33.684399,121.822998
Eliwana,WHB,AU,,medium_airport,-22.428395,116.887879
Forbes Airport,FRB,AU,Forbes,medium_airport,-33.363602,147.934998
Forrest Airport,FOS,AU,,medium_airport,-30.83662,128.112811
Fitzroy Crossing Airport,FIZ,AU,,medium_airport,-18.183596,125.559783
Gunnedah Airport,GUH,AU,,medium_airport,-30.957511,150.248981
Geraldton Airport,GET,AU,Moonyoonooka,medium_airport,-28.796101,114.707001
Clarence Valley Regional Airport,GFN,AU,Grafton,medium_airport,-29.754795,153.031234
Gladstone Airport,GLT,AU,Gladstone,medium_airport,-23.869763,151.225439
Goulburn Airport,GUL,AU,,medium_airport,-34.810298919677734,149.7259979248047
Glen Innes Airport,GLI,AU,Glen Innes,medium_airport,-29.676029,151.691156
Garden Point Airport,GPN,AU,Pirlangimpi,medium_airport,-11.399686,130.425568
Groote Eylandt Airport,GTE,AU,Groote Eylandt,medium_airport,-13.972405,136.458553
Griffith Airport,GFF,AU,Griffith,medium_airport,-34.2508010864,146.067001343
Hay Airport,HXX,AU,,medium_airport,-34.531399,144.830002
Hervey Bay Airport,HVB,AU,Hervey Bay,medium_airport,-25.320127,152.880662
Horn Island Airport,HID,AU,Horn,medium_airport,-10.585636,142.29277
Halls Creek Airport,HCQ,AU,,medium_airport,-18.2339,127.669998
Hamilton Airport,HLT,AU,,medium_airport,-37.64889907836914,142.06500244140625
Mount Hotham Airport,MHU,AU,Mount Hotham,medium_airport,-37.0475006104,147.333999634
Hopetoun Airport,HTU,AU,,medium_airport,-35.715302,142.360001
Horsham Airport,HSM,AU,,medium_airport,-36.669700622558594,142.17300415039062
Inverell Airport,IVR,AU,Inverell,medium_airport,-29.888299942,151.143997192
Kerang Airport,KRA,AU,,medium_airport,-35.751399993896484,143.93899536132812
King Island Airport,KNS,AU,,medium_airport,-39.877498626708984,143.8780059814453
Kempsey Airport,KPS,AU,,medium_airport,-31.07232,152.765313
Kowanyama Airport,KWM,AU,Kowanyama,medium_airport,-15.485369,141.752572
Kingaroy Airport,KGY,AU,,medium_airport,-26.581077,151.839927
Kingscote Airport,KGC,AU,,medium_airport,-35.71390151977539,137.52099609375
Leigh Creek Airport,LGH,AU,,medium_airport,-30.598301,138.425995
Leonora Airport,LNO,AU,Leonora,medium_airport,-28.87809944152832,121.31500244140624
Lockhart River Airport,IRG,AU,Lockhart River,medium_airport,-12.7869,143.304993
Lismore Airport,LSY,AU,Lismore,medium_airport,-28.830689,153.258419
Lightning Ridge Airport,LHG,AU,,medium_airport,-29.452857,147.977146
Longreach Airport,LRE,AU,Longreach,medium_airport,-23.4342,144.279999
Leinster Airport,LER,AU,,medium_airport,-27.843299865722656,120.7030029296875
Latrobe Valley Airport,TGN,AU,Morwell,medium_airport,-38.211004,146.470817
Melbourne Avalon International Airport,AVV,AU,Geelong/Melbourne,large_airport,-38.040269,144.467196
Albury Airport,ABX,AU,East Albury,medium_airport,-36.066758,146.959148
Mareeba Airport,MRG,AU,Mareeba,medium_airport,-17.070277,145.424228
Mudgee Airport,DGE,AU,Mudgee,medium_airport,-32.564794,149.609452
Meekatharra Airport,MKR,AU,,medium_airport,-26.6117000579834,118.5479965209961
Melbourne Essendon Airport,MEB,AU,Essendon Fields,medium_airport,-37.7281,144.901993
Merimbula Airport,MIM,AU,Merimbula,medium_airport,-36.9085998535,149.901000977
Maningrida Airport,MNG,AU,Maningrida,medium_airport,-12.0560998917,134.23399353
Hobart International Airport,HBA,AU,Hobart (Cambridge),large_airport,-42.837032,147.513022
Mildura Airport,MQL,AU,Mildura,medium_airport,-34.229198455799995,142.085998535
Launceston Airport,LST,AU,Launceston (Western Junction),medium_airport,-41.544935,147.210785
Melbourne Moorabbin Airport,MBW,AU,Melbourne,medium_airport,-37.977765,145.099799
Melbourne Airport,MEL,AU,Melbourne,large_airport,-37.670732,144.837898
Mount Keith Airport,WME,AU,,medium_airport,-27.28733,120.554937
Mount Magnet Airport,MMG,AU,,medium_airport,-28.116100311279297,117.84200286865234
Moree Airport,MRZ,AU,Moree,medium_airport,-29.498899459799997,149.845001221
Moranbah Airport,MOV,AU,Moranbah,medium_airport,-22.057800293,148.07699585
Marree Airport,RRE,AU,,medium_airport,-29.6633,138.065002
Moruya Airport,MYA,AU,Moruya,medium_airport,-35.8978004456,150.143997192
Mount Gambier Airport,MGB,AU,Mount Gambier,medium_airport,-37.744382,140.780561
Narrandera Airport,NRA,AU,Narrandera,medium_airport,-34.7022018433,146.511993408
Narrabri Airport,NAA,AU,Narrabri,medium_airport,-30.3192005157,149.82699585
Ngukurr Airport,RPM,AU,,medium_airport,-14.7228,134.746994
Narromine Airport,QRM,AU,,medium_airport,-32.214699,148.225006
Normanton Airport,NTN,AU,Normanton,medium_airport,-17.68409,141.069664
Newman Airport,ZNE,AU,Newman,medium_airport,-23.4178009033,119.803001404
Orange Airport,OAG,AU,Orange,medium_airport,-33.382014,149.131262
Adelaide International Airport,ADL,AU,Adelaide,large_airport,-34.947512,138.533393
Port Augusta Airport,PUG,AU,,medium_airport,-32.506900787353516,137.7169952392578
Paraburdoo Airport,PBO,AU,Paraburdoo,medium_airport,-23.1711006165,117.745002747
Cocos (Keeling) Islands Airport,CCK,CC,West Island,large_airport,-12.192218,96.834103
Darwin International Airport / RAAF Darwin,DRW,AU,Darwin,large_airport,-12.41497,130.88185
Gove Airport,GOV,AU,Nhulunbuy,medium_airport,-12.269399642899998,136.817993164
Port Pirie Airport,PPI,AU,,medium_airport,-33.238899,137.994995
Perth Jandakot Airport,JAD,AU,Perth,medium_airport,-32.09749984741211,115.88099670410156
Karratha Airport,KTA,AU,Karratha,medium_airport,-20.712200164799995,116.773002625
Kalgoorlie Boulder Airport,KGI,AU,Broadwood,medium_airport,-30.791543,121.464586
Parkes Airport,PKE,AU,Parkes,medium_airport,-33.131401062,148.238998413
Port Keats Airport,PKT,AU,Wadeye,medium_airport,-14.249701,129.529538
East Kimberley Regional (Kununurra) Airport,KNX,AU,Kununurra,medium_airport,-15.7781,128.707993
Port Lincoln Airport,PLO,AU,Port Lincoln,medium_airport,-34.6053009033,135.880004883
Learmonth Airport,LEA,AU,Exmouth,medium_airport,-22.235201,114.090024
Port Macquarie Airport,PQQ,AU,Port Macquarie,medium_airport,-31.4358005524,152.863006592
Portland Airport,PTJ,AU,,medium_airport,-38.31809997558594,141.4709930419922
Port Hedland International Airport,PHE,AU,Port Hedland,large_airport,-20.382787,118.629789
Perth International Airport,PER,AU,Perth,large_airport,-31.94029998779297,115.96700286865234
Tindal Airport,KTR,AU,,medium_airport,-14.521100044250488,132.3780059814453
Christmas Island International Airport,XCH,CX,Flying Fish Cove,medium_airport,-10.450387,105.6911
Quilpie Airport,ULP,AU,,medium_airport,-26.609176,144.253746
Renmark Airport,RMK,AU,,medium_airport,-34.1964,140.673996
Roma Airport,RMA,AU,Roma,medium_airport,-26.545000076300003,148.774993896
Sydney Bankstown Airport,BWU,AU,Sydney,medium_airport,-33.923618,150.990792
Canberra Airport,CBR,AU,Canberra,medium_airport,-35.3069,149.195007
Camden Airport,CDU,AU,Cobbitty,medium_airport,-34.038338,150.686406
Dubbo City Regional Airport,DBO,AU,Dubbo,medium_airport,-32.2167015076,148.574996948
Shark Bay Airport,MJK,AU,Denham,medium_airport,-25.897294,113.575802
Shellharbour Airport,WOL,AU,Albion Park Rail,medium_airport,-34.5611,150.789001
Shepparton Airport,SHT,AU,,medium_airport,-36.428341,145.391473
Smithton Airport,SIO,AU,,medium_airport,-40.834999084472656,145.08399963378906
Snake Bay Airport,SNB,AU,Milikapiti,medium_airport,-11.417674,130.648481
Norfolk Island International Airport,NLK,NF,Burnt Pine,medium_airport,-29.041759,167.939474
Naval Air Station Nowra - HMAS Albatross,NOA,AU,Nowra Hill,medium_airport,-34.9466,150.542451
RAAF Base Richmond,XRH,AU,Richmond,medium_airport,-33.604652,150.783051
Sydney Kingsford Smith International Airport,SYD,AU,Sydney (Mascot),large_airport,-33.946098,151.177002
Tamworth Airport,TMW,AU,Tamworth,medium_airport,-31.077898,150.845484
Wagga Wagga Airport,WGA,AU,Forest Hill,medium_airport,-35.163484,147.46832
Swan Hill Airport,SWH,AU,,medium_airport,-35.37580108642578,143.5330047607422
Stawell Airport,SWC,AU,,medium_airport,-37.07170104980469,142.74099731445312
Telfer Airport,TEF,AU,,medium_airport,-21.715,122.228996
Temora Airport,TEM,AU,Temora,medium_airport,-34.421398,147.511993
Thargomindah Airport,XTG,AU,Thargomindah,medium_airport,-27.986368,143.812065
Tibooburra Airport,TYB,AU,,medium_airport,-29.451099,142.057999
Tumut Aerodrome,TUM,AU,Tumut,medium_airport,-35.26832,148.240526
Thangool Airport,THG,AU,Biloela,medium_airport,-24.494863,150.577967
Tennant Creek Airport,TCA,AU,Tennant Creek,medium_airport,-19.6343994140625,134.18299865722656
Taree Airport,TRO,AU,Taree,medium_airport,-31.888599,152.514008
Windorah Airport,WNR,AU,Windorah,medium_airport,-25.410641,142.668428
Wangaratta Airport,WGT,AU,Laceby,medium_airport,-36.417914,146.306896
Whyalla Airport,WYA,AU,Whyalla,medium_airport,-33.05889892578125,137.51400756835938
Warracknabeal Airport,WKB,AU,,medium_airport,-36.32109832763672,142.41900634765625
Walgett Airport,WGE,AU,,medium_airport,-30.032801,148.126007
Newcastle Airport,NTL,AU,Williamtown,large_airport,-32.796114,151.835025
Wiluna Airport,WUN,AU,,medium_airport,-26.629199981689453,120.22100067138672
West Sale Airport,SXE,AU,Sale,medium_airport,-38.090827,146.965335
Winton Airport,WIN,AU,,medium_airport,-22.36359977722168,143.08599853515625
West Wyalong Airport,WWY,AU,West Wyalong,medium_airport,-33.9371986389,147.190994263
Wynyard Airport,BWT,AU,Burnie,medium_airport,-40.997039,145.726
Young Airport,NGA,AU,,medium_airport,-34.255576,148.247118
Beijing Capital International Airport,PEK,CN,Beijing,large_airport,40.077349,116.596702
Beijing Daxing International Airport,PKX,CN,Beijing,large_airport,39.501289,116.413967
Chengde Puning Airport,CDE,CN,Chengde,medium_airport,41.1225,118.073889
Chifeng Yulong Airport,CIF,CN,Chifeng,medium_airport,42.159723,118.840971
Qinhuangdao Beidaihe Airport,BPE,CN,Qinhuangdao (Changli),medium_airport,39.666384,119.061384
Ordos Ejin Horo International Airport,DSN,CN,Ordos,large_airport,39.493514,109.8599
Datong Yungang International Airport,DAT,CN,Datong,large_airport,40.06139,113.480509
Erenhot Saiwusu International Airport,ERL,CN,Erenhot,medium_airport,43.424079,112.091081
Arxan Yi'ershi Airport,YIE,CN,Arxan,medium_airport,47.3106,119.9117
Handan Airport,HDG,CN,Handan,medium_airport,36.524824,114.424126
Hohhot Baita International Airport,HET,CN,Hohhot,large_airport,40.849658,111.824598
Holingol Huolinhe Airport,HUO,CN,Holingol,medium_airport,45.487222,119.407222
Hulunbuir Hailar Airport,HLD,CN,Hailar,large_airport,49.208616,119.822301
Linfen Yaodu Airport,LFQ,CN,Linfen (Yaodu),medium_airport,36.132629,111.641236
Lüliang Dawu Airport,LLV,CN,Lüliang,medium_airport,37.683333,111.142778
Manzhouli Xijiao Airport,NZH,CN,Manzhouli,medium_airport,49.566667,117.33
Baotou Donghe International Airport,BAV,CN,Baotou,large_airport,40.560001,109.997002
Shuozhou Zirun Airport,SZH,CN,Shuozhou,medium_airport,39.273241,112.691552
Shijiazhuang Zhengding International Airport,SJW,CN,Shijiazhuang,large_airport,38.280701,114.696999
Tianjin Binhai International Airport,TSN,CN,Tianjin,large_airport,39.124401092499994,117.346000671
Tongliao Airport,TGO,CN,Tongliao,medium_airport,43.556702,122.199997
Ulanqab Jining Airport,UCB,CN,Ulanqab,medium_airport,41.130266,113.107274
Wuhai Airport,WUA,CN,Wuhai,medium_airport,39.7934,106.7993
Xilinhot Airport,XIL,CN,Xilinhot,medium_airport,43.91559982299805,115.96399688720705
Yuncheng Yanhu International Airport,YCU,CN,Yuncheng (Yanhu),large_airport,35.117823,111.034023
Taiyuan Wusu International Airport,TYN,CN,Taiyuan,large_airport,37.746899,112.627998
Bayannur Tianjitai Airport,RLK,CN,Bayannur,medium_airport,40.926358,107.74093
Zhangjiakou Ningyuan Airport,ZQZ,CN,Zhangjiakou,medium_airport,40.738664,114.933395
Zhalantun Genghis Khan Airport,NZL,CN,Zhalantun,medium_airport,47.865942,122.768662
Beihai Fucheng Airport,BHY,CN,Beihai,medium_airport,21.538659,109.293683
Baise (Bose) Bama Airport,AEB,CN,Baise (Tianyang),medium_airport,23.7206,106.959999
Changde Taohuayuan Airport,CGD,CN,Changde (Dingcheng),medium_airport,28.9189,111.639999
Huaihua Zhijiang Airport,HJJ,CN,Huaihua,medium_airport,27.443087,109.704666
Chenzhou Beihu Airport,HCZ,CN,Chenzhou,medium_airport,25.753419,112.845404
Zhangjiajie Hehua International Airport,DYG,CN,Zhangjiajie (Yongding),large_airport,29.104749,110.442786
Foshan Shadi Airport,FUO,CN,Foshan (Nanhai),medium_airport,23.0825,113.070833
Guangzhou Baiyun International Airport,CAN,CN,Guangzhou (Huadu),large_airport,23.392401,113.299004
Changsha Huanghua International Airport,CSX,CN,Changsha (Changsha),large_airport,28.189199,113.220001
Hechi Jinchengjiang Airport,HCJ,CN,Hechi (Jinchengjiang),medium_airport,24.804344,107.710819
Huizhou Pingtan Airport,HUZ,CN,Huizhou (Pingtan),medium_airport,23.049999,114.599998
Guilin Liangjiang International Airport,KWL,CN,Guilin (Lingui),large_airport,25.219828,110.039553
Yongzhou Lingling Airport,LLF,CN,Yongzhou,medium_airport,26.338661,111.610043
Nanning Wuxu International Airport,NNG,CN,Nanning (Jiangnan),large_airport,22.598071,108.181922
Jieyang Chaoshan International Airport,SWA,CN,Jieyang (Rongcheng),large_airport,23.552,116.5033
Zhuhai Jinwan Airport,ZUH,CN,Zhuhai (Jinwan),large_airport,22.006399,113.375999
Shaoyang Wugang Airport,WGN,CN,Shaoyang (Wugang),medium_airport,26.806123,110.641042
Shenzhen Bao'an International Airport,SZX,CN,Shenzhen,large_airport,22.639474,113.803262
Wuzhou Xijiang Airport,WUZ,CN,Tangbu,medium_airport,23.40316,111.09331
Yulin Fumian Airport,YLX,CN,Yulin,medium_airport,22.433042,110.119996
Yueyang Sanhe Airport,YYA,CN,Yueyang (Yueyanglou),medium_airport,29.311699,113.281574
Liuzhou Bailian Airport / Bailian Air Base,LZH,CN,Liuzhou (Liujiang),medium_airport,24.2075,109.390999
Zhanjiang Wuchuan International Airport,ZHA,CN,Zhanjiang,large_airport,21.481667,110.590278
Zhengzhou Xinzheng International Airport,CGO,CN,Zhengzhou,large_airport,34.526497,113.849165
Ezhou Huahu International Airport,EHU,CN,Ezhou,large_airport,30.341178,115.03926
Enshi Xujiaping Airport,ENH,CN,Enshi (Enshi),medium_airport,30.320299,109.485001
Guangzhou MR Air Base / Guanghua Airport,LHK,CN,Xiangyang (Laohekou),medium_airport,32.38866,111.69425
Wuhan Tianhe International Airport,WUH,CN,Wuhan (Huangpi),large_airport,30.774798,114.213723
Jingzhou Shashi Airport,SHS,CN,Jingzhou (Shashi),medium_airport,30.29281,112.44854
Luoyang Beijiao Airport,LYA,CN,Luoyang (Laocheng),large_airport,34.7411,112.388
Shennongjia Hongping Airport,HPG,CN,Shennongjia (Hongping),medium_airport,31.626,110.34
Shiyan Wudangshan Airport,WDS,CN,Shiyan (Maojian),medium_airport,32.592889,110.906296
Xiangyang Liuji Airport,XFN,CN,Xiangyang (Xiangzhou),medium_airport,32.152222,112.291666
Xinyang Minggang Airport,XAI,CN,Xinyang,medium_airport,32.540819,114.079141
Yichang Sanxia Airport,YIH,CN,Yichang (Xiaoting),medium_airport,30.554132,111.482563
Haikou Meilan International Airport,HAK,CN,Haikou (Meilan),large_airport,19.9349,110.459
Qionghai Bo'ao Airport,BAR,CN,Qionghai (Basuo),medium_airport,19.140951,110.452766
Sanya Phoenix International Airport,SYX,CN,Sanya (Tianya),large_airport,18.3029,109.412003
Orang (Chongjin) Airport,RGO,KP,Hoemun-ri,medium_airport,41.428538,129.647555
Pyongyang Sunan International Airport,FNJ,KP,Pyongyang,large_airport,39.224098,125.669998
Sondok Airport,DSO,KP,Sŏndŏng-ni,medium_airport,39.745201,127.473999
Wonsan Kalma Airport,WOS,KP,Wonsan,medium_airport,39.165219,127.487931
Dunhuang Mogao International Airport,DNH,CN,Dunhuang,large_airport,40.161953,94.812827
Haixi Delingha Airport,HXD,CN,Delingha,medium_airport,37.125286,97.268658
Golog Maqên Airport,GMQ,CN,Golog (Maqên),medium_airport,34.418066,100.301144
Golmud Airport,GOQ,CN,Golmud,medium_airport,36.4006,94.786102
Guyuan Liupanshan Airport,GYU,CN,Guyuan (Yuanzhou),medium_airport,36.078889,106.216944
Huatugou Airport,HTT,CN,Mengnai,medium_airport,38.201645,90.837843
Hanzhong Chenggu Airport,HZG,CN,Hanzhong (Chenggu),medium_airport,33.133527,107.203817
Yinchuan Hedong International Airport,INC,CN,Yinchuan,large_airport,38.322758,106.393214
Jinchang Jinchuan Airport,JIC,CN,Jinchang,medium_airport,38.542222,102.348333
Jiayuguan International Airport,JGN,CN,Jiayuguan,large_airport,39.859052,98.339344
Lanzhou Zhongchuan International Airport,LHW,CN,Lanzhou (Yongdeng),large_airport,36.515202,103.620003
Longnan Chengzhou Airport,LNL,CN,Longnan (Cheng),medium_airport,33.789918,105.790014
Qingyang Xifeng Airport,IQN,CN,Qingyang (Xifeng),medium_airport,35.802638,107.598896
Xi'an Xiguan Airport,SIA,CN,Xi'an (Baqiao),medium_airport,34.376701,109.120003
Tianshui Maijishan Airport,THQ,CN,Tianshui (Maiji),medium_airport,34.5601,105.860343
Gannan Xiahe Airport,GXH,CN,Gannan (Xiahe),medium_airport,34.819014,102.622261
Xining Caojiabao International Airport,XNN,CN,Haidong (Huzhu Tu Autonomous County),large_airport,36.52775,102.040215
Xi'an Xianyang International Airport,XIY,CN,Xianyang (Weicheng),large_airport,34.447102,108.751999
Yan'an Nanniwan Airport,ENY,CN,Yan'an (Baota),medium_airport,36.479413,109.464083
Yulin Yuyang Airport,UYN,CN,Yulin,medium_airport,38.35971,109.590927
Yushu Batang Airport,YUS,CN,Yushu (Batang),medium_airport,32.836389,97.036389
Zhongwei Shapotou Airport,ZHY,CN,Zhongwei (Shapotou),medium_airport,37.573125,105.154454
Zhangye Ganzhou Airport,YZY,CN,Zhangye (Ganzhou),medium_airport,38.801899,100.675003
Kalumbila Airport,UMB,ZM,Kalumbila,medium_airport,-12.25358,25.44432
Arvaikheer Airport,AVK,MN,Arvaikheer,medium_airport,46.250301361083984,102.802001953125
Altai Airport,LTI,MN,Altai,medium_airport,46.37639999389648,96.22109985351562
Bayankhongor Airport,BYN,MN,Bayankhongor,medium_airport,46.1633,100.704002
Bulgan Airport,UGA,MN,Bulgan,medium_airport,48.85499954223633,103.47599792480467
Baruun Urt Airport,UUN,MN,,medium_airport,46.660301208496094,113.28500366210938
Choibalsan Airport,COQ,MN,,medium_airport,48.135381,114.647231
Ulaanbaatar Chinggis Khaan International Airport,UBN,MN,Ulaanbaatar (Sergelen),large_airport,47.646916,106.819833
Dalanzadgad Airport,DLZ,MN,Dalanzadgad,medium_airport,43.608628,104.367734
Khovd Airport,HVD,MN,Khovd,medium_airport,47.954102,91.628197
Mörön Airport,MXV,MN,Mörön,medium_airport,49.663677,100.100028
Buyant-Ukhaa International Airport,ULN,MN,Ulaanbaatar,large_airport,47.843102,106.766998
Ulaangom Airport,ULO,MN,Ulaangom,medium_airport,50.066588,91.938273
Ölgii Mongolei International Airport,ULG,MN,Ölgii,medium_airport,48.993301,89.922501
Baoshan Yunrui Airport,BSD,CN,Baoshan (Longyang),medium_airport,25.053301,99.168297
Cangyuan Washan Airport,CWJ,CN,Lincang (Cangyuan),medium_airport,23.276331,99.373169
Dali Fengyi Airport,DLU,CN,Dali (Xiaguan),medium_airport,25.649401,100.319
Diqing Shangri-La Airport,DIG,CN,Diqing (Shangri-La),medium_airport,27.7936,99.6772
Xishuangbanna Gasa International Airport,JHG,CN,Jinghong (Gasa),large_airport,21.974648,100.762224
Lancang Jingmai Airport,JMJ,CN,Pu'er (Lancang),medium_airport,22.417733,99.784012
Lincang Boshang Airport,LNJ,CN,Lincang,medium_airport,23.7381,100.025002
Lijiang Sanyi International Airport,LJG,CN,Lijiang,large_airport,26.677483,100.244944
Dehong Mangshi International Airport,LUM,CN,Dehong (Mangshi),medium_airport,24.4011,98.5317
Kunming Changshui International Airport,KMG,CN,Kunming,large_airport,25.110313,102.936743
Yuanmou Air Base,YUA,CN,Chuxiong (Yuanmou),medium_airport,25.737499,101.882004
Xiamen Gaoqi International Airport,XMN,CN,Xiamen,large_airport,24.543889,118.127454
Anqing Tianzhushan Airport / Anqing North Air Base,AQG,CN,Anqing,medium_airport,30.582199,117.050003
Bengbu Renheji Airport,BFU,CN,Bengbu,medium_airport,32.847733,117.320244
Changzhou Benniu International Airport,CZX,CN,Changzhou,medium_airport,31.920485,119.77546
Nanchang Changbei International Airport,KHN,CN,Nanchang,large_airport,28.864815,115.90271
Dongying Shengli Airport,DOY,CN,Dongying (Kenli),medium_airport,37.50137,118.789863
Fuyang Xiguan Airport,FUG,CN,"Yingzhou, Fuyang",medium_airport,32.882157,115.734364
Fuzhou Changle International Airport,FOC,CN,Fuzhou (Changle),large_airport,25.929254,119.672524
Hangzhou Xiaoshan International Airport,HGH,CN,Hangzhou,large_airport,30.23609,120.428865
Heze Mudan Airport,HZA,CN,Heze (Dingtao),medium_airport,35.212972,115.736748
Jingdezhen Luojia Airport,JDZ,CN,Jingdezhen,medium_airport,29.3386,117.176003
Jining Da'an Airport,JNG,CN,Jining,medium_airport,35.647358,116.743269
Jinan Yaoqiang International Airport,TNA,CN,Jinan (Licheng),large_airport,36.857201,117.216003
Quzhou Airport,JUZ,CN,Quzhou (Kezheng),medium_airport,28.96613,118.898793
Lianyungang Huaguoshan International Airport,LYG,CN,Lianyungang,large_airport,34.41406,119.17899
Liancheng Guanzhishan Airport,LCX,CN,Longyan (Liancheng),medium_airport,25.67592,116.745907
Taizhou Luqiao Airport,HYN,CN,Taizhou (Luqiao),medium_airport,28.562201,121.429001
Linyi Qiyang Airport,LYI,CN,Linyi (Hedong),medium_airport,35.052918,118.411828
Ningbo Lishe International Airport,NGB,CN,Ningbo,large_airport,29.82670021057129,121.46199798583984
Nanjing Lukou International Airport,NKG,CN,Nanjing,large_airport,31.735032,118.865949
Nantong Xingdong International Airport,NTG,CN,Nantong (Tongzhou),medium_airport,32.073566,120.980076
Hefei Xinqiao International Airport,HFE,CN,Hefei,large_airport,31.98779,116.9769
Shanghai Pudong International Airport,PVG,CN,Shanghai (Pudong),large_airport,31.1434,121.805
Qingdao Jiaodong International Airport,TAO,CN,Qingdao (Jiaozhou),large_airport,36.361953,120.088171
Quanzhou Jinjiang International Airport,JJN,CN,Quanzhou,large_airport,24.795855,118.588599
Rugao Air Base,RUG,CN,Rugao (Nantong),medium_airport,32.258341,120.501131
Rizhao Shanzihe Airport,RIZ,CN,Rizhao (Donggang),medium_airport,35.405033,119.324403
Huai'an Lianshui Airport,HIA,CN,Huai'an,large_airport,33.792712,119.126657
Sanming Shaxian Airport,SQJ,CN,Sanming (Sha),medium_airport,26.4263,117.8336
Shangrao Sanqingshan Airport,SQD,CN,Shangrao (Hengfeng),medium_airport,28.3797,117.9643
Shanghai Hongqiao International Airport,SHA,CN,Shanghai (Minhang),large_airport,31.198104,121.33426
Suzhou Guangfu Airport,SZV,CN,Suzhou,medium_airport,31.2631,120.401001
Huangshan Tunxi International Airport,TXN,CN,Huangshan,large_airport,29.733299,118.255997
Wuhu Xuanzhou Airport,WHA,CN,Wuhu,medium_airport,31.1045,118.66687
Weifang Nanyuan Airport,WEF,CN,Weifang (Kuiwen),medium_airport,36.646702,119.119003
Weihai Dashuibo Airport,WEH,CN,Weihai,medium_airport,37.187099,122.228996
Sunan Shuofang International Airport,WUX,CN,Wuxi,large_airport,31.496952,120.43038
Nanping Wuyishan Airport,WUS,CN,Wuyishan,medium_airport,27.7019,118.000999
Wenzhou Longwan International Airport,WNZ,CN,Wenzhou (Longwan),large_airport,27.910572,120.853465
Xuzhou Guanyin International Airport,XUZ,CN,Xuzhou,medium_airport,34.059056,117.555278
Yangzhou Taizhou Airport,YTY,CN,Yangzhou,medium_airport,32.5634,119.7198
Yichun Mingyueshan Airport,YIC,CN,Yichun,medium_airport,27.8025,114.3062
Yancheng Nanyang International Airport,YNZ,CN,Yancheng (Tinghu),large_airport,33.428317,120.20545
Yantai Penglai International Airport,YNT,CN,Yantai,large_airport,37.659724,120.978124
Yiwu Airport,YIW,CN,Yiwu/Jinhua,large_airport,29.342095,120.03116
Zhoushan Putuoshan International Airport,HSN,CN,Zhoushan,large_airport,29.933874,122.362307
Ngari Gunsa Airport,NGQ,CN,Shiquanhe,medium_airport,32.09794,80.053971
Anshun Huangguoshu Airport,AVA,CN,Anshun (Xixiu),medium_airport,26.260556,105.873333
Qamdo Bangda Airport,BPX,CN,Bangda,medium_airport,30.553600311279297,97.1082992553711
Bijie Feixiong Airport,BFJ,CN,Bijie,medium_airport,27.267066,105.472097
Chongqing Jiangbei International Airport,CKG,CN,Chongqing,large_airport,29.712254,106.651895
Dazhou Jinya Airport,DZH,CN,Dazhou (Dachuan),medium_airport,31.048815,107.435646
Daocheng Yading Airport,DCY,CN,Garzê (Daocheng),medium_airport,29.31632,100.060317
Tongren Dejiang Airport (Under Construction),DEJ,CN,Tongren,medium_airport,28.121,108.1631
Guanghan Airport,GHN,CN,Deyang (Guanghan),medium_airport,30.9485,104.3296
Guangyuan Panlong Airport,GYS,CN,Guangyuan (Lizhou),medium_airport,32.390254,105.694571
Guiyang Longdongbao International Airport,KWE,CN,Guiyang (Nanming),large_airport,26.541805,106.80402
Hongyuan Airport,AHJ,CN,Ngawa (Hongyuan),medium_airport,32.53154,102.35224
Jiuzhai Huanglong Airport,JZH,CN,Ngawa (Songpan),medium_airport,32.853333,103.682222
Kangding Airport,KGT,CN,Garzê (Kangding),medium_airport,30.142464,101.73872
Kaili Huangping Airport,KJH,CN,Kaili  (Huangping),medium_airport,26.972,107.988
Lhasa Gonggar International Airport,LXA,CN,Shannan (Gonggar),large_airport,29.298001,90.911951
Luzhou Yunlong Airport,LZO,CN,Luzhou (Yunlong),medium_airport,29.030357,105.468407
Zunyi Maotai Airport,WMT,CN,Zunyi,medium_airport,27.961837,106.435416
Mianyang Nanjiao Airport,MIG,CN,Mianyang (Fucheng),medium_airport,31.428101,104.740997
Liping Airport,HZH,CN,Liping,medium_airport,26.32217,109.1499
Nyingchi Mainling Airport,LZY,CN,Nyingchi (Mainling),medium_airport,29.303301,94.335297
Liupanshui Yuezhao Airport,LPF,CN,Liupanshui (Zhongshan),medium_airport,26.609417,104.979
Qianjiang Wulingshan Airport,JIQ,CN,Qianjiang,medium_airport,29.5133333333,108.831111111
Xigaze Peace Airport / Shigatse Air Base,RKZ,CN,Xigazê (Samzhubzê),large_airport,29.350876,89.299157
Tengchong Tuofeng Airport,TCZ,CN,Baoshan (Tengchong),medium_airport,24.938056,98.485833
Chengdu Tianfu International Airport,TFU,CN,Chengdu (Jianyang),large_airport,30.31252,104.441284
Tongren Fenghuang Airport,TEN,CN,Tongren (Daxing),medium_airport,27.883333,109.308889
Chengdu Shuangliu International Airport,CTU,CN,Chengdu (Shuangliu),large_airport,30.558257,103.945966
Chongqing Xiannüshan Airport,CQW,CN,Wulong,medium_airport,29.465658,107.693664
Xichang Qingshan Airport,XIC,CN,Liangshan (Xichang),medium_airport,27.9891,102.183998
Yibin Wuliangye Airport,YBP,CN,Yibin (Cuiping),medium_airport,28.858431,104.526157
Xingyi Wanfenglin Airport,ACX,CN,Xingyi,medium_airport,25.083423,104.960804
Panzhihua Bao'anying Airport,PZI,CN,Panzhihua (Renhe),medium_airport,26.54,101.79852
Zunyi Xinzhou Airport,ZYI,CN,Zunyi,medium_airport,27.810723,107.247189
Aksu Hongqipo Airport,AKU,CN,Aksu (Onsu),medium_airport,41.262501,80.291702
Altay Xuedu Airport,AAT,CN,Altay,medium_airport,47.749886,88.085808
Bole Alashankou Airport,BPL,CN,Bole,medium_airport,44.895461,82.30007
Qiemo Yudu Airport,IQM,CN,Qiemo,medium_airport,38.234516,85.465462
Fuyun Koktokay Airport,FYN,CN,Fuyun,medium_airport,46.804169,89.512006
Hami Airport,HMI,CN,Hami,medium_airport,42.8414,93.669197
Korla Licheng Airport,KRL,CN,Korla,medium_airport,41.614979,86.140817
Burqin Kanas Airport,KJI,CN,Burqin,medium_airport,48.2223,86.9959
Barkol Dahe Airport,DHH,CN,Barkol,medium_airport,43.756544,93.137164
Xinyuan Nalati Airport,NLT,CN,Xinyuan,medium_airport,43.4318,83.3786
Ruoqiang Loulan Airport,RQA,CN,Ruoqiang Town,medium_airport,38.974722,88.008333
Shache Airport,QSZ,CN,Shache,medium_airport,38.24542,77.056149
Kashgar Laining International Airport,KHG,CN,Kashgar,large_airport,39.542273,76.02023
Shanshan Airport,SXJ,CN,Shanshan,medium_airport,42.911701,90.247498
Turpan Jiaohe Airport,TLQ,CN,Turpan,medium_airport,43.0308,89.0987
Hotan Airport,HTN,CN,Hotan,medium_airport,37.03850173950195,79.86489868164062
Ürümqi Tianshan International Airport,URC,CN,Ürümqi,large_airport,43.913584,87.479372
Ili Yining International Airport,YIN,CN,Ili (Yining / Ghulja),medium_airport,43.955799,81.330299
Anshan Teng'ao Airport / Anshan Air Base,AOG,CN,Anshan,medium_airport,41.105301,122.853996
Baicheng Chang'an Airport,DBC,CN,Baicheng,medium_airport,45.505278,123.019722
Changbaishan Airport,NBS,CN,Baishan,medium_airport,42.066944,127.602222
Changchun Longjia International Airport,CGQ,CN,Changchun,large_airport,43.996201,125.684998
Chaoyang Airport,CHG,CN,"Shuangta, Chaoyang",medium_airport,41.538101,120.434998
Dandong Langtou International Airport,DDG,CN,Dandong (Zhenxing),medium_airport,40.025453,124.28669
Wudalianchi Dedu Airport,DTU,CN,Heihe,medium_airport,48.441037,126.128374
Fuyuan Dongji Airport,FYJ,CN,Fuyuan,medium_airport,48.197219,134.36298
Harbin Taiping International Airport,HRB,CN,Harbin,large_airport,45.623402,126.25
Heihe Aihui Airport,HEK,CN,Heihe,medium_airport,50.171621,127.308884
Daxing'anling Elunchun Airport,JGD,CN,Jiagedaqi,medium_airport,50.371389,124.1175
Jiamusi Songjiang International Airport,JMU,CN,Jiamusi,medium_airport,46.842793,130.46426
Jiansanjiang Shidi Airport,JSJ,CN,Jiansanjiang,medium_airport,47.108248,132.65792
Jixi Xingkaihu Airport,JXA,CN,Jixi,medium_airport,45.293,131.193
Jinzhou Bay Airport,JNZ,CN,Jinzhou (Linghai),medium_airport,40.936032,121.277114
Yichun Lindu Airport,LDS,CN,Yichun,medium_airport,47.752056,129.019125
Mudanjiang Hailang International Airport,MDG,CN,Mudanjiang,medium_airport,44.525172,129.568634
Mohe Gulian Airport,OHE,CN,Mohe,medium_airport,52.916871,122.422759
Qiqihar Sanjiazi Airport,NDG,CN,Qiqihar,large_airport,47.229969,123.914179
Songyuan Chaganhu Airport,YSQ,CN,Qian Gorlos Mongol Autonomous County,medium_airport,44.931143,124.552121
Dalian Zhoushuizi International Airport,DLC,CN,Dalian (Ganjingzi),large_airport,38.965719,121.538477
Tonghua Sanyuanpu Airport,TNH,CN,Tonghua,medium_airport,42.048435,125.733963
Shenyang Taoxian International Airport,SHE,CN,Shenyang,large_airport,41.6398,123.483668
Xingcheng Air Base,XEN,CN,Huludao (Xingcheng),medium_airport,40.580328,120.700374
Yanji Chaoyangchuan Airport,YNJ,CN,Yanji,medium_airport,42.8828010559,129.451004028
Yingkou Lanqi Airport,YKH,CN,Yingkou (Laobian),medium_airport,40.542524,122.3586
